5.769286361100099564e+09;5.769185147620924950e+09;5.769080306553811073e+09;5.768971713302518845e+09;5.768859239375411987e+09;5.768742752290703773e+09;5.768622115481157303e+09;5.768497188198628426e+09;5.768367825418465614e+09;5.768233877744029045e+09;5.768095191311678886e+09;5.767951607696152687e+09;5.767802963816681862e+09;5.767649091844260216e+09;5.767489819110173225e+09;5.767324968015830040e+09;5.767154355944886208e+09;5.766977795177053452e+09;5.766795092804795265e+09;5.766606050652671814e+09;5.766410465199901581e+09;5.766208127506669044e+09;5.765998823144202232e+09;5.765782332129632950e+09;5.765558428865459442e+09;5.765326882084505081e+09;5.765087454800641060e+09;5.764839904265996933e+09;5.764583981934885979e+09;5.764319433435194969e+09;5.764045998547807693e+09;5.763763411194515228e+09;5.763471399434971809e+09;5.763169685473559380e+09;5.762857985676483154e+09;5.762536010599810600e+09;5.762203465029305458e+09;5.761860048032284737e+09;5.761505453022556305e+09;5.761139367838884354e+09;5.760761474837584496e+09;5.760371451000136375e+09;5.759968968056300163e+09;5.759553692623375893e+09;5.759125286362232208e+09;5.758683406150890350e+09;5.758227704276226997e+09;5.757757828644161224e+09;5.757273423009097099e+09;5.756774127223332405e+09;5.756259577506540298e+09;5.755729406736162186e+09;5.755183244758975029e+09;5.754620718724301338e+09;5.754041453439321518e+09;5.753445071746532440e+09;5.752831194924011230e+09;5.752199443108245850e+09;5.751549435740223885e+09;5.750880792034298897e+09;5.750193131470204353e+09;5.749486074308315277e+09;5.748759242127453804e+09;5.748012258385657310e+09;5.747244749003290176e+09;5.746456342968317032e+09;5.745646672962994576e+09;5.744815376011711121e+09;5.743962094149293900e+09;5.743086475108914375e+09;5.742188173028614044e+09;5.741266849175996780e+09;5.740322172689311981e+09;5.739353821334204674e+09;5.738361482274645805e+09;5.737344852856494904e+09;5.736303641402234077e+09;5.735237568015048027e+09;5.734146365390328407e+09;5.733029779632651329e+09;5.731887571076001167e+09;5.730719515104743958e+09;5.729525402973230362e+09;5.728305042620851517e+09;5.727058259480008125e+09;5.725784897274051666e+09;5.724484818801798820e+09;5.723157906705483437e+09;5.721804064218603134e+09;5.720423215889959335e+09;5.719015308280288696e+09;5.717580310627512932e+09;5.716118215476572990e+09;5.714629039269607544e+09;5.713112822892676353e+09;5.711569632174501419e+09;5.709999558332699776e+09;5.708402718363945961e+09;5.706779255373046875e+09;5.705129338837090492e+09;5.703453164800642967e+09;5.701750955997701645e+09;5.700022961897025108e+09;5.698269458666653633e+09;5.696490749055010796e+09;5.694687162185068130e+09;5.692859053259051323e+09;5.691006803171444893e+09;5.689130818028580666e+09;5.687231528573470116e+09;5.685309389514777184e+09;5.683364878760561943e+09;5.681398496556200981e+09;5.679410764528636932e+09;5.677402224637853622e+09;5.675373438038801193e+09;5.673324983856617928e+09;5.671257457879455566e+09;5.669171471173229218e+09;5.667067648624563217e+09;5.664946627417527199e+09;5.662809055451496124e+09;5.660655589707949638e+09;5.658486894574417114e+09;5.656303640134571075e+09;5.654106500434188843e+09;5.651896151732901573e+09;5.649673270752398491e+09
5.757277176322375298e+09;5.757181053372222900e+09;5.757081481288868904e+09;5.756978341322299957e+09;5.756871510990007401e+09;5.756760863984933853e+09;5.756646270082537651e+09;5.756527595047486305e+09;5.756404700540605545e+09;5.756277444025210381e+09;5.756145678674015999e+09;5.756009253276180267e+09;5.755868012145066261e+09;5.755721795026621819e+09;5.755570437009032249e+09;5.755413768433427811e+09;5.755251614806334496e+09;5.755083796713932037e+09;5.754910129738486290e+09;5.754730424377332687e+09;5.754544485964694023e+09;5.754352114596617699e+09;5.754153105059827805e+09;5.753947246764173508e+09;5.753734323679855347e+09;5.753514114279332161e+09;5.753286391484650612e+09;5.753050922620637894e+09;5.752807469374152184e+09;5.752555787760526657e+09;5.752295628097166061e+09;5.752026734984949112e+09;5.751748847298437119e+09;5.751461698184733391e+09;5.751165015072296143e+09;5.750858519689857483e+09;5.750541928096327782e+09;5.750214950721934319e+09;5.749877292421797752e+09;5.749528652542111397e+09;5.749168724999752045e+09;5.748797198375822067e+09;5.748413756024176598e+09;5.748018076194952011e+09;5.747609832174293518e+09;5.747188692440484047e+09;5.746754320837443352e+09;5.746306376765864372e+09;5.745844515392728806e+09;5.745368387879832268e+09;5.744877641631651878e+09;5.744371920563101768e+09;5.743850865387881279e+09;5.743314113927338600e+09;5.742761301440827370e+09;5.742192060977396011e+09;5.741606023749466896e+09;5.741002819528399467e+09;5.740382077062532425e+09;5.739743424517446518e+09;5.739086489938611984e+09;5.738410901736722946e+09;5.737716289195034981e+09;5.737002282999232292e+09;5.736268515788903236e+09;5.735514622731029510e+09;5.734740242114413261e+09;5.733945015964965820e+09;5.733128590681186676e+09;5.732290617689049721e+09;5.731430754115568161e+09;5.730548663480169296e+09;5.729644016402786255e+09;5.728716491327721596e+09;5.727765775261677742e+09;5.726791564525099754e+09;5.725793565514833450e+09;5.724771495476777077e+09;5.723725083286703110e+09;5.722654070237106323e+09;5.721558210828616142e+09;5.720437273562836647e+09;5.719291041735310555e+09;5.718119314225164413e+09;5.716921906279449463e+09;5.715698650288986206e+09;5.714449396552823067e+09;5.713174014028286934e+09;5.711872391063052177e+09;5.710544436106368065e+09;5.709190078395153046e+09;5.707809268611878395e+09;5.706401979510171890e+09;5.704968206504294395e+09;5.703507968218396187e+09;5.702021306991778374e+09;5.700508289335718155e+09;5.698969006338128090e+09;5.697403574011575699e+09;5.695812133580878258e+09;5.694194851706168175e+09;5.692551920637743950e+09;5.690883558298636436e+09;5.689190008291571617e+09;5.687471539827343941e+09;5.685728447570832253e+09;5.683961051402759552e+09;5.682169696094303131e+09;5.680354750892872810e+09;5.678516609017613411e+09;5.676655687063552856e+09;5.674772424314073563e+09;5.672867281961896896e+09;5.670940742239157677e+09;5.668993307458359718e+09;5.667025498965991020e+09;5.665037856011788368e+09;5.663030934537317276e+09;5.661005305887577057e+09;5.658961555451660156e+09;5.656900281236966133e+09;5.654822092384351730e+09;5.652727607630948067e+09;5.650617453728280067e+09;5.648492263824696541e+09;5.646352675820118904e+09;5.644199330703567505e+09;5.642032870882599831e+09
5.745367114622761726e+09;5.745275859902385712e+09;5.745181327030333519e+09;5.745083402880104065e+09;5.744981970751012802e+09;5.744876910278619766e+09;5.744768097344344139e+09;5.744655403984663010e+09;5.744538698300080299e+09;5.744417844363786697e+09;5.744292702130532265e+09;5.744163127345427513e+09;5.744028971453330040e+09;5.743890081508767128e+09;5.743746300086652756e+09;5.743597465194119453e+09;5.743443410183598518e+09;5.743283963667561531e+09;5.743118949435091019e+09;5.742948186370764732e+09;5.742771488375797272e+09;5.742588664292441368e+09;5.742399517831190109e+09;5.742203847501807213e+09;5.742001446548442841e+09;5.741792102888909340e+09;5.741575599059038162e+09;5.741351712162267685e+09;5.741120213824909210e+09;5.740880870157888412e+09;5.740633441725082397e+09;5.740377683519062042e+09;5.740113344944606781e+09;5.739840169810647011e+09;5.739557896331267357e+09;5.739266257135975838e+09;5.738964979290454865e+09;5.738653784327827454e+09;5.738332388291481018e+09;5.738000501789489746e+09;5.737657830062187195e+09;5.737304073062497139e+09;5.736938925550377846e+09;5.736562077201668739e+09;5.736173212732073784e+09;5.735772012036815643e+09;5.735358150346674919e+09;5.734931298400976181e+09;5.734491122637875557e+09;5.734037285402983665e+09;5.733569445176203728e+09;5.733087256818118095e+09;5.732590371835364342e+09;5.732078438666490555e+09;5.731551102987876892e+09;5.731008008040583611e+09;5.730448794978158951e+09;5.729873103235819817e+09;5.729280570921179771e+09;5.728670835226589203e+09;5.728043532863360405e+09;5.727398300517722130e+09;5.726734775328592300e+09;5.726052595386987686e+09;5.725351400256883621e+09;5.724630831517380714e+09;5.723890533325517654e+09;5.723130152999777794e+09;5.722349341623234749e+09;5.721547754666128159e+09;5.720725052626857758e+09;5.719880901690782547e+09;5.719014974405811310e+09;5.718126950373697281e+09;5.717216516955891609e+09;5.716283369992842674e+09;5.715327214535094261e+09;5.714347765584848404e+09;5.713344748846187592e+09;5.712317901482392311e+09;5.711266972878237724e+09;5.710191725405138016e+09;5.709091935187268257e+09;5.707967392865855217e+09;5.706817904359545708e+09;5.705643291617962837e+09;5.704443393365683556e+09;5.703218065833713531e+09;5.701967183475442886e+09;5.700690639663785934e+09;5.699388347366049767e+09;5.698060239793354034e+09;5.696706271020555496e+09;5.695326416573487282e+09;5.693920673979288101e+09;5.692489063276203156e+09;5.691031627479013443e+09;5.689548432995937347e+09;5.688039569993131638e+09;5.686505152703221321e+09;5.684945319673532486e+09;5.683360233950412750e+09;5.681750083196465492e+09;5.680115079736408234e+09;5.678455460529063225e+09;5.676771487062087059e+09;5.675063445166661263e+09;5.673331644750076294e+09;5.671576419443798065e+09;5.669798126165748596e+09;5.667997144595548630e+09;5.666173876561852455e+09;5.664328745342261314e+09;5.662462194875498772e+09;5.660574688887830734e+09;5.658666709934716225e+09;5.656738758360518456e+09;5.654791351179263115e+09;5.652825020880177498e+09;5.650840314162568092e+09;5.648837790605123520e+09;5.646818021275651932e+09;5.644781587287701607e+09;5.642729078311325073e+09;5.640661091045495987e+09;5.638578227661310196e+09;5.636481094223846436e+09;5.634370299102841377e+09
5.733555635201840401e+09;5.733469032411971092e+09;5.733379315151926994e+09;5.733286375699192047e+09;5.733190102910677910e+09;5.733090382135630608e+09;5.732987095127770424e+09;5.732880119957011223e+09;5.732769330920696259e+09;5.732654598454533577e+09;5.732535789043390274e+09;5.732412765132197380e+09;5.732285385036979675e+09;5.732153502856372833e+09;5.732016968383699417e+09;5.731875627019956589e+09;5.731729319687797546e+09;5.731577882746977806e+09;5.731421147911282539e+09;5.731258942167412758e+09;5.731091087696058273e+09;5.730917401795517921e+09;5.730737696808167458e+09;5.730551780050038338e+09;5.730359453744227409e+09;5.730160514958040237e+09;5.729954755544702530e+09;5.729741962089779854e+09;5.729521915862938881e+09;5.729294392775481224e+09;5.729059163343960762e+09;5.728815992660646439e+09;5.728564640371146202e+09;5.728304860659903526e+09;5.728036402243796349e+09;5.727759008374834061e+09;5.727472416852082253e+09;5.727176360043846130e+09;5.726870564920232773e+09;5.726554753097075462e+09;5.726228640891645432e+09;5.725891939390733719e+09;5.725544354531960487e+09;5.725185587198439598e+09;5.724815333328091621e+09;5.724433284037395477e+09;5.724039125761073112e+09;5.723632540407444954e+09;5.723213205530636787e+09;5.722780794519899368e+09;5.722334976806576729e+09;5.721875418089476585e+09;5.721401780578750610e+09;5.720913723259037018e+09;5.720410902172151566e+09;5.719892970719737053e+09;5.719359579986139297e+09;5.718810379082013130e+09;5.718245015508394241e+09;5.717663135542237282e+09;5.717064384642586708e+09;5.716448407878376961e+09;5.715814850376918793e+09;5.715163357794029236e+09;5.714493576804661751e+09;5.713805155614624977e+09;5.713097744492528915e+09;5.712370996321915627e+09;5.711624567172967911e+09;5.710858116893203735e+09;5.710071309716655731e+09;5.709263814890597343e+09;5.708435307319071770e+09;5.707585468222255707e+09;5.706713985810544014e+09;5.705820555972278595e+09;5.704904882973574638e+09;5.703966680169207573e+09;5.703005670722661018e+09;5.702021588333868980e+09;5.701014177972750664e+09;5.699983196616758347e+09;5.698928413990041733e+09;5.697849613302508354e+09;5.696746591985918045e+09;5.695619162424892426e+09;5.694467152680071831e+09;5.693290407200590134e+09;5.692088787523100853e+09;5.690862172954250336e+09;5.689610461233320236e+09;5.688333569172032356e+09;5.687031433267739296e+09;5.685704010286858559e+09;5.684351277814743042e+09;5.682973234768415451e+09;5.681569901868288994e+09;5.680141322065471649e+09;5.678687560920484543e+09;5.677208706929905891e+09;5.675704871797209740e+09;5.674176190643965721e+09;5.672622822158210754e+09;5.671044948676313400e+09;5.669442776195175171e+09;5.667816534312036514e+09;5.666166476088611603e+09;5.664492877837905884e+09;5.662796038830623627e+09;5.661076280920566559e+09;5.659333948086708069e+09;5.657569405891715050e+09;5.655783040856691360e+09;5.653975259751661301e+09;5.652146488803468704e+09;5.650297172821726799e+09;5.648427774245366096e+09;5.646538772112172127e+09;5.644630660954601288e+09;5.642703949626134872e+09;5.640759160062602043e+09;5.638796825983854294e+09;5.636817491541897774e+09;5.634821709922062874e+09;5.632810041904269218e+09;5.630783054392448425e+09;5.628741318920395851e+09;5.626685410142581940e+09
5.721842014573309898e+09;5.721759853562565804e+09;5.721674734643994331e+09;5.721586555283308029e+09;5.721495209674321175e+09;5.721400588654493332e+09;5.721302579619726181e+09;5.721201066438408852e+09;5.721095929365132332e+09;5.720987044953848839e+09;5.720874285970856667e+09;5.720757521307652473e+09;5.720636615893867493e+09;5.720511430610409737e+09;5.720381822203158379e+09;5.720247643197098732e+09;5.720108741811506271e+09;5.719964961876197815e+09;5.719816142749037743e+09;5.719662119235165596e+09;5.719502721508078575e+09;5.719337775032899857e+09;5.719167100492259026e+09;5.718990513714883804e+09;5.718807825607550621e+09;5.718618842090464592e+09;5.718423364036723137e+09;5.718221187216089249e+09;5.718012102243535042e+09;5.717795894533058167e+09;5.717572344257182121e+09;5.717341226312583923e+09;5.717102310292392731e+09;5.716855360465703964e+09;5.716600135764593124e+09;5.716336389779598236e+09;5.716063870763765335e+09;5.715782321646074295e+09;5.715491480054773331e+09;5.715191078351246834e+09;5.714880843674780846e+09;5.714560497999112129e+09;5.714229758201230049e+09;5.713888336142971039e+09;5.713535938766069412e+09;5.713172268201267242e+09;5.712797021892078400e+09;5.712409892733605385e+09;5.712010569227468491e+09;5.711598735652669907e+09;5.711174072253512383e+09;5.710736255444945335e+09;5.710284958035726547e+09;5.709819849469747543e+09;5.709340596086349487e+09;5.708846861399747849e+09;5.708338306397635460e+09;5.707814589860133171e+09;5.707275368698345184e+09;5.706720298313358307e+09;5.706149032975691795e+09;5.705561226225351334e+09;5.704956531292222977e+09;5.704334601537268639e+09;5.703695090914026260e+09;5.703037654450352669e+09;5.702361948750362396e+09;5.701667632515876770e+09;5.700954367087199211e+09;5.700221817002893448e+09;5.699469650577347755e+09;5.698697540496309280e+09;5.697905164428835869e+09;5.697092205655193329e+09;5.696258353709780693e+09;5.695403305037485123e+09;5.694526763663037300e+09;5.693628441871230125e+09;5.692708060897216797e+09;5.691765351624963760e+09;5.690800055292204857e+09;5.689811924200403214e+09;5.688800722427255630e+09;5.687766226540101051e+09;5.686708226307954788e+09;5.685626525409607887e+09;5.684520942135526657e+09;5.683391310081050873e+09;5.682237478827789307e+09;5.681059314610720634e+09;5.679856700967790604e+09;5.678629539369074821e+09;5.677377749822052002e+09;5.676101271449999809e+09;5.674800063039772034e+09;5.673474103555744171e+09;5.672123392616219521e+09;5.670747950928869247e+09;5.669347820681468010e+09;5.667923065884301186e+09;5.666473772660985947e+09;5.665000049483735085e+09;5.663502027350076675e+09;5.661979859897325516e+09;5.660433723452027321e+09;5.658863817011178017e+09;5.657270362152565956e+09;5.655653602871694565e+09;5.654013805343347549e+09;5.652351257605723381e+09;5.650666269165890694e+09;5.648959170525412560e+09;5.647230312625905991e+09;5.645480066214050293e+09;5.643708821127082825e+09;5.641916985499339104e+09;5.640104984891787529e+09;5.638273261346880913e+09;5.636422272371374130e+09;5.634552489850782394e+09;5.632664398899821281e+09;5.630758496653266907e+09;5.628835291003201485e+09;5.626895299288199425e+09;5.624939046941706657e+09;5.622967066106170654e+09;5.620979894221516609e+09;5.618978072595351219e+09
5.710225353946385384e+09;5.710147430831089973e+09;5.710066699438872337e+09;5.709983062211831093e+09;5.709896418464042664e+09;5.709806664299686432e+09;5.709713692530482292e+09;5.709617392592259407e+09;5.709517650460985184e+09;5.709414348568324089e+09;5.709307365716856003e+09;5.709196576994854927e+09;5.709081853691329956e+09;5.708963063210937500e+09;5.708840068989191055e+09;5.708712730408125877e+09;5.708580902712738037e+09;5.708444436928177834e+09;5.708303179778087616e+09;5.708156973604301453e+09;5.708005656288270950e+09;5.707849061174204826e+09;5.707687016994571686e+09;5.707519347798092842e+09;5.707345872880448341e+09;5.707166406718357086e+09;5.706980758907126427e+09;5.706788734102070808e+09;5.706590131964387894e+09;5.706384747111729622e+09;5.706172369073910713e+09;5.705952782254248619e+09;5.705725765897227287e+09;5.705491094062262535e+09;5.705248535605111122e+09;5.704997854166375160e+09;5.704738808168488503e+09;5.704471150821014404e+09;5.704194630135494232e+09;5.703908988949772835e+09;5.703613964962680817e+09;5.703309290779911995e+09;5.702994693970889091e+09;5.702669897138131142e+09;5.702334617998901367e+09;5.701988569480459213e+09;5.701631459828729630e+09;5.701262992731617928e+09;5.700882867457154274e+09;5.700490779007075310e+09;5.700086418286573410e+09;5.699669472290368080e+09;5.699239624305967331e+09;5.698796554134395599e+09;5.698339938328778267e+09;5.697869450451313019e+09;5.697384761348890305e+09;5.696885539447879791e+09;5.696371451068136215e+09;5.695842160756480217e+09;5.695297331640120506e+09;5.694736625799809456e+09;5.694159704662916183e+09;5.693566229416708946e+09;5.692955861441179276e+09;5.692328262761877060e+09;5.691683096522351265e+09;5.691020027475677490e+09;5.690338722495287895e+09;5.689638851103894234e+09;5.688920086020741463e+09;5.688182103726071358e+09;5.687424585042300224e+09;5.686647215731035233e+09;5.685849687105051041e+09;5.685031696654246330e+09;5.684192948684329033e+09;5.683333154967301369e+09;5.682452035402015686e+09;5.681549318683625221e+09;5.680624742980401993e+09;5.679678056615941048e+09;5.678709018755190849e+09;5.677717400092394829e+09;5.676702983538567543e+09;5.675665564906814575e+09;5.674604953592643738e+09;5.673520973247171402e+09;5.672413462440753937e+09;5.671282275313804626e+09;5.670127282212647438e+09;5.668948370306996346e+09;5.667745444186377525e+09;5.666518426432023048e+09;5.665267258161275864e+09;5.663991899541137695e+09;5.662692330267515182e+09;5.661368550006954193e+09;5.660020578797101021e+09;5.658648457402724266e+09;5.657252247624036789e+09;5.655832032553119659e+09;5.654387916776290894e+09;5.652920026518322945e+09;5.651428509725657463e+09;5.649913536086002350e+09;5.648375296981059074e+09;5.646814005370541573e+09;5.645229895604616165e+09;5.643623223163466454e+09;5.641994264322038651e+09;5.640343315738993645e+09;5.638670693969230652e+09;5.636976734899523735e+09;5.635261793107671738e+09;5.633526241145940781e+09;5.631770468749969482e+09;5.629994881975152969e+09;5.628199902263121605e+09;5.626385965441133499e+09;5.624553520658333778e+09;5.622703029263218880e+09;5.620834963627120972e+09;5.618949805919444084e+09;5.617048046840740204e+09;5.615130184320179939e+09;5.613196722184922218e+09;5.611248168808936119e+09
5.698704587245290756e+09;5.698630704502116203e+09;5.698554156374883652e+09;5.698474850074568748e+09;5.698392689823133469e+09;5.698307576774346352e+09;5.698219408933698654e+09;5.698128081077559471e+09;5.698033484671700478e+09;5.697935507789051056e+09;5.697834035027281761e+09;5.697728947425751686e+09;5.697620122382483482e+09;5.697507433570983887e+09;5.697390750857157707e+09;5.697269940216691971e+09;5.697144863652621269e+09;5.697015379113816261e+09;5.696881340414349556e+09;5.696742597153767586e+09;5.696598994639065742e+09;5.696450373808010101e+09;5.696296571154487610e+09;5.696137418656060219e+09;5.695972743703970909e+09;5.695802369036084175e+09;5.695626112672800064e+09;5.695443787856689453e+09;5.695255202996006966e+09;5.695060161612319946e+09;5.694858462293100357e+09;5.694649898649209023e+09;5.694434259278143883e+09;5.694211327733113289e+09;5.693980882498823166e+09;5.693742696974108696e+09;5.693496539461988449e+09;5.693242173168027878e+09;5.692979356206757545e+09;5.692707841617636681e+09;5.692427377390241623e+09;5.692137706499892235e+09;5.691838566953822136e+09;5.691529691848745346e+09;5.691210809440191269e+09;5.690881643224445343e+09;5.690541912033143997e+09;5.690191330141819954e+09;5.689829607392254829e+09;5.689456449329638481e+09;5.689071557354813576e+09;5.688674628892341614e+09;5.688265357574563980e+09;5.687843433442553520e+09;5.687408543163979530e+09;5.686960370268640518e+09;5.686498595401803970e+09;5.686022896595902443e+09;5.685532949560688019e+09;5.685028427992294312e+09;5.684509003901349068e+09;5.683974347960127831e+09;5.683424129869348526e+09;5.682858018743879318e+09;5.682275683518229485e+09;5.681676793371015549e+09;5.681061018168632507e+09;5.680428028927845955e+09;5.679777498296908379e+09;5.679109101054973602e+09;5.678422514629162788e+09;5.677717419628937721e+09;5.676993500396845818e+09;5.676250445575411797e+09;5.675487948688624382e+09;5.674705708737934113e+09;5.673903430810873032e+09;5.673080826701992035e+09;5.672237615544170380e+09;5.671373524449363708e+09;5.670488289157377243e+09;5.669581654690616608e+09;5.668653376013748169e+09;5.667703218695922852e+09;5.666730959574093819e+09;5.665736387414928436e+09;5.664719303573493004e+09;5.663679522646267891e+09;5.662616873116048813e+09;5.661531197986344337e+09;5.660422355402454376e+09;5.659290219256580353e+09;5.658134679774152756e+09;5.656955644078188896e+09;5.655753036729025841e+09;5.654526800235833168e+09;5.653276895537061691e+09;5.652003302446594238e+09;5.650706020061950684e+09;5.649385067131789207e+09;5.648040482378917694e+09;5.646672324775954247e+09;5.645280673770172119e+09;5.643865629454495430e+09;5.642427312681746483e+09;5.640965865119097710e+09;5.639481449240116119e+09;5.637974248252057076e+09;5.636444465955850601e+09;5.634892326537299156e+09;5.633318074287341118e+09;5.631721973250617027e+09;5.630104306801040649e+09;5.628465377144186020e+09;5.626805504746417999e+09;5.625125027691287041e+09;5.623424300964122772e+09;5.621703695666478157e+09;5.619963598162670135e+09;5.618204409160771370e+09;5.616426542731692314e+09;5.614630425270106316e+09;5.612816494401743889e+09;5.610985197841955185e+09;5.609136992211440086e+09;5.607272341815192223e+09;5.605391717391355515e+09;5.603495594837157249e+09
5.687278489705673218e+09;5.687208456238169670e+09;5.687135893739491463e+09;5.687060713986623764e+09;5.686982825901699066e+09;5.686902135475516319e+09;5.686818545689941406e+09;5.686731956439714432e+09;5.686642264453210831e+09;5.686549363212802887e+09;5.686453142874622345e+09;5.686353490187713623e+09;5.686250288413095474e+09;5.686143417242497444e+09;5.686032752717224121e+09;5.685918167146983147e+09;5.685799529029160500e+09;5.685676702968515396e+09;5.685549549597620010e+09;5.685417925498158455e+09;5.685281683123401642e+09;5.685140670722008705e+09;5.684994732263493538e+09;5.684843707365655899e+09;5.684687431223972321e+09;5.684525734543755531e+09;5.684358443474990845e+09;5.684185379550277710e+09;5.684006359626395226e+09;5.683821195829563141e+09;5.683629695505085945e+09;5.683431661171654701e+09;5.683226890480597496e+09;5.683015176180704117e+09;5.682796306089074135e+09;5.682570063068204880e+09;5.682336225010116577e+09;5.682094564827775002e+09;5.681844850454432487e+09;5.681586844851340294e+09;5.681320306024425507e+09;5.681044987050391197e+09;5.680760636112815857e+09;5.680466996548787117e+09;5.680163806906672478e+09;5.679850801015478134e+09;5.679527708066454887e+09;5.679194252707479477e+09;5.678850155150610924e+09;5.678495131293584824e+09;5.678128892855696678e+09;5.677751147528381348e+09;5.677361599141381264e+09;5.676959947844552994e+09;5.676545890306129456e+09;5.676119119927573204e+09;5.675679327075712204e+09;5.675226199332084656e+09;5.674759421760340691e+09;5.674278677191743851e+09;5.673783646528691292e+09;5.673274009067150116e+09;5.672749442837411880e+09;5.672209624963923454e+09;5.671654232043521881e+09;5.671082940542690277e+09;5.670495427213320732e+09;5.669891369526955605e+09;5.669270446127145767e+09;5.668632337299821854e+09;5.667976725461123466e+09;5.667303295662089348e+09;5.666611736109930038e+09;5.665901738704967499e+09;5.665172999592632294e+09;5.664425219729652405e+09;5.663658105463274956e+09;5.662871369123005867e+09;5.662064729623080254e+09;5.661237913074840546e+09;5.660390653407558441e+09;5.659522692996191025e+09;5.658633783294572830e+09;5.657723685472145081e+09;5.656792171052840233e+09;5.655839022553743362e+09;5.654864034121712685e+09;5.653867012165865898e+09;5.652847775983573914e+09;5.651806158377530098e+09;5.650742006261678696e+09;5.649655181252938271e+09;5.648545560246499062e+09;5.647413035971715927e+09;5.646257517525565147e+09;5.645078930880996704e+09;5.643877219366903305e+09;5.642652344116868973e+09;5.641404284483275414e+09;5.640133038413969994e+09;5.638838622788025856e+09;5.637521073707804680e+09;5.636180446743828773e+09;5.634816817129834175e+09;5.633430279904893875e+09;5.632020949999703407e+09;5.630588962264667511e+09;5.629134471437083244e+09;5.627657652045262337e+09;5.626158698247523308e+09;5.624637823604619980e+09;5.623095260783844948e+09;5.621531261194071770e+09;5.619946094551031113e+09;5.618340048372648239e+09;5.616713427404543877e+09;5.615066552976734161e+09;5.613399762292475700e+09;5.611713407651292801e+09;5.610007855608312607e+09;5.608283486072848320e+09;5.606540691349932671e+09;5.604779875128386497e+09;5.603001451420425415e+09;5.601205843457684517e+09;5.599393482549515724e+09;5.597564806909666061e+09;5.595720260458034515e+09
5.675945686986268044e+09;5.675879318166343689e+09;5.675810550329899788e+09;5.675739299621921539e+09;5.675665479462023735e+09;5.675589000470324516e+09;5.675509770392686844e+09;5.675427694024784088e+09;5.675342673135579109e+09;5.675254606389871597e+09;5.675163389270429611e+09;5.675068913999442101e+09;5.674971069459646225e+09;5.674869741115135193e+09;5.674764810932009697e+09;5.674656157299101830e+09;5.674543654948754311e+09;5.674427174877946854e+09;5.674306584270088196e+09;5.674181746417222977e+09;5.674052520643434525e+09;5.673918762229187012e+09;5.673780322337179184e+09;5.673637047939764977e+09;5.673488781748199463e+09;5.673335362144242287e+09;5.673176623114007950e+09;5.673012394184826851e+09;5.672842500365012169e+09;5.672666762087287903e+09;5.672484995155815125e+09;5.672297010697685242e+09;5.672102615118767738e+09;5.671901610064723015e+09;5.671693792387312889e+09;5.671478954116682053e+09;5.671256882439914703e+09;5.671027359686374664e+09;5.670790163320302963e+09;5.670545065941202164e+09;5.670291835292483330e+09;5.670030234278864861e+09;5.669760020993045807e+09;5.669480948752217293e+09;5.669192766145047188e+09;5.668895217089313507e+09;5.668588040901218414e+09;5.668270972376467705e+09;5.667943741884053230e+09;5.667606075472800255e+09;5.667257694991759300e+09;5.666898318224402428e+09;5.666527659037578583e+09;5.666145427545312881e+09;5.665751330288153648e+09;5.665345070428575516e+09;5.664926347962452888e+09;5.664494859947484970e+09;5.664050300748444557e+09;5.663592362299930573e+09;5.663120734386698723e+09;5.662635104941694260e+09;5.662135160362271309e+09;5.661620585844406128e+09;5.661091065735056877e+09;5.660546283902825356e+09;5.659985924126647949e+09;5.659409670502406120e+09;5.658817207867535591e+09;5.658208222242961884e+09;5.657582401292327881e+09;5.656939434797927856e+09;5.656279015152859688e+09;5.655600837868987083e+09;5.654904602099667549e+09;5.654190011176881790e+09;5.653456773161639214e+09;5.652704601406684875e+09;5.651933215130748749e+09;5.651142340002835274e+09;5.650331708735415459e+09;5.649501061685355186e+09;5.648650147460749626e+09;5.647778723532397270e+09;5.646886556848076820e+09;5.645973424447912216e+09;5.645039114078816414e+09;5.644083424806171417e+09;5.643106167620372772e+09;5.642107166036294937e+09;5.641086256683161736e+09;5.640043289882353783e+09;5.638978130210811615e+09;5.637890657047163010e+09;5.636780765097998619e+09;5.635648364901604652e+09;5.634493383305875778e+09;5.633315763918132782e+09;5.632115467523197174e+09;5.630892472467228889e+09;5.629646775004149437e+09;5.628378389601505280e+09;5.627087349203135490e+09;5.625773705445363045e+09;5.624437528824251175e+09;5.623078908810738564e+09;5.621697953911485672e+09;5.620294791672826767e+09;5.618869568625360489e+09;5.617422450167614937e+09;5.615953620386621475e+09;5.614463281814186096e+09;5.612951655117529869e+09;5.611418978723800659e+09;5.609865508377686501e+09;5.608291516632552147e+09;5.606697292275299072e+09;5.605083139686176300e+09;5.603449378134645462e+09;5.601796341013701439e+09;5.600124375014819145e+09;5.598433839246777534e+09;5.596725104301921844e+09;5.594998551273921013e+09;5.593254570731764793e+09;5.591493561655403137e+09;5.589715930338227272e+09;5.587922089263220787e+09
5.664704664733551025e+09;5.664641782419057846e+09;5.664576624968971252e+09;5.664509112703507423e+09;5.664439163342014313e+09;5.664366691931634903e+09;5.664291610774895668e+09;5.664213829356368065e+09;5.664133254268618584e+09;5.664049789137126923e+09;5.663963334544728279e+09;5.663873787955397606e+09;5.663781043637454987e+09;5.663684992586470604e+09;5.663585522447934151e+09;5.663482517439745903e+09;5.663375858274627686e+09;5.663265422082989693e+09;5.663151082335876465e+09;5.663032708768490791e+09;5.662910167304501534e+09;5.662783319981268883e+09;5.662652024876137733e+09;5.662516136034141541e+09;5.662375503397315979e+09;5.662229972735968590e+09;5.662079385581937790e+09;5.661923579164552689e+09;5.661762386349053383e+09;5.661595635578387260e+09;5.661423150818247795e+09;5.661244751505867958e+09;5.661060252503171921e+09;5.660869464054134369e+09;5.660672191747445107e+09;5.660468236484134674e+09;5.660257394451354980e+09;5.660039457102047920e+09;5.659814211141517639e+09;5.659581438521104813e+09;5.659340916439328194e+09;5.659092417351439476e+09;5.658835708987302780e+09;5.658570554378616333e+09;5.658296711895682335e+09;5.658013935294273376e+09;5.657721973773376465e+09;5.657420572043931961e+09;5.657109470409407616e+09;5.656788404858665466e+09;5.656457107171443939e+09;5.656115305037215233e+09;5.655762722187729836e+09;5.655399078543814659e+09;5.655024090376856804e+09;5.654637470485394478e+09;5.654238928387245178e+09;5.653828170527566910e+09;5.653404900503216743e+09;5.652968819303557396e+09;5.652519625568511009e+09;5.652057015863231659e+09;5.651580684970542908e+09;5.651090326200621605e+09;5.650585631718254089e+09;5.650066292887759209e+09;5.649532000635500908e+09;5.648982445829823494e+09;5.648417319678524017e+09;5.647836314143128395e+09;5.647239122370423317e+09;5.646625439140210152e+09;5.645994961329198837e+09;5.645347388390380859e+09;5.644682422847320557e+09;5.643999770802728653e+09;5.643299142460437775e+09;5.642580252659849167e+09;5.641842821422140121e+09;5.641086574506874084e+09;5.640311243977968216e+09;5.639516568777971268e+09;5.638702295308758736e+09;5.637868178017813683e+09;5.637013979988018036e+09;5.636139473529614449e+09;5.635244440772322655e+09;5.634328674255943298e+09;5.633391977517247200e+09;5.632434165671251297e+09;5.631455065984508514e+09;5.630454518438388824e+09;5.629432376279534340e+09;5.628388506555526733e+09;5.627322790632780075e+09;5.626235124694218636e+09;5.625125420214082718e+09;5.623993604406840324e+09;5.622839620647759438e+09;5.621663428862005234e+09;5.620465005879338264e+09;5.619244345752004623e+09;5.618001460032363892e+09;5.616736378007908821e+09;5.615449146890716553e+09;5.614139831958652496e+09;5.612808516646004677e+09;5.611455302580671310e+09;5.610080309566446304e+09;5.608683675507462502e+09;5.607265556273663521e+09;5.605826125505521774e+09;5.604365574356739044e+09;5.602884111174132347e+09;5.601381961114041328e+09;5.599859365695222855e+09;5.598316582288306236e+09;5.596753883542812347e+09;5.595171556752540588e+09;5.593569903161313057e+09;5.591949237210982323e+09;5.590309885734568596e+09;5.588652187097541809e+09;5.586976490291226387e+09;5.585283153982183456e+09;5.583572545522819519e+09;5.581845039927912712e+09;5.580101018823324203e+09
5.653553778535197258e+09;5.653494211065024376e+09;5.653432486412857056e+09;5.653368528886595726e+09;5.653302260313130379e+09;5.653233599969528198e+09;5.653162464513203621e+09;5.653088767911082268e+09;5.653012421367800713e+09;5.652933333253312111e+09;5.652851409029438019e+09;5.652766551176012039e+09;5.652678659116300583e+09;5.652587629142045021e+09;5.652493354337944984e+09;5.652395724506245613e+09;5.652294626090937614e+09;5.652189942102046967e+09;5.652081552040203094e+09;5.651969331821511269e+09;5.651853153702934265e+09;5.651732886208378792e+09;5.651608394055820465e+09;5.651479538085386276e+09;5.651346175189017296e+09;5.651208158241523743e+09;5.651065336033672333e+09;5.650917553207371712e+09;5.650764650193205833e+09;5.650606463150871277e+09;5.650442823912430763e+09;5.650273559929135323e+09;5.650098494221896172e+09;5.649917445335862160e+09;5.649730227299400330e+09;5.649536649588076591e+09;5.649336517093728065e+09;5.649129630099368095e+09;5.648915784260097504e+09;5.648694770590660095e+09;5.648466375459973335e+09;5.648230380593194008e+09;5.647986563081721306e+09;5.647734695401648521e+09;5.647474545441168785e+09;5.647205876537584305e+09;5.646928447523966789e+09;5.646642012786607742e+09;5.646346322333252907e+09;5.646041121872886658e+09;5.645726152907407761e+09;5.645401152835962296e+09;5.645065855072093010e+09;5.644719989174318314e+09;5.644363280990708351e+09;5.643995452817702293e+09;5.643616223573764801e+09;5.643225308988045692e+09;5.642822421804739952e+09;5.642407272003159523e+09;5.641979567034084320e+09;5.641539012072312355e+09;5.641085310286134720e+09;5.640618163123396873e+09;5.640137270614616394e+09;5.639642331693082809e+09;5.639133044532015800e+09;5.638609106898636818e+09;5.638070216525367737e+09;5.637516071497391701e+09;5.636946370657156944e+09;5.636360814024592400e+09;5.635759103233588219e+09;5.635140941983428955e+09;5.634506036505375862e+09;5.633854096043091774e+09;5.633184833346860886e+09;5.632497965180320740e+09;5.631793212838920593e+09;5.631070302679468155e+09;5.630328966659132004e+09;5.629568942883187294e+09;5.628789976160099983e+09;5.627991818562498093e+09;5.627174229992693901e+09;5.626336978751176834e+09;5.625479842106326103e+09;5.624602606863735199e+09;5.623705069933155060e+09;5.622787038891130447e+09;5.621848332537428856e+09;5.620888781442776680e+09;5.619908228485994339e+09;5.618906529378087044e+09;5.617883553170734406e+09;5.616839182746914864e+09;5.615773315290959358e+09;5.614685862735523224e+09;5.613576752182558060e+09;5.612445926296053886e+09;5.611293343663207054e+09;5.610118979121883392e+09;5.608922824051136971e+09;5.607704886622433662e+09;5.606465192008801460e+09;5.605203782549250603e+09;5.603920717866077423e+09;5.602616074932792664e+09;5.601289948090088844e+09;5.599942449008374214e+09;5.598573706594480515e+09;5.597183866841297150e+09;5.595773092619102478e+09;5.594341563406995773e+09;5.592889474964650154e+09;5.591417038943116188e+09;5.589924482435478210e+09;5.588412047467243195e+09;5.586879990427921295e+09;5.585328581444617271e+09;5.583758103699845314e+09;5.582168852695817947e+09;5.580561135467782974e+09;5.578935269750151634e+09;5.577291583098835945e+09;5.575630411974330902e+09;5.573952100790275574e+09;5.572257000932828903e+09
5.642491264199179649e+09;5.642434846367105484e+09;5.642376383586731911e+09;5.642315803971559525e+09;5.642253033269309044e+09;5.642187994795597076e+09;5.642120609366514206e+09;5.642050795230360985e+09;5.641978467998237610e+09;5.641903540573959351e+09;5.641825923083058357e+09;5.641745522801142693e+09;5.641662244081533432e+09;5.641575988282385826e+09;5.641486653693409920e+09;5.641394135462190628e+09;5.641298325520223618e+09;5.641199112509158134e+09;5.641096381706659317e+09;5.640990014952832222e+09;5.640879890576826096e+09;5.640765883324030876e+09;5.640647864283978462e+09;5.640525700819217682e+09;5.640399256495283127e+09;5.640268391011975288e+09;5.640132960136389732e+09;5.639992815637583733e+09;5.639847805223591805e+09;5.639697772480709076e+09;5.639542556815387726e+09;5.639381993399412155e+09;5.639215913118128777e+09;5.639044142522429466e+09;5.638866503784937859e+09;5.638682814660253525e+09;5.638492888450282097e+09;5.638296533974671364e+09;5.638093555546616554e+09;5.637883752955005646e+09;5.637666921452798843e+09;5.637442851752369881e+09;5.637211330028116226e+09;5.636972137927087784e+09;5.636725052587730408e+09;5.636469846667347908e+09;5.636206288379137039e+09;5.635934141538613319e+09;5.635653165620534897e+09;5.635363115826442719e+09;5.635063743163443565e+09;5.634754794534799576e+09;5.634436012842587471e+09;5.634107137103072166e+09;5.633767902575224876e+09;5.633418040902727127e+09;5.633057280270090103e+09;5.632685345572965622e+09;5.632301958603341103e+09;5.631906838249889374e+09;5.631499700713541031e+09;5.631080259739007950e+09;5.630648226862028122e+09;5.630203311672991753e+09;5.629745222096599579e+09;5.629273664688242912e+09;5.628788344946595192e+09;5.628288967642834663e+09;5.627775237166254997e+09;5.627246857886058807e+09;5.626703534529520035e+09;5.626144972575682640e+09;5.625570878664861679e+09;5.624980961023132324e+09;5.624374929901506424e+09;5.623752498029274940e+09;5.623113381080792427e+09;5.622457298154940605e+09;5.621783972266709328e+09;5.621093130849673271e+09;5.620384506268614769e+09;5.619657836341218948e+09;5.618912864867480278e+09;5.618149342165746689e+09;5.617367025614040375e+09;5.616565680195097923e+09;5.615745079043661118e+09;5.614905003994306564e+09;5.614045246128299713e+09;5.613165606317241669e+09;5.612265895761982918e+09;5.611345936524583817e+09;5.610405562051210403e+09;5.609444617683817863e+09;5.608462961158478737e+09;5.607460463087662697e+09;5.606437007424442291e+09;5.605392491905919075e+09;5.604326828473381996e+09;5.603239943666705132e+09;5.602131778990265846e+09;5.601002291247832298e+09;5.599851452843933105e+09;5.598679252048824310e+09;5.597485693224808693e+09;5.596270797011268616e+09;5.595034600465859413e+09;5.593777157159955978e+09;5.592498537225643158e+09;5.591198827352711678e+09;5.589878130733496666e+09;5.588536566954080582e+09;5.587174271830390930e+09;5.585791397188223839e+09;5.584388110586197853e+09;5.582964594981270790e+09;5.581521048336638451e+09;5.580057683172379494e+09;5.578574726059247971e+09;5.577072417056962013e+09;5.575551009098532677e+09;5.574010767322255135e+09;5.572451968354353905e+09;5.570874899544733047e+09;5.569279858159635544e+09;5.567667150534936905e+09;5.566037091194332123e+09;5.564390001937529564e+09
5.631515248294341087e+09;5.631461821303176880e+09;5.631406456085101128e+09;5.631349084382783890e+09;5.631289635683735847e+09;5.631228037156388283e+09;5.631164213585216522e+09;5.631098087304789543e+09;5.631029578132820129e+09;5.630958603302469254e+09;5.630885077393653870e+09;5.630808912263602257e+09;5.630730016976844788e+09;5.630648297734372139e+09;5.630563657802527428e+09;5.630475997441179276e+09;5.630385213831859589e+09;5.630291201005450249e+09;5.630193849770060539e+09;5.630093047638679504e+09;5.629988678757291794e+09;5.629880623833242416e+09;5.629768760064098358e+09;5.629652961067385674e+09;5.629533096811167717e+09;5.629409033545673370e+09;5.629280633736452103e+09;5.629147755998927116e+09;5.629010255034960747e+09;5.628867981571322441e+09;5.628720782300743103e+09;5.628568499825374603e+09;5.628410972603482246e+09;5.628248034899220467e+09;5.628079516736026764e+09;5.627905243854224205e+09;5.627725037672559738e+09;5.627538715254715919e+09;5.627346089280946732e+09;5.627146968024845123e+09;5.626941155336481094e+09;5.626728450631487846e+09;5.626508648887136459e+09;5.626281540645489693e+09;5.626046912024266243e+09;5.625804544735873222e+09;5.625554216114915848e+09;5.625295699154939651e+09;5.625028762554485321e+09;5.624753170773415565e+09;5.624468684099584579e+09;5.624175058726501465e+09;5.623872046842505455e+09;5.623559396731765747e+09;5.623236852887612343e+09;5.622904156138857841e+09;5.622561043789063454e+09;5.622207249769580841e+09;5.621842504806687355e+09;5.621466536602856636e+09;5.621079070032922745e+09;5.620679827355088234e+09;5.620268528437347412e+09;5.619844890999205589e+09;5.619408630869251251e+09;5.618959462258365631e+09;5.618497098048961639e+09;5.618021250100008011e+09;5.617531629568163872e+09;5.617027947244523048e+09;5.616509913907262802e+09;5.615977240689687729e+09;5.615429639463462830e+09;5.614866823236915588e+09;5.614288506567605019e+09;5.613694405989038467e+09;5.613084240450742722e+09;5.612457731771151543e+09;5.611814605102584839e+09;5.611154589407321930e+09;5.610477417944237709e+09;5.609782828764603615e+09;5.609070565216340065e+09;5.608340376455312729e+09;5.607592017962486267e+09;5.606825252065711021e+09;5.606039848464456558e+09;5.605235584756279945e+09;5.604412246963083267e+09;5.603569630055722237e+09;5.602707538474967957e+09;5.601825786647115707e+09;5.600924199492074013e+09;5.600002612921945572e+09;5.599060874328134537e+09;5.598098843054510117e+09;5.597116390854455948e+09;5.596113402329534531e+09;5.595089775347318649e+09;5.594045421435880661e+09;5.592980266152652740e+09;5.591894249424942017e+09;5.590787325859891891e+09;5.589659465021059990e+09;5.588510651669610977e+09;5.587340885967108727e+09;5.586150183638215065e+09;5.584938576090587616e+09;5.583706110490054131e+09;5.582452849788919449e+09;5.581178872705642700e+09;5.579884273654408455e+09;5.578569162622615814e+09;5.577233664995824814e+09;5.575877921328659058e+09;5.574502087061279297e+09;5.573106332181230545e+09;5.571690840830461502e+09;5.570255810858185768e+09;5.568801453320387840e+09;5.567327991927060127e+09;5.565835662439063072e+09;5.564324712016615868e+09;5.562795398522136688e+09;5.561247989780228615e+09;5.559682762798613548e+09;5.558100002953849792e+09;5.556500003146163940e+09
5.620623758889331818e+09;5.620573170286744118e+09;5.620520744873429298e+09;5.620466417850449562e+09;5.620410122269838333e+09;5.620351788973067284e+09;5.620291346528499603e+09;5.620228721167928696e+09;5.620163836721982956e+09;5.620096614554655075e+09;5.620026973497041702e+09;5.619954829780143738e+09;5.619880096967031479e+09;5.619802685884202003e+09;5.619722504552508354e+09;5.619639458117416382e+09;5.619553448778992653e+09;5.619464375721509933e+09;5.619372135042899132e+09;5.619276619684172630e+09;5.619177719358791351e+09;5.619075320482519150e+09;5.618969306103310585e+09;5.618859555832019806e+09;5.618745945773771286e+09;5.618628348460137367e+09;5.618506632782609940e+09;5.618380663927178383e+09;5.618250303310834885e+09;5.618115408519411087e+09;5.617975833247957230e+09;5.617831427243112564e+09;5.617682036248268127e+09;5.617527501951601982e+09;5.617367661937340736e+09;5.617202349640554428e+09;5.617031394305875778e+09;5.616854620950470924e+09;5.616671850331567764e+09;5.616482898919073105e+09;5.616287578873450279e+09;5.616085698029435158e+09;5.615877059885998726e+09;5.615661463602848053e+09;5.615438704004089355e+09;5.615208571589230537e+09;5.614970852552322388e+09;5.614725328809373856e+09;5.614471778034698486e+09;5.614209973706508636e+09;5.613939685162467003e+09;5.613660677665277481e+09;5.613372712479142189e+09;5.613075546957360268e+09;5.612768934641487122e+09;5.612452625372577667e+09;5.612126365414897919e+09;5.611789897592518806e+09;5.611442961439183235e+09;5.611085293361721039e+09;5.610716626817531586e+09;5.610336692506329536e+09;5.609945218576400757e+09;5.609541930845667839e+09;5.609126553037872314e+09;5.608698807033796310e+09;5.608258413137868881e+09;5.607805090360139847e+09;5.607338556713574409e+09;5.606858529526822090e+09;5.606364725772179604e+09;5.605856862408677101e+09;5.605334656740085602e+09;5.604797826787473679e+09;5.604246091676157951e+09;5.603679172036421776e+09;5.603096790417435646e+09;5.602498671714266777e+09;5.601884543606674194e+09;5.601254137009528160e+09;5.600607186533568382e+09;5.599943430956067085e+09;5.599262613700051308e+09;5.598564483320985794e+09;5.597848794000301361e+09;5.597115306043710709e+09;5.596363786383699417e+09;5.595594009084268570e+09;5.594805755846796989e+09;5.593998816515144348e+09;5.593172989578441620e+09;5.592328082669860840e+09;5.591463913059281349e+09;5.590580308138269424e+09;5.589677105895071983e+09;5.588754155377641678e+09;5.587811317142597198e+09;5.586848463687905312e+09;5.585865479866909981e+09;5.584862263281665802e+09;5.583838724652748108e+09;5.582794788163889885e+09;5.581730391778393745e+09;5.580645487525319099e+09;5.579540041752963066e+09;5.578414035347511292e+09;5.577267463914129257e+09;5.576100337918971062e+09;5.574912682789344788e+09;5.573704538970642090e+09;5.572475961937628746e+09;5.571227022159001350e+09;5.569957805013321877e+09;5.568668410655223846e+09;5.567358953830921173e+09;5.566029563642255783e+09;5.564680383258852005e+09;5.563311569578188896e+09;5.561923292834022522e+09;5.560515736153608322e+09;5.559089095064664841e+09;5.557643576953837395e+09;5.556179400477921486e+09;5.554696794930702209e+09;5.553195999567694664e+09;5.551677262892028809e+09;5.550140841905254364e+09;5.548587001326662064e+09
5.609814736427515030e+09;5.609766840025036812e+09;5.609717203128606796e+09;5.609665764232764244e+09;5.609612459784651756e+09;5.609557224124848366e+09;5.609499989427284241e+09;5.609440685637959480e+09;5.609379240412816048e+09;5.609315579054499626e+09;5.609249624448433876e+09;5.609181296997814178e+09;5.609110514558021545e+09;5.609037192370132446e+09;5.608961242993900299e+09;5.608882576240106583e+09;5.608801099102458954e+09;5.608716715689092636e+09;5.608629327153743744e+09;5.608538831626892090e+09;5.608445124146609306e+09;5.608348096589760780e+09;5.608247637603300095e+09;5.608143632535956383e+09;5.608035963370457649e+09;5.607924508656517029e+09;5.607809143444755554e+09;5.607689739221668243e+09;5.607566163845889091e+09;5.607438281486142159e+09;5.607305952560825348e+09;5.607169033679756165e+09;5.607027377588075638e+09;5.606880833112919807e+09;5.606729245112745285e+09;5.606572454430006981e+09;5.606410297847198486e+09;5.606242608046810150e+09;5.606069213575358391e+09;5.605889938812044144e+09;5.605704603942214012e+09;5.605513024936082840e+09;5.605315013533270836e+09;5.605110377233193398e+09;5.604898919292090416e+09;5.604680438726958275e+09;5.604454730326691628e+09;5.604221584671118736e+09;5.603980788158247948e+09;5.603732123040121078e+09;5.603475367467730522e+09;5.603210295545661926e+09;5.602936677396611214e+09;5.602654279236369133e+09;5.602362863459719658e+09;5.602062188737668991e+09;5.601752010126355171e+09;5.601432079188138962e+09;5.601102144125260353e+09;5.600761949926305771e+09;5.600411238525998116e+09;5.600049748978552818e+09;5.599677217644892693e+09;5.599293378393928528e+09;5.598897962818293571e+09;5.598490700464587212e+09;5.598071319078369141e+09;5.597639544863737106e+09;5.597195102758100510e+09;5.596737716721548080e+09;5.596267110041138649e+09;5.595783005649860382e+09;5.595285126460132599e+09;5.594773195711699486e+09;5.594246937333345413e+09;5.593706076318498611e+09;5.593150339113821983e+09;5.592579454020676613e+09;5.591993151608638763e+09;5.591391165140478134e+09;5.590773231007900238e+09;5.590139089177122116e+09;5.589488483643584251e+09;5.588821162894537926e+09;5.588136880378732681e+09;5.587435394981885910e+09;5.586716471506587029e+09;5.585979881155742645e+09;5.585225402017598152e+09;5.584452819551378250e+09;5.583661927071549416e+09;5.582852526229298592e+09;5.582024427489555359e+09;5.581177450601428032e+09;5.580311425060564041e+09;5.579426190561146736e+09;5.578521597435867310e+09;5.577597507081305504e+09;5.576653792367165565e+09;5.575690338026738167e+09;5.574707041026510239e+09;5.573703810912804604e+09;5.572680570133100510e+09;5.571637254329563141e+09;5.570573812603085518e+09;5.569490207744811058e+09;5.568386416433821678e+09;5.567262429398244858e+09;5.566118251537861824e+09;5.564953902006598473e+09;5.563769414252654076e+09;5.562564836014866829e+09;5.561340229273761749e+09;5.560095670155934334e+09;5.558831248790738106e+09;5.557547069118540764e+09;5.556243248649665833e+09;5.554919918174328804e+09;5.553577221422959328e+09;5.552215314677888870e+09;5.550834366336842537e+09;5.549434556429480553e+09;5.548016076088582993e+09;5.546579126977652550e+09;5.545123920677610397e+09;5.543650678035133362e+09;5.542159628475823402e+09;5.540651009286015511e+09
5.599086044676047325e+09;5.599040700452664375e+09;5.598993707156744957e+09;5.598945006417121887e+09;5.598894537912468910e+09;5.598842239314699173e+09;5.598788046230940819e+09;5.598731892144643784e+09;5.598673708355711937e+09;5.598613423919632912e+09;5.598550965585627556e+09;5.598486257734065056e+09;5.598419222312907219e+09;5.598349778773440361e+09;5.598277844005362511e+09;5.598203332271166801e+09;5.598126155139954567e+09;5.598046221420881271e+09;5.597963437096193314e+09;5.597877705253908157e+09;5.597788926020445824e+09;5.597696996493217468e+09;5.597601810673273087e+09;5.597503259398102760e+09;5.597401230275094986e+09;5.597295607615180016e+09;5.597186272367477417e+09;5.597073102054738045e+09;5.596955970709857941e+09;5.596834748813744545e+09;5.596709303234698296e+09;5.596579497169583321e+09;5.596445190086902618e+09;5.596306237672261238e+09;5.596162491776267052e+09;5.596013800365314484e+09;5.595860007475427628e+09;5.595700953169489861e+09;5.595536473498465538e+09;5.595366400466257095e+09;5.595190561999493599e+09;5.595008781921708107e+09;5.594820879932882309e+09;5.594626671594545364e+09;5.594425968320641518e+09;5.594218577374994278e+09;5.594004301875233650e+09;5.593782940804124832e+09;5.593554289028381348e+09;5.593318137325501442e+09;5.593074272419093132e+09;5.592822477023051262e+09;5.592562529895091057e+09;5.592294205900040627e+09;5.592017276083266258e+09;5.591731507754796028e+09;5.591436664584330559e+09;5.591132506707849503e+09;5.590818790845879555e+09;5.590495270433997154e+09;5.590161695765934944e+09;5.589817814149461746e+09;5.589463370075513840e+09;5.589098105400683403e+09;5.588721759543569565e+09;5.588334069694881439e+09;5.587934771041651726e+09;5.587523597005813599e+09;5.587100279496848106e+09;5.586664549179002762e+09;5.586216135752673149e+09;5.585754768250155449e+09;5.585280175345534325e+09;5.584792085678476334e+09;5.584290228191867828e+09;5.583774332482750893e+09;5.583244129166421890e+09;5.582699350252991676e+09;5.582139729536223412e+09;5.581565002993685722e+09;5.580974909197908401e+09;5.580369189737477303e+09;5.579747589647506714e+09;5.579109857848512650e+09;5.578455747592650414e+09;5.577785016916242599e+09;5.577097429097672462e+09;5.576392753119157791e+09;5.575670764131160736e+09;5.574931243918325424e+09;5.574173981365021706e+09;5.573398772919342995e+09;5.572605423053800583e+09;5.571793744720912933e+09;5.570963559802192688e+09;5.570114699548448563e+09;5.569247005009602547e+09;5.568360327452164650e+09;5.567454528762104988e+09;5.566529481831426620e+09;5.565585070925987244e+09;5.564621192032628059e+09;5.563637753183530807e+09;5.562634674755482674e+09;5.561611889741929054e+09;5.560569343995836258e+09;5.559506996441076279e+09;5.558424819250386238e+09;5.557322797987830162e+09;5.556200931714073181e+09;5.555059233052353859e+09;5.553897728213828087e+09;5.552716456980580330e+09;5.551515472644989014e+09;5.550294841904410362e+09;5.549054644710217476e+09;5.547794974070441246e+09;5.546515935805837631e+09;5.545217648259130478e+09;5.543900241957636833e+09;5.542563859229995728e+09;5.541208653777656555e+09;5.539834790202790260e+09;5.538442443493861198e+09;5.537031798471175194e+09;5.535603049194987297e+09;5.534156398338673592e+09;5.532692056530564308e+09
5.588435481688962936e+09;5.588392555680956841e+09;5.588348067327969551e+09;5.588301961239720345e+09;5.588254180168978691e+09;5.588204664957030296e+09;5.588153354478009224e+09;5.588100185582289696e+09;5.588045093038769722e+09;5.587988009476226807e+09;5.587928865323814392e+09;5.587867588750483513e+09;5.587804105603720665e+09;5.587738339347384453e+09;5.587670210998882294e+09;5.587599639065542221e+09;5.587526539480499268e+09;5.587450825538011551e+09;5.587372407828246117e+09;5.587291194171855927e+09;5.587207089554204941e+09;5.587119996059458733e+09;5.587029812804616928e+09;5.586936435873804092e+09;5.586839758252619743e+09;5.586739669762929916e+09;5.586636056998238564e+09;5.586528803259767532e+09;5.586417788493373871e+09;5.586302889227652550e+09;5.586183978513206482e+09;5.586060925863502502e+09;5.585933597197443962e+09;5.585801854783882141e+09;5.585665557188374519e+09;5.585524559222438812e+09;5.585378711895530701e+09;5.585227862370092392e+09;5.585071853919960022e+09;5.584910525892479897e+09;5.584743713674525261e+09;5.584571248662899971e+09;5.584392958239513397e+09;5.584208665751418114e+09;5.584018190496477127e+09;5.583821347714597702e+09;5.583617948585467339e+09;5.583407800232492447e+09;5.583190705734140396e+09;5.582966464142394066e+09;5.582734870509150505e+09;5.582495715920854568e+09;5.582248787541804314e+09;5.581993868666538239e+09;5.581730738781714439e+09;5.581459173637871742e+09;5.581178945331674576e+09;5.580889822398621559e+09;5.580591569917119026e+09;5.580283949623868942e+09;5.579966720041177750e+09;5.579639636616409302e+09;5.579302451873940468e+09;5.578954915579903603e+09;5.578596774919957161e+09;5.578227774690365791e+09;5.577847657502446175e+09;5.577456164000794411e+09;5.577053033095123291e+09;5.576638002205978394e+09;5.576210807524291039e+09;5.575771184284692764e+09;5.575318867052673340e+09;5.574853590025230408e+09;5.574375087345033646e+09;5.573883093427645683e+09;5.573377343301710129e+09;5.572857572961454391e+09;5.572323519731403351e+09;5.571774922642313957e+09;5.571211522818294525e+09;5.570633063873946190e+09;5.570039292321091652e+09;5.569429957984216690e+09;5.568804814423544884e+09;5.568163619365136147e+09;5.567506135136590958e+09;5.566832129107396126e+09;5.566141374132962227e+09;5.565433649000406265e+09;5.564708738875498772e+09;5.563966435748813629e+09;5.563206538879747391e+09;5.562428855236886978e+09;5.561633199932916641e+09;5.560819396652629852e+09;5.559987278071809769e+09;5.559136686265671730e+09;5.558267473104626656e+09;5.557379500635481834e+09;5.556472641446180344e+09;5.555546779012123108e+09;5.554601808021683693e+09;5.553637634679549217e+09;5.552654176984968185e+09;5.551651364983634949e+09;5.550629140990749359e+09;5.549587459783403397e+09;5.548526288760416985e+09;5.547445608067714691e+09;5.546345410687507629e+09;5.545225702489630699e+09;5.544086502243577957e+09;5.542927841589784622e+09;5.541749764969196320e+09;5.540552329509835243e+09;5.539335604869886398e+09;5.538099673036746979e+09;5.536844628081597328e+09;5.535570575870027542e+09;5.534277633728482246e+09;5.532965930067773819e+09;5.531635603964315414e+09;5.530286804700778961e+09;5.528919691267731667e+09;5.527534431828560829e+09;5.526131203150142670e+09;5.524710190002283096e+09
5.577860790725333214e+09;5.577820154903688431e+09;5.577778038969282150e+09;5.577734390365155220e+09;5.577689154766520500e+09;5.577642276028229713e+09;5.577593696131420135e+09;5.577543355129047394e+09;5.577491191090326309e+09;5.577437140044330597e+09;5.577381135922665596e+09;5.577323110500982285e+09;5.577262993339932442e+09;5.577200711725039482e+09;5.577136190606014252e+09;5.577069352535120964e+09;5.577000117605047226e+09;5.576928403386136055e+09;5.576854124863067627e+09;5.576777194371201515e+09;5.576697521532409668e+09;5.576615013190875053e+09;5.576529573348609924e+09;5.576441103101012230e+09;5.576349500572511673e+09;5.576254660852464676e+09;5.576156475931461334e+09;5.576054834638109207e+09;5.575949622576572418e+09;5.575840722065014839e+09;5.575728012075039864e+09;5.575611368172431946e+09;5.575490662459412575e+09;5.575365763518549919e+09;5.575236536358578682e+09;5.575102842362500191e+09;5.574964539237956047e+09;5.574821480970509529e+09;5.574673517779701233e+09;5.574520496078602791e+09;5.574362258436722755e+09;5.574198643547122955e+09;5.574029486197448730e+09;5.573854617245757103e+09;5.573673863601268768e+09;5.573487048210239410e+09;5.573293990047758102e+09;5.573094504115303993e+09;5.572888401445040703e+09;5.572675489110614777e+09;5.572455570245465279e+09;5.572228444068598747e+09;5.571993905918404579e+09;5.571751747295011520e+09;5.571501755911351204e+09;5.571243715753638268e+09;5.570977407151294708e+09;5.570702606857152939e+09;5.570419088137855530e+09;5.570126620875226021e+09;5.569824971678708076e+09;5.569513904009259224e+09;5.569193178315175056e+09;5.568862552180027008e+09;5.568521780482764244e+09;5.568170615570720673e+09;5.567808807445408821e+09;5.567436103961171150e+09;5.567052251037232399e+09;5.566656992882872581e+09;5.566250072235997200e+09;5.565831230614992142e+09;5.565400208583986282e+09;5.564956746031204224e+09;5.564500582460494995e+09;5.564031457295669556e+09;5.563549110197481155e+09;5.563053281392812729e+09;5.562543712015917778e+09;5.562020144460867882e+09;5.561482322745113373e+09;5.560929992883308411e+09;5.560362903270650864e+09;5.559780805075377464e+09;5.559183452639159203e+09;5.558570603884788513e+09;5.557942020730149269e+09;5.557297469507373810e+09;5.556636721386100769e+09;5.555959552799655914e+09;5.555265745872984886e+09;5.554555088850775719e+09;5.553827376524696350e+09;5.553082410657913208e+09;5.552320000405650139e+09;5.551539962730051041e+09;5.550742122807648659e+09;5.549926314427818298e+09;5.549092380380336761e+09;5.548240172830313683e+09;5.547369553678544044e+09;5.546480394905467987e+09;5.545572578896710396e+09;5.544645998748380661e+09;5.543700558550021172e+09;5.542736173643509865e+09;5.541752770855585098e+09;5.540750288702601433e+09;5.539728677565207481e+09;5.538687899831423759e+09;5.537627930006317139e+09;5.536548754786658287e+09;5.535450373099114418e+09;5.534332796100557327e+09;5.533196047139273643e+09;5.532040161676177025e+09;5.530865187165037155e+09;5.529671182891311646e+09;5.528458219769055367e+09;5.527226380095904350e+09;5.525975757266420364e+09;5.524706455444204330e+09;5.523418589193623543e+09;5.522112283072258949e+09;5.520787671185893059e+09;5.519444896707422256e+09;5.518084111362488747e+09;5.516705474883916855e+09
5.567359671065414429e+09;5.567321203202220917e+09;5.567281333158170700e+09;5.567240011067928314e+09;5.567197185383308411e+09;5.567152802823017120e+09;5.567106808321221352e+09;5.567059144975352287e+09;5.567009753992652893e+09;5.566958574635975838e+09;5.566905544168375015e+09;5.566850597796984673e+09;5.566793668615963936e+09;5.566734687548449516e+09;5.566673583287916183e+09;5.566610282238580704e+09;5.566544708455276489e+09;5.566476783582523346e+09;5.566406426793182373e+09;5.566333554726464272e+09;5.566258081425642014e+09;5.566179918275382042e+09;5.566098973938768387e+09;5.566015154294462204e+09;5.565928362373440742e+09;5.565838498296274185e+09;5.565745459210329056e+09;5.565649139227518082e+09;5.565549429362522125e+09;5.565446217471778870e+09;5.565339388193167686e+09;5.565228822887041092e+09;5.565114399578170776e+09;5.564995992899365425e+09;5.564873474036720276e+09;5.564746710676645279e+09;5.564615566955188751e+09;5.564479903409600258e+09;5.564339576932655334e+09;5.564194440729869843e+09;5.564044344279837608e+09;5.563889133298268318e+09;5.563728649705619812e+09;5.563562731599041939e+09;5.563391213228749275e+09;5.563213924979127884e+09;5.563030693355151176e+09;5.562841340974162102e+09;5.562645686563741684e+09;5.562443544965590477e+09;5.562234727146356583e+09;5.562019040215291023e+09;5.561796287449390411e+09;5.561566268326367378e+09;5.561328778565884590e+09;5.561083610179316521e+09;5.560830551528537750e+09;5.560569387394121170e+09;5.560299899053275108e+09;5.560021864367826462e+09;5.559735057882905006e+09;5.559439250936141968e+09;5.559134211778338432e+09;5.558819705705308914e+09;5.558495495201730728e+09;5.558161340096696854e+09;5.557816997731767654e+09;5.557462223141302109e+09;5.557096769245381355e+09;5.556720387055555344e+09;5.556332825893273354e+09;5.555933833621240616e+09;5.555523156887630463e+09;5.555100541383027077e+09;5.554665732110209465e+09;5.554218473666316986e+09;5.553758510537503242e+09;5.553285587405531883e+09;5.552799449466213226e+09;5.552299842759066582e+09;5.551786514507944107e+09;5.551259213472044945e+09;5.550717690306509972e+09;5.550161697932336807e+09;5.549590991914465904e+09;5.549005330847532272e+09;5.548404476748265266e+09;5.547788195453558922e+09;5.547156257023347855e+09;5.546508436147007942e+09;5.545844512552260399e+09;5.545164271415287971e+09;5.544467503770679474e+09;5.543754006920105934e+09;5.543023584837840080e+09;5.542276048572119713e+09;5.541511216640463829e+09;5.540728915417366028e+09;5.539928979512885094e+09;5.539111252140119553e+09;5.538275585470187187e+09;5.537421840972489357e+09;5.536549889738787651e+09;5.535659612789108276e+09;5.534750901357533455e+09;5.533823657156310081e+09;5.532877792616005898e+09;5.531913231100308418e+09;5.530929907093524933e+09;5.529927766358803749e+09;5.528906766065924644e+09;5.527866874886636734e+09;5.526808073056196213e+09;5.525730352399829865e+09;5.524633716322868347e+09;5.523518179763402939e+09;5.522383769106723785e+09;5.521230522060685158e+09;5.520058487491816521e+09;5.518867725221741676e+09;5.517658305784019470e+09;5.516430310141872406e+09;5.515183829367159843e+09;5.513918964281990051e+09;5.512635825063684464e+09;5.511334530815322876e+09;5.510015209103291512e+09;5.508677995464560509e+09
5.556929788668519974e+09;5.556893372193892479e+09;5.556855627361148834e+09;5.556816506860552788e+09;5.556775961780641556e+09;5.556733941560062408e+09;5.556690393938278198e+09;5.556645264905257225e+09;5.556598498650337219e+09;5.556550037509882927e+09;5.556499821914110184e+09;5.556447790332986832e+09;5.556393879221262932e+09;5.556338022962407112e+09;5.556280153812096596e+09;5.556220201840513229e+09;5.556158094874219894e+09;5.556093758437213898e+09;5.556027115691283226e+09;5.555958087376056671e+09;5.555886591748211861e+09;5.555812544520685196e+09;5.555735858801160812e+09;5.555656445030712128e+09;5.555574210922010422e+09;5.555489061397780418e+09;5.555400898529174805e+09;5.555309621474471092e+09;5.555215126418282509e+09;5.555117306510950089e+09;5.555016051809040070e+09;5.554911249216340065e+09;5.554802782426115036e+09;5.554690531864496231e+09;5.554574374635293961e+09;5.554454184466435432e+09;5.554329831658257484e+09;5.554201183033994675e+09;5.554068101892369270e+09;5.553930447962998390e+09;5.553788077364538193e+09;5.553640842566000938e+09;5.553488592351468086e+09;5.553331171788598061e+09;5.553168422201107979e+09;5.553000181145648003e+09;5.552826282393341064e+09;5.552646555916466713e+09;5.552460827880337715e+09;5.552268920641133308e+09;5.552070652749686241e+09;5.551865838961791039e+09;5.551654290255441666e+09;5.551435813855131149e+09;5.551210213263997078e+09;5.550977288303654671e+09;5.550736835162721634e+09;5.550488646453813553e+09;5.550232511279829025e+09;5.549968215309619904e+09;5.549695540863507271e+09;5.549414267009027481e+09;5.549124169667081833e+09;5.548825021728904724e+09;5.548516593184247017e+09;5.548198651260787964e+09;5.547870960575228691e+09;5.547533283296159744e+09;5.547185379319027901e+09;5.546827006453192711e+09;5.546457920621240616e+09;5.546077876070765495e+09;5.545686625598391533e+09;5.545283920786284447e+09;5.544869512250876427e+09;5.544443149903877258e+09;5.544004583225299835e+09;5.543553561548223495e+09;5.543089834355218887e+09;5.542613151585914612e+09;5.542123263955302238e+09;5.541619923282503128e+09;5.541102882829301834e+09;5.540571897647828102e+09;5.540026724936893463e+09;5.539467124406132698e+09;5.538892858647073746e+09;5.538303693510587692e+09;5.537699398489335060e+09;5.537079747104557991e+09;5.536444517296012878e+09;5.535793491813888550e+09;5.535126458611524582e+09;5.534443211237699509e+09;5.533743549227023125e+09;5.533027278487177849e+09;5.532294211681535721e+09;5.531544168605545044e+09;5.530776976555286407e+09;5.529992470686968803e+09;5.529190494365097046e+09;5.528370899498127937e+09;5.527533546859684944e+09;5.526678306393678665e+09;5.525805057501308441e+09;5.524913689308712959e+09;5.524004100912880898e+09;5.523076201604606628e+09;5.522129911066494942e+09;5.521165159544304848e+09;5.520181887990345001e+09;5.519180048176947594e+09;5.518159602778891563e+09;5.517120525423235893e+09;5.516062800705533028e+09;5.514986424171069145e+09;5.513891402260452271e+09;5.512777752218712807e+09;5.511645501967414856e+09;5.510494689939347267e+09;5.509325364875968933e+09;5.508137585587493896e+09;5.506931420676334381e+09;5.505706948224575043e+09;5.504464255446359634e+09;5.503203438306964874e+09;5.501924601109808922e+09;5.500627856053909302e+09
5.546568786619447708e+09;5.546534310470224380e+09;5.546498575863302231e+09;5.546461537914161682e+09;5.546423150213979721e+09;5.546383364783446312e+09;5.546342132025456429e+09;5.546299400676855087e+09;5.546255117759268761e+09;5.546209228528841019e+09;5.546161676425060272e+09;5.546112403018733978e+09;5.546061347958909988e+09;5.546008448919010162e+09;5.545953641542165756e+09;5.545896859385573387e+09;5.545838033864233017e+09;5.545777094193943024e+09;5.545713967333597183e+09;5.545648577926841736e+09;5.545580848243319511e+09;5.545510698119253159e+09;5.545438044897902489e+09;5.545362803369407654e+09;5.545284885710620880e+09;5.545204201424841881e+09;5.545120657281413078e+09;5.545034157255541801e+09;5.544944602468315125e+09;5.544851891127090454e+09;5.544755918466467857e+09;5.544656576689801216e+09;5.544553754911686897e+09;5.544447339101402283e+09;5.544337212027549744e+09;5.544223253204037666e+09;5.544105338837764740e+09;5.543983341778034210e+09;5.543857131468018532e+09;5.543726573898550987e+09;5.543591531564382553e+09;5.543451863423239708e+09;5.543307424858047485e+09;5.543158067642298698e+09;5.543003639909251213e+09;5.542843986124952316e+09;5.542678947065559387e+09;5.542508359799206734e+09;5.542332057672844887e+09;5.542149870304211617e+09;5.541961623579504013e+09;5.541767139656964302e+09;5.541566236976705551e+09;5.541358730277293205e+09;5.541144430619314194e+09;5.540923145416312218e+09;5.540694678473509789e+09;5.540458830034782410e+09;5.540215396837795258e+09;5.539964172178398132e+09;5.539704945983882904e+09;5.539437504895921707e+09;5.539161632363385201e+09;5.538877108745253563e+09;5.538583711424036980e+09;5.538281214929911613e+09;5.537969391075934410e+09;5.537648009104378700e+09;5.537316835844538689e+09;5.536975635882216454e+09;5.536624171740746498e+09;5.536262204074122429e+09;5.535889491871796608e+09;5.535505792675557137e+09;5.535110862808206558e+09;5.534704457614131927e+09;5.534286331711525917e+09;5.533856239256239891e+09;5.533413934216852188e+09;5.532959170660799026e+09;5.532491703051184654e+09;5.532011286553865433e+09;5.531517677354444504e+09;5.531010632984370232e+09;5.530489912655959129e+09;5.529955277605217934e+09;5.529406491442257881e+09;5.528843320508032799e+09;5.528265534236842155e+09;5.527672905523598671e+09;5.527065211094806671e+09;5.526442231882370949e+09;5.525803753398862839e+09;5.525149566113345146e+09;5.524479465826234818e+09;5.523793254042243004e+09;5.523090738339559555e+09;5.522371732734459877e+09;5.521636058039273262e+09;5.520883542212682724e+09;5.520114020700538635e+09;5.519327336765639305e+09;5.518523341804920197e+09;5.517701895652421951e+09;5.516862866866155624e+09;5.516006132997634888e+09;5.515131580841807365e+09;5.514239106666298866e+09;5.513328616417973518e+09;5.512400025905308723e+09;5.511453260955028534e+09;5.510488257541449547e+09;5.509504961887277603e+09;5.508503330534182549e+09;5.507483330382425308e+09;5.506444938697920799e+09;5.505388143086118698e+09;5.504312941431899071e+09;5.503219341804662704e+09;5.502107362328485489e+09;5.500977031016915321e+09;5.499828385572607040e+09;5.498661473152191162e+09;5.497476350096566200e+09;5.496273081627998352e+09;5.495051741514824867e+09;5.493812411705354691e+09;5.492555181932700157e+09
5.536274295310871124e+09;5.536241653772346497e+09;5.536207819936469078e+09;5.536172751219145775e+09;5.536136403585797310e+09;5.536098731507032394e+09;5.536059687913332939e+09;5.536019224148778915e+09;5.535977289923716545e+09;5.535933833266633034e+09;5.535888800474843979e+09;5.535842136064472198e+09;5.535793782719366074e+09;5.535743681239205360e+09;5.535691770486727715e+09;5.535637987334104538e+09;5.535582266608569145e+09;5.535524541037261009e+09;5.535464741191373825e+09;5.535402795429734230e+09;5.535338629841640472e+09;5.535272168189267159e+09;5.535203331849688530e+09;5.535132039756314278e+09;5.535058208340231895e+09;5.534981751471262932e+09;5.534902580398879051e+09;5.534820603693163872e+09;5.534735727185905457e+09;5.534647853911893845e+09;5.534556884050549507e+09;5.534462714868167877e+09;5.534365240660755157e+09;5.534264352697608948e+09;5.534159939166100502e+09;5.534051885117409706e+09;5.533940072413720131e+09;5.533824379676988602e+09;5.533704682239414215e+09;5.533580852096010208e+09;5.533452757859190941e+09;5.533320264716159821e+09;5.533183234388669014e+09;5.533041525095954895e+09;5.532894991520985603e+09;5.532743484779988289e+09;5.532586852396181107e+09;5.532424938277281761e+09;5.532257582697790146e+09;5.532084622285756111e+09;5.531905890014933586e+09;5.531721215202096939e+09;5.531530423510398865e+09;5.531333336958640099e+09;5.531129773937137604e+09;5.530919549230399132e+09;5.530702474046949387e+09;5.530478356056746483e+09;5.530246999436411858e+09;5.530008204922812462e+09;5.529761769875041008e+09;5.529507488345545769e+09;5.529245151160256386e+09;5.528974546008443832e+09;5.528695457542330742e+09;5.528407667486893654e+09;5.528110954759966850e+09;5.527805095603083611e+09;5.527489863723122597e+09;5.527165030444992065e+09;5.526830364875427246e+09;5.526485634078335762e+09;5.526130603261290550e+09;5.525765035973615646e+09;5.525388694315977097e+09;5.525001339161332130e+09;5.524602730387244225e+09;5.524192627119498253e+09;5.523770787986687660e+09;5.523336971385615349e+09;5.522890935757365227e+09;5.522432439873312950e+09;5.521961243131183624e+09;5.521477105860185623e+09;5.520979789635149956e+09;5.520469057598718643e+09;5.519944674791126251e+09;5.519406408486939430e+09;5.518854028537649155e+09;5.518287307719682693e+09;5.517706022086596489e+09;5.517109951324717522e+09;5.516498879111058235e+09;5.515872593472400665e+09;5.515230887144618988e+09;5.514573557930672646e+09;5.513900409056413651e+09;5.513211249522440910e+09;5.512505894451133728e+09;5.511784165427002907e+09;5.511045890829201698e+09;5.510290906154456139e+09;5.509519054329319954e+09;5.508730186009572029e+09;5.507924159865687370e+09;5.507100842852728844e+09;5.506260110462797165e+09;5.505401846958737373e+09;5.504525945587442398e+09;5.503632308771140099e+09;5.502720848275318146e+09;5.501791485351632118e+09;5.500844150854645729e+09;5.499878785330791473e+09;5.498895339078771591e+09;5.497893772179796219e+09;5.496874054497060776e+09;5.495836165643515587e+09;5.494780094917227745e+09;5.493705841203915596e+09;5.492613412846318245e+09;5.491502827480429649e+09;5.490374111838643074e+09;5.489227301520344734e+09;5.488062440730607986e+09;5.486879581987816811e+09;5.485678785801712990e+09;5.484460120323281288e+09
5.526043942311824799e+09;5.526013034853919983e+09;5.525980997696258545e+09;5.525947790435901642e+09;5.525913371289668083e+09;5.525877697051730156e+09;5.525840723050187111e+09;5.525802403102609634e+09;5.525762689470755577e+09;5.525721532814109802e+09;5.525678882142775536e+09;5.525634684769163132e+09;5.525588886258963585e+09;5.525541430381101608e+09;5.525492259056925774e+09;5.525441312308470726e+09;5.525388528205932617e+09;5.525333842814470291e+09;5.525277190140106201e+09;5.525218502075081825e+09;5.525157708342507362e+09;5.525094736440539360e+09;5.525029511585824966e+09;5.524961956656808853e+09;5.524891992136367798e+09;5.524819536054386139e+09;5.524744503929995537e+09;5.524666808713800430e+09;5.524586360730058670e+09;5.524503067618904114e+09;5.524416834279028893e+09;5.524327562810435295e+09;5.524235152457922935e+09;5.524139499555096626e+09;5.524040497469224930e+09;5.523938036547003746e+09;5.523832004061577797e+09;5.523722284160768509e+09;5.523608757816873550e+09;5.523491302778211594e+09;5.523369793522600174e+09;5.523244101212943077e+09;5.523114093655339241e+09;5.522979635259705544e+09;5.522840587003394127e+09;5.522696806397982597e+09;5.522548147459508896e+09;5.522394460682348251e+09;5.522235593017268181e+09;5.522071387853749275e+09;5.521901685006873131e+09;5.521726320709328651e+09;5.521545127608562469e+09;5.521357934769636154e+09;5.521164567683988571e+09;5.520964848284489632e+09;5.520758594967143059e+09;5.520545622619770050e+09;5.520325742657981873e+09;5.520098763068794250e+09;5.519864488462203979e+09;5.519622720131237030e+09;5.519373256120356560e+09;5.519115891303071976e+09;5.518850417468685150e+09;5.518576623418499947e+09;5.518294295072010040e+09;5.518003215582898140e+09;5.517703165465561867e+09;5.517393922731870651e+09;5.517075263038813591e+09;5.516746959846689224e+09;5.516408784588420868e+09;5.516060506849781036e+09;5.515701894560575485e+09;5.515332714196983337e+09;5.514952730994824409e+09;5.514561709173629761e+09;5.514159412171686172e+09;5.513745602891438484e+09;5.513320043955421448e+09;5.512882497972024918e+09;5.512432727811189651e+09;5.511970496889259338e+09;5.511495569462657928e+09;5.511007710929972649e+09;5.510506688141724586e+09;5.509992269717158318e+09;5.509464226367532730e+09;5.508922331225001335e+09;5.508366360176196098e+09;5.507796092199822426e+09;5.507211309707198143e+09;5.506611798884669304e+09;5.505997350037004471e+09;5.505367757930530548e+09;5.504722822134845734e+09;5.504062347361859322e+09;5.503386143801084518e+09;5.502694027449513435e+09;5.501985820434988022e+09;5.501261351331634521e+09;5.500520455465806007e+09;5.499762975211147308e+09;5.498988760271303177e+09;5.498197667948808670e+09;5.497389563398539543e+09;5.496564319864358902e+09;5.495721818897305489e+09;5.494861950554076195e+09;5.493984613574070930e+09;5.493089715533926964e+09;5.492177172977805138e+09;5.491246911522565842e+09;5.490298865936336517e+09;5.489332980189482689e+09;5.488349207477040291e+09;5.487347510211667061e+09;5.486327859986493111e+09;5.485290237507213593e+09;5.484234632493250847e+09;5.483161043547613144e+09;5.482069477995643616e+09;5.480959951692888260e+09;5.479832488802598953e+09;5.478687121543684959e+09;5.477523889910102844e+09;5.476342841363199234e+09
5.515875361874139786e+09;5.515846092982985497e+09;5.515815753599192619e+09;5.515784305386956215e+09;5.515751708697195053e+09;5.515717922526920319e+09;5.515682904477607727e+09;5.515646610712544441e+09;5.515608995913385391e+09;5.515570013235574722e+09;5.515529614263118744e+09;5.515487748962117195e+09;5.515444365633589745e+09;5.515399410865353584e+09;5.515352829483076096e+09;5.515304564500351906e+09;5.515254557068108559e+09;5.515202746423165321e+09;5.515149069835980415e+09;5.515093462557787895e+09;5.515035857767014503e+09;5.514976186515057564e+09;5.514914377671561241e+09;5.514850357869102478e+09;5.514784051447572708e+09;5.514715380398073196e+09;5.514644264306617737e+09;5.514570620297541618e+09;5.514494362976966858e+09;5.514415404376138687e+09;5.514333653894871712e+09;5.514249018245357513e+09;5.514161401396145821e+09;5.514070704516789436e+09;5.513976825922932625e+09;5.513879661022380829e+09;5.513779102261946678e+09;5.513675039075491905e+09;5.513567357833270073e+09;5.513455941792695999e+09;5.513340671050850868e+09;5.513221422498846054e+09;5.513098069778295517e+09;5.512970483240194321e+09;5.512838529906243324e+09;5.512702073433172226e+09;5.512560974079984665e+09;5.512415088678699493e+09;5.512264270608592987e+09;5.512108369774504662e+09;5.511947232589181900e+09;5.511780701960312843e+09;5.511608617282212257e+09;5.511430814432827950e+09;5.511247125775987625e+09;5.511057380169555664e+09;5.510861402979772568e+09;5.510659016101739883e+09;5.510450037986980438e+09;5.510234283677906036e+09;5.510011564849724770e+09;5.509781689860131264e+09;5.509544463807010651e+09;5.509299688594517708e+09;5.509047163007784843e+09;5.508786682796570778e+09;5.508518040768241882e+09;5.508241026890009880e+09;5.507955428401070595e+09;5.507661029934503555e+09;5.507357613649433136e+09;5.507044959373345375e+09;5.506722844754811287e+09;5.506391045426830292e+09;5.506049335180587769e+09;5.505697486149965286e+09;5.505335269006563187e+09;5.504962453165232658e+09;5.504578807000196457e+09;5.504184098071358681e+09;5.503778093360709190e+09;5.503360559518744469e+09;5.502931263120319366e+09;5.502489970929828644e+09;5.502036450175161362e+09;5.501570468830057144e+09;5.501091795904347420e+09;5.500600201741377831e+09;5.500095458322173119e+09;5.499577339575543404e+09;5.499045621693287849e+09;5.498500083449938774e+09;5.497940506525956154e+09;5.497366675833481789e+09;5.496778379843737602e+09;5.496175410915068626e+09;5.495557565620417595e+09;5.494924645073101997e+09;5.494276455249895096e+09;5.493612807309926987e+09;5.492933517908297539e+09;5.492238409503012657e+09;5.491527310654012680e+09;5.490800056312701225e+09;5.490056488100808144e+09;5.489296454577096939e+09;5.488519811490384102e+09;5.487726422017578125e+09;5.486916156985300064e+09;5.486088895073640823e+09;5.485244523000599861e+09;5.484382935686100006e+09;5.483504036393924713e+09;5.482607736850687981e+09;5.481693957340438843e+09;5.480762626773827553e+09;5.479813682731032372e+09;5.478847071477254868e+09;5.477862747950461388e+09;5.476860675720380783e+09;5.475840826918574333e+09;5.474803182139253616e+09;5.473747730310767174e+09;5.472674468538006783e+09;5.471583401916027069e+09;5.470474543315461159e+09;5.469347913140793800e+09;5.468203539062341690e+09
5.505766204030370712e+09;5.505738483036626816e+09;5.505709747533689499e+09;5.505679961144208908e+09;5.505649086241320610e+09;5.505617083909579277e+09;5.505583913905187607e+09;5.505549534615110397e+09;5.505513903015352249e+09;5.505476974628290176e+09;5.505438703479041100e+09;5.505399042051039696e+09;5.505357941240550041e+09;5.505315350310424805e+09;5.505271216842945099e+09;5.505225486691732407e+09;5.505178103933029175e+09;5.505129010815935135e+09;5.505078147712059975e+09;5.505025453064335823e+09;5.504970863335165977e+09;5.504914312953978539e+09;5.504855734264044762e+09;5.504795057468838692e+09;5.504732210577969551e+09;5.504667119352517128e+09;5.504599707250139236e+09;5.504529895369950294e+09;5.504457602397016525e+09;5.504382744547000885e+09;5.504305235510600090e+09;5.504224986398179054e+09;5.504141905684719086e+09;5.504055899154885292e+09;5.503966869848779678e+09;5.503874718008214951e+09;5.503779341023756981e+09;5.503680633382672310e+09;5.503578486617979050e+09;5.503472789258813858e+09;5.503363426782089233e+09;5.503250281565930367e+09;5.503133232844906807e+09;5.503012156667332649e+09;5.502886925854737282e+09;5.502757409964011192e+09;5.502623475252223015e+09;5.502484984644350052e+09;5.502341797704476357e+09;5.502193770610307693e+09;5.502040756131579399e+09;5.501882603612622261e+09;5.501719158959161758e+09;5.501550264629952431e+09;5.501375759633204460e+09;5.501195479528562546e+09;5.501009256434389114e+09;5.500816919041172028e+09;5.500618292631147385e+09;5.500413199104359627e+09;5.500201457011636734e+09;5.499982881594885826e+09;5.499757284834648132e+09;5.499524475505542755e+09;5.499284259239937782e+09;5.499036438599706650e+09;5.498780813156899452e+09;5.498517179583086967e+09;5.498245331748085022e+09;5.497965060827833176e+09;5.497676155421992302e+09;5.497378401681161880e+09;5.497071583444096565e+09;5.496755482384921074e+09;5.496429878170435905e+09;5.496094548627551079e+09;5.495749269921049118e+09;5.495393816741348267e+09;5.495027962502520561e+09;5.494651479550211906e+09;5.494264139379572868e+09;5.493865712862652779e+09;5.493455970485356331e+09;5.493034682593647003e+09;5.492601619648191452e+09;5.492156552487728119e+09;5.491699252600168228e+09;5.491229492401182175e+09;5.490747045519630432e+09;5.490251687089179993e+09;5.489743194045512199e+09;5.489221345428325653e+09;5.488685922687298775e+09;5.488136709991314888e+09;5.487573494539861679e+09;5.486996066875814438e+09;5.486404221198452950e+09;5.485797755675757408e+09;5.485176472754897118e+09;5.484540179469674110e+09;5.483888687743674278e+09;5.483221814688295364e+09;5.482539382893759727e+09;5.481841220712408066e+09;5.481127162532663345e+09;5.480397049042300224e+09;5.479650727479897499e+09;5.478888051872900009e+09;5.478108883261081696e+09;5.477313089904006958e+09;5.476500547471143723e+09;5.475671139213446617e+09;5.474824756115060806e+09;5.473961297023921967e+09;5.473080668760182381e+09;5.472182786201409340e+09;5.471267572343451500e+09;5.470334958336214066e+09;5.469384883493599892e+09;5.468417295276820183e+09;5.467432149250789642e+09;5.466429409013161659e+09;5.465409046095916748e+09;5.464371039839594841e+09;5.463315377240129471e+09;5.462242052769420624e+09;5.461151068169503212e+09;5.460042432221951485e+09
5.495714143239825249e+09;5.495687884144496918e+09;5.495660663461222649e+09;5.495632446667521477e+09;5.495603198051938057e+09;5.495572880676760674e+09;5.495541456339776039e+09;5.495508885535199165e+09;5.495475127413606644e+09;5.495440139741007805e+09;5.495403878857006073e+09;5.495366299632093430e+09;5.495327355423926353e+09;5.495286998032933235e+09;5.495245177656804085e+09;5.495201842844333649e+09;5.495156940448307991e+09;5.495110415577655792e+09;5.495062211548747063e+09;5.495012269835994720e+09;5.494960530021685600e+09;5.494906929745195389e+09;5.494851404651494026e+09;5.494793888339107513e+09;5.494734312307533264e+09;5.494672605904168129e+09;5.494608696270802498e+09;5.494542508289843559e+09;5.494473964530199051e+09;5.494402985192964554e+09;5.494329488057105064e+09;5.494253388425029755e+09;5.494174599068351746e+09;5.494093030173817635e+09;5.494008589289609909e+09;5.493921181271996498e+09;5.493830708232838631e+09;5.493737069487451553e+09;5.493640161503767967e+09;5.493539877852222443e+09;5.493436109157052040e+09;5.493328743048932076e+09;5.493217664119249344e+09;5.493102753876028061e+09;5.492983890702100754e+09;5.492860949815205574e+09;5.492733803230695724e+09;5.492602319726945877e+09;5.492466364813513756e+09;5.492325800702630043e+09;5.492180486283969879e+09;5.492030277103281975e+09;5.491875025344798088e+09;5.491714579818073273e+09;5.491548785949210167e+09;5.491377485776988983e+09;5.491200517954153061e+09;5.491017717754067421e+09;5.490828917083068848e+09;5.490633944499033928e+09;5.490432625236050606e+09;5.490224781235938072e+09;5.490010231186527252e+09;5.489788790567423820e+09;5.489560271703046799e+09;5.489324483823698997e+09;5.489081233134545326e+09;5.488830322893127441e+09;5.488571553495257378e+09;5.488304722569974899e+09;5.488029625083298683e+09;5.487746053451424599e+09;5.487453797663142204e+09;5.487152645411871910e+09;5.486842382237328529e+09;5.486522791676925659e+09;5.486193655426907539e+09;5.485854753513336182e+09;5.485505864472723007e+09;5.485146765542545319e+09;5.484777232861134529e+09;5.484397041677140236e+09;5.484005966568247795e+09;5.483603781668731689e+09;5.483190260905874252e+09;5.482765178244707108e+09;5.482328307940521240e+09;5.481879424799207687e+09;5.481418304444228172e+09;5.480944723590320587e+09;5.480458460322883606e+09;5.479959294382530212e+09;5.479447007454077721e+09;5.478921383459265709e+09;5.478382208852192879e+09;5.477829272916842461e+09;5.477262368065532684e+09;5.476681290137503624e+09;5.476085838696419716e+09;5.475475817326061249e+09;5.474851033922592163e+09;5.474211300982810020e+09;5.473556435886758804e+09;5.472886261173809052e+09;5.472200604810741425e+09;5.471499300450727463e+09;5.470782187681984901e+09;5.470049112264522552e+09;5.469299926354184151e+09;5.468534488712244034e+09;5.467752664899611473e+09;5.466954327454288483e+09;5.466139356050851822e+09;5.465307637640857697e+09;5.464459066573067665e+09;5.463593544692330360e+09;5.462710981416300774e+09;5.461811293789084435e+09;5.460894406510905266e+09;5.459960251943368912e+09;5.459008770089504242e+09;5.458039908548523903e+09;5.457053622444849014e+09;5.456049874331443787e+09;5.455028634067579269e+09;5.453989878671416283e+09;5.452933592148013115e+09;5.451859765293313980e+09
5.485716886540209770e+09;5.485692007839249611e+09;5.485666217565173149e+09;5.485639482951741219e+09;5.485611770101340294e+09;5.485583043949263573e+09;5.485553268227132797e+09;5.485522405425429344e+09;5.485490416755116463e+09;5.485457262108348846e+09;5.485422900018382072e+09;5.485387287618485451e+09;5.485350380600037575e+09;5.485312133169728279e+09;5.485272498005879402e+09;5.485231426214019775e+09;5.485188867281430244e+09;5.485144769031046867e+09;5.485099077574498177e+09;5.485051737264389992e+09;5.485002690645833969e+09;5.484951878407262802e+09;5.484899239330642700e+09;5.484844710241006851e+09;5.484788225955393791e+09;5.484729719231313705e+09;5.484669120714693069e+09;5.484606358887471199e+09;5.484541360014801025e+09;5.484474048092043877e+09;5.484404344791497231e+09;5.484332169409141541e+09;5.484257438811265945e+09;5.484180067381281853e+09;5.484099966966710091e+09;5.484017046826482773e+09;5.483931213578737259e+09;5.483842371149041176e+09;5.483750420719641685e+09;5.483655260679153442e+09;5.483556786573731422e+09;5.483454891059002876e+09;5.483349463853707314e+09;5.483240391694639206e+09;5.483127558293499947e+09;5.483010844295508385e+09;5.482890127240387917e+09;5.482765281525450706e+09;5.482636178371536255e+09;5.482502685791539192e+09;5.482364668562211037e+09;5.482221988199164391e+09;5.482074502935473442e+09;5.481922067704125404e+09;5.481764534124643326e+09;5.481601750494001389e+09;5.481433561782337189e+09;5.481259809633524895e+09;5.481080332371109009e+09;5.480894965009671211e+09;5.480703539272146225e+09;5.480505883613198280e+09;5.480301823249075890e+09;5.480091180194178581e+09;5.479873773304606438e+09;5.479649418328984261e+09;5.479417927966850281e+09;5.479179111934904099e+09;5.478932777041175842e+09;5.478678727267685890e+09;5.478416763861427307e+09;5.478146685434154510e+09;5.477868288071071625e+09;5.477581365448487282e+09;5.477285708960728645e+09;5.476981107856298447e+09;5.476667349383342743e+09;5.476344218944559097e+09;5.476011500261469841e+09;5.475668975548069000e+09;5.475316425693727493e+09;5.474953630455307961e+09;5.474580368658292770e+09;5.474196418406700134e+09;5.473801557301657677e+09;5.473395562668088913e+09;5.472978211789544106e+09;5.472549282150378227e+09;5.472108551685164452e+09;5.471655799034578323e+09;5.471190803807441711e+09;5.470713346848206520e+09;5.470223210509081841e+09;5.469720178926438332e+09;5.469204038300477028e+09;5.468674577177350998e+09;5.468131586733161926e+09;5.467574861058485031e+09;5.467004197442955971e+09;5.466419396658522606e+09;5.465820263240712166e+09;5.465206605766464233e+09;5.464578237127762794e+09;5.463934974799695969e+09;5.463276641102025032e+09;5.462603063452837944e+09;5.461914074613277435e+09;5.461209512922023773e+09;5.460489222518486977e+09;5.459753053553241730e+09;5.459000862384791374e+09;5.458232511761319160e+09;5.457447870986180305e+09;5.456646816066390038e+09;5.455829229842556000e+09;5.454995002099544525e+09;5.454144029656885147e+09;5.453276216437968254e+09;5.452391473517304420e+09;5.451489719145162582e+09;5.450570878749023438e+09;5.449634884911462784e+09;5.448681677324085236e+09;5.447711202717466354e+09;5.446723414767209053e+09;5.445718273976200104e+09;5.444695747533579826e+09;5.443655809151150703e+09
5.475772181166164398e+09;5.475748605674420357e+09;5.475724165868171692e+09;5.475698830643597603e+09;5.475672567820194244e+09;5.475645344106701851e+09;5.475617125065972328e+09;5.475587875079143524e+09;5.475557557308783531e+09;5.475526133661315918e+09;5.475493564748472214e+09;5.475459809847904205e+09;5.475424826862911224e+09;5.475388572281337738e+09;5.475351001133564949e+09;5.475312066949715614e+09;5.475271721715928078e+09;5.475229915830001831e+09;5.475186598055966377e+09;5.475141715478169441e+09;5.475095213454366684e+09;5.475047035568248749e+09;5.474997123581187248e+09;5.474945417383386612e+09;5.474891854944379807e+09;5.474836372263006210e+09;5.474778903316769600e+09;5.474719380010917664e+09;5.474657732126918793e+09;5.474593887270756721e+09;5.474527770820868492e+09;5.474459305876031876e+09;5.474388413202926636e+09;5.474315011183961868e+09;5.474239015765011787e+09;5.474160340403390884e+09;5.474078896016194344e+09;5.473994590929009438e+09;5.473907330825212479e+09;5.473817018695947647e+09;5.473723554790966988e+09;5.473626836570455551e+09;5.473526758657974243e+09;5.473423212794774055e+09;5.473316087795570374e+09;5.473205269506043434e+09;5.473090640762154579e+09;5.472972081351584435e+09;5.472849467977476120e+09;5.472722674224673271e+09;5.472591570528681755e+09;5.472456024147620201e+09;5.472315899137426376e+09;5.472171056330474854e+09;5.472021353317919731e+09;5.471866644436126709e+09;5.471706780757253647e+09;5.471541610084323883e+09;5.471370976951296806e+09;5.471194722628034592e+09;5.471012685130734444e+09;5.470824699237994194e+09;5.470630596512780190e+09;5.470430205330657005e+09;5.470223350914501190e+09;5.470009855375925064e+09;5.469789537763807297e+09;5.469562214120069504e+09;5.469327697542994499e+09;5.469085798258311272e+09;5.468836323698300362e+09;5.468579078589092255e+09;5.468313865046329498e+09;5.468040482679416656e+09;5.467758728704486847e+09;5.467468398066113472e+09;5.467169283568058014e+09;5.466861176012887001e+09;5.466543864350628853e+09;5.466217135836518288e+09;5.465880776197581291e+09;5.465534569808217049e+09;5.465178299874440193e+09;5.464811748626960754e+09;5.464434697522363663e+09;5.464046927452709198e+09;5.463648218962942123e+09;5.463238352475769997e+09;5.462817108523727417e+09;5.462384267987963676e+09;5.461939612343226433e+09;5.461482923908500671e+09;5.461013986102785110e+09;5.460532583705277443e+09;5.460038503119375229e+09;5.459531532639628410e+09;5.459011462721038818e+09;5.458478086249741554e+09;5.457931198814187050e+09;5.457370598976104736e+09;5.456796088539987564e+09;5.456207472820418358e+09;5.455604560906057358e+09;5.454987165919083595e+09;5.454355105269534111e+09;5.453708200902741432e+09;5.453046279539299965e+09;5.452369172906178474e+09;5.451676717957892418e+09;5.450968757086599350e+09;5.450245138319972038e+09;5.449505715505694389e+09;5.448750348481637955e+09;5.447978903230370522e+09;5.447191252017214775e+09;5.446387273510775566e+09;5.445566852884900093e+09;5.444729881901487350e+09;5.443876258973017693e+09;5.443005889204442024e+09;5.442118684413588524e+09;5.441214563129830360e+09;5.440293450570579529e+09;5.439355278595321655e+09;5.438399985637477875e+09;5.437427516613819122e+09;5.436437822812078476e+09;5.435430861757214546e+09
5.465877821597126007e+09;5.465855476272748947e+09;5.465832311280674934e+09;5.465808297090326309e+09;5.465783403146477699e+09;5.465757597836557388e+09;5.465730848457136154e+09;5.465703121179468155e+09;5.465674381014340401e+09;5.465644591775902748e+09;5.465613716044812202e+09;5.465581715130328178e+09;5.465548549031717300e+09;5.465514176398724556e+09;5.465478554491264343e+09;5.465441639138122559e+09;5.465403384695048332e+09;5.465363744001833916e+09;5.465322668338709831e+09;5.465280107381917000e+09;5.465236009158520699e+09;5.465190320000432968e+09;5.465142984497890472e+09;5.465093945452060699e+09;5.465043143827083588e+09;5.464990518701591492e+09;5.464936007219524384e+09;5.464879544540602684e+09;5.464821063790173531e+09;5.464760496008784294e+09;5.464697770101441383e+09;5.464632812786509514e+09;5.464565548544526100e+09;5.464495899566872597e+09;5.464423785704428673e+09;5.464349124416369438e+09;5.464271830719062805e+09;5.464191817135367393e+09;5.464108993644268990e+09;5.464023267631088257e+09;5.463934543838374138e+09;5.463842724317547798e+09;5.463747708381601334e+09;5.463649392558841705e+09;5.463547670547913551e+09;5.463442433174325943e+09;5.463333568348556519e+09;5.463220961025979042e+09;5.463104493168889999e+09;5.462984043710563660e+09;5.462859488522042274e+09;5.462730700381254196e+09;5.462597548945225716e+09;5.462459900725390434e+09;5.462317619066116333e+09;5.462170564127062798e+09;5.462018592869122505e+09;5.461861559044866562e+09;5.461699313192848206e+09;5.461531702637102127e+09;5.461358571491177559e+09;5.461179760667531013e+09;5.460995107892354012e+09;5.460804447726081848e+09;5.460607611590015411e+09;5.460404427799082756e+09;5.460194721601220131e+09;5.459978315223508835e+09;5.459755027925342560e+09;5.459524676058876038e+09;5.459287073136912346e+09;5.459042029908623695e+09;5.458789354442996979e+09;5.458528852220489502e+09;5.458260326232885361e+09;5.457983577091467857e+09;5.457698403143789291e+09;5.457404600598851204e+09;5.457101963661046982e+09;5.456790284672658920e+09;5.456469354265015602e+09;5.456138961518233299e+09;5.455798894129480362e+09;5.455448938589639664e+09;5.455088880368161201e+09;5.454718504105973244e+09;5.454337593816116333e+09;5.453945933091954231e+09;5.453543305322471619e+09;5.453129493914344788e+09;5.452704282520316124e+09;5.452267455273523331e+09;5.451818797027010918e+09;5.451358093598135948e+09;5.450885132017033577e+09;5.450399700778529167e+09;5.449901590096877098e+09;5.449390592162378311e+09;5.448866501399367332e+09;5.448329114724376678e+09;5.447778231803904533e+09;5.447213655310613632e+09;5.446635191177314758e+09;5.446042648847453117e+09;5.445435841521240234e+09;5.444814586396387100e+09;5.444178704902428627e+09;5.443528022927470207e+09;5.442862371036375999e+09;5.442181584679262161e+09;5.441485504389335632e+09;5.440773975968766212e+09;5.440046850661911964e+09;5.439303985314493179e+09;5.438545242517965317e+09;5.437770490738067627e+09;5.436979604426638603e+09;5.436172464115854263e+09;5.435348956494150162e+09;5.434508974463104248e+09;5.433652417174603462e+09;5.432779190048111916e+09;5.431889204767247200e+09;5.430982379255728722e+09;5.430058637632523537e+09;5.429117910146063805e+09;5.428160133088170052e+09;5.427185248687627792e+09
5.456031656000870705e+09;5.456010471770644188e+09;5.455988510046454430e+09;5.455965742786322594e+09;5.455942140972991943e+09;5.455917674582661629e+09;5.455892312552891731e+09;5.455866022749639511e+09;5.455838771933495522e+09;5.455810525725170135e+09;5.455781248569923401e+09;5.455750903701420784e+09;5.455719453104566574e+09;5.455686857477564812e+09;5.455653076193127632e+09;5.455618067258869171e+09;5.455581787276920319e+09;5.455544191402577400e+09;5.455505233302334785e+09;5.455464865111043930e+09;5.455423037388280869e+09;5.455379699074017525e+09;5.455334797443531036e+09;5.455288278061681747e+09;5.455240084736427307e+09;5.455190159471763611e+09;5.455138442420170784e+09;5.455084871834271431e+09;5.455029384018233299e+09;5.454971913278647423e+09;5.454912391874891281e+09;5.454850749969425201e+09;5.454786915577589989e+09;5.454720814517357826e+09;5.454652370358950615e+09;5.454581504374433517e+09;5.454508135487465858e+09;5.454432180222990990e+09;5.454353552657649994e+09;5.454272164370100021e+09;5.454187924392189026e+09;5.454100739160728455e+09;5.454010512469853401e+09;5.453917145424575806e+09;5.453820536395271301e+09;5.453720580973390579e+09;5.453617171928655624e+09;5.453510199167742729e+09;5.453399549694828987e+09;5.453285107573982239e+09;5.453166753893817902e+09;5.453044366734384537e+09;5.452917821136729240e+09;5.452786989075181961e+09;5.452651739432662010e+09;5.452511937979329109e+09;5.452367447354493141e+09;5.452218127052583694e+09;5.452063833412783623e+09;5.451904419613166809e+09;5.451739735669080734e+09;5.451569628436493874e+09;5.451393941620275497e+09;5.451212515787651062e+09;5.451025188387382507e+09;5.450831793774656296e+09;5.450632163241916656e+09;5.450426125056168556e+09;5.450213504502760887e+09;5.449994123935892105e+09;5.449767802836208344e+09;5.449534357875496864e+09;5.449293602989001274e+09;5.449045349455144882e+09;5.448789405983104706e+09;5.448525578808270454e+09;5.448253671795876503e+09;5.447973486552547455e+09;5.447684822546299934e+09;5.447387477234673500e+09;5.447081246201151848e+09;5.446765923299942970e+09;5.446441300808904648e+09;5.446107169590624809e+09;5.445763319261525154e+09;5.445409538368800163e+09;5.445045614575031281e+09;5.444671334850204468e+09;5.444286485670765877e+09;5.443890853225585938e+09;5.443484223628229141e+09;5.443066383135213852e+09;5.442637118369856834e+09;5.442196216551023483e+09;5.441743465726360321e+09;5.441278655009347916e+09;5.440801574819594383e+09;5.440312017125540733e+09;5.439809775688936234e+09;5.439294646310417175e+09;5.438766427075101852e+09;5.438224918597636223e+09;5.437669924265643120e+09;5.437101250480716705e+09;5.436518706896099091e+09;5.435922106649831772e+09;5.435311266592745781e+09;5.434686007510053635e+09;5.434046154335570335e+09;5.433391536357646942e+09;5.432721987415670395e+09;5.432037346086236000e+09;5.431337455857921600e+09;5.430622165293770790e+09;5.429891328180356979e+09;5.429144803662745476e+09;5.428382456364349365e+09;5.427604156490822792e+09;5.426809779917307854e+09;5.425999208258378983e+09;5.425172328919997215e+09;5.424329035132926941e+09;5.423469225967474937e+09;5.422592806328882217e+09;5.421699686933540344e+09;5.420789784265824318e+09;5.419863020515734673e+09;5.418919323497675896e+09
5.446231592040759087e+09;5.446211503627255440e+09;5.446190677553478241e+09;5.446169087185666084e+09;5.446146704961744308e+09;5.446123502361314774e+09;5.446099449874932289e+09;5.446074516972579956e+09;5.446048672071318626e+09;5.446021882502131462e+09;5.445994114475975990e+09;5.445965333048939705e+09;5.445935502086666107e+09;5.445904584227924347e+09;5.445872540847291946e+09;5.445839332017126083e+09;5.445804916468663216e+09;5.445769251552306175e+09;5.445732293197099686e+09;5.445693995869489670e+09;5.445654312531277657e+09;5.445613194596763611e+09;5.445570591889225006e+09;5.445526452596678734e+09;5.445480723226937294e+09;5.445433348562034607e+09;5.445384271611976624e+09;5.445333433568076134e+09;5.445280773755484581e+09;5.445226229585474968e+09;5.445169736507188797e+09;5.445111227958995819e+09;5.445050635319521904e+09;5.444987887858521461e+09;5.444922912687392235e+09;5.444855634709810257e+09;5.444785976572105408e+09;5.444713858613971710e+09;5.444639198819048882e+09;5.444561912766101837e+09;5.444481913580284119e+09;5.444399111885137558e+09;5.444313415755018234e+09;5.444224730668479919e+09;5.444132959462368965e+09;5.444038002287067413e+09;5.443939756562914848e+09;5.443838116937941551e+09;5.443732975247261047e+09;5.443624220473910332e+09;5.443511738711851120e+09;5.443395413130971909e+09;5.443275123944148064e+09;5.443150748377160072e+09;5.443022160641032219e+09;5.442889231907340050e+09;5.442751830286775589e+09;5.442609820810887337e+09;5.442463065417624474e+09;5.442311422940632820e+09;5.442154749102634430e+09;5.441992896513118744e+09;5.441825714670768738e+09;5.441653049970606804e+09;5.441474745716145515e+09;5.441290642137181282e+09;5.441100576412787437e+09;5.440904382700489998e+09;5.440701892171299934e+09;5.440492933051135063e+09;5.440277330668718338e+09;5.440054907510327339e+09;5.439825483281383514e+09;5.439588874975211143e+09;5.439344896949181557e+09;5.439093361008190155e+09;5.438834076495876312e+09;5.438566850393530846e+09;5.438291487426784515e+09;5.438007790180179596e+09;5.437715559219758034e+09;5.437414593223506927e+09;5.437104689119765282e+09;5.436785642233459473e+09;5.436457246440114975e+09;5.436119294327641487e+09;5.435771577365366936e+09;5.435413886080583572e+09;5.435046010242081642e+09;5.434667739050339699e+09;5.434278861334209442e+09;5.433879165753762245e+09;5.433468441008571625e+09;5.433046476051376343e+09;5.432613060306290627e+09;5.432167983891260147e+09;5.431711037844002724e+09;5.431242014350900650e+09;5.430760706978159904e+09;5.430266910904477119e+09;5.429760423154644012e+09;5.429241042832924843e+09;5.428708571355957031e+09;5.428162812683798790e+09;5.427603573548498154e+09;5.427030663679415703e+09;5.426443896024093628e+09;5.425843086963879585e+09;5.425228056523490906e+09;5.424598628573319435e+09;5.423954631023671150e+09;5.423295896009985924e+09;5.422622260068082809e+09;5.421933564298374176e+09;5.421229654518421173e+09;5.420510381402675629e+09;5.419775600608629227e+09;5.419025172888796806e+09;5.418258964187429428e+09;5.417476845721616745e+09;5.416678694045902252e+09;5.415864391100167274e+09;5.415033824240049362e+09;5.414186886249835014e+09;5.413323475337515831e+09;5.412443495111908913e+09;5.411546854541956902e+09;5.410633467898372650e+09
5.436475602018914223e+09;5.436456547769996643e+09;5.436436793481691360e+09;5.436416313852378845e+09;5.436395082696609497e+09;5.436373072916431427e+09;5.436350256471927643e+09;5.436326604351106644e+09;5.436302086538856506e+09;5.436276671985195160e+09;5.436250328572685242e+09;5.436223023083110809e+09;5.436194721163227081e+09;5.436165387289803505e+09;5.436134984733909607e+09;5.436103475524164200e+09;5.436070820409444809e+09;5.436036978820703506e+09;5.436001908831833839e+09;5.435965567120069504e+09;5.435927908925314903e+09;5.435888888008870125e+09;5.435848456611417770e+09;5.435806565410246849e+09;5.435763163475765228e+09;5.435718198227398872e+09;5.435671615388844490e+09;5.435623358942613602e+09;5.435573371084178925e+09;5.435521592175413132e+09;5.435467960697722435e+09;5.435412413204582214e+09;5.435354884273791313e+09;5.435295306459399223e+09;5.435233610243379593e+09;5.435169723987100601e+09;5.435103573882675171e+09;5.435035083904387474e+09;5.434964175760027885e+09;5.434890768842547417e+09;5.434814780181825638e+09;5.434736124396954536e+09;5.434654713648851395e+09;5.434570457593583107e+09;5.434483263336333275e+09;5.434393035386364937e+09;5.434299675612806320e+09;5.434203083201748848e+09;5.434103154614554405e+09;5.433999783547690392e+09;5.433892860894203186e+09;5.433782274706966400e+09;5.433667910164030075e+09;5.433549649536080360e+09;5.433427372156330109e+09;5.433300954393029213e+09;5.433170269624801636e+09;5.433035188218944550e+09;5.432895577513103485e+09;5.432751301800292015e+09;5.432602222317749977e+09;5.432448197239672661e+09;5.432289081674170494e+09;5.432124727664629936e+09;5.431954984195772171e+09;5.431779697204612732e+09;5.431598709596521378e+09;5.431411861266789436e+09;5.431218989127702713e+09;5.431019927141469002e+09;5.430814506359380722e+09;5.430602554967001915e+09;5.430383898336082458e+09;5.430158359083062172e+09;5.429925757134396553e+09;5.429685909799009323e+09;5.429438631847850800e+09;5.429183735600827217e+09;5.428921031021098137e+09;5.428650325816859245e+09;5.428371425550782204e+09;5.428084133756949425e+09;5.427788252065484047e+09;5.427483580334646225e+09;5.427169916790551186e+09;5.426847058174308777e+09;5.426514799896351814e+09;5.426172936198072433e+09;5.425821260320306778e+09;5.425459564678463936e+09;5.425087641044188499e+09;5.424705280733025551e+09;5.424312274797867775e+09;5.423908414227749825e+09;5.423493490151356697e+09;5.423067294045230865e+09;5.422629617945517540e+09;5.422180254663264275e+09;5.421718998002195358e+09;5.421245642978709221e+09;5.420759986043171883e+09;5.420261825301740646e+09;5.419750960738284111e+09;5.419227194435264587e+09;5.418690330793022156e+09;5.418140176746453285e+09;5.417576541978376389e+09;5.416999239128627777e+09;5.416408083998087883e+09;5.415802895746563911e+09;5.415183497083880424e+09;5.414549714453054428e+09;5.413901378204903603e+09;5.413238322762845039e+09;5.412560386777478218e+09;5.411867413269704819e+09;5.411159249761849403e+09;5.410435748395907402e+09;5.409696766038118362e+09;5.408942164369433403e+09;5.408171809960996628e+09;5.407385574334396362e+09;5.406583334006015778e+09;5.405764970515163422e+09;5.404930370436030388e+09;5.404079425372874260e+09;5.403212031938855171e+09;5.402328091718371391e+09
5.426761727330399513e+09;5.426743649051473618e+09;5.426724906262992859e+09;5.426705474923327446e+09;5.426685330149254799e+09;5.426664446188534737e+09;5.426642796391706467e+09;5.426620353183234215e+09;5.426597088031811714e+09;5.426572971419882774e+09;5.426547972812495232e+09;5.426522060625206947e+09;5.426495202191397667e+09;5.426467363728558540e+09;5.426438510304023743e+09;5.426408605799768448e+09;5.426377612876421928e+09;5.426345492936517715e+09;5.426312206087018967e+09;5.426277711100955963e+09;5.426241965378333092e+09;5.426204924906350136e+09;5.426166544218758583e+09;5.426126776354580879e+09;5.426085572816137314e+09;5.426042883526265144e+09;5.425998656785069466e+09;5.425952839225774765e+09;5.425905375770366669e+09;5.425856209584239960e+09;5.425805282030638695e+09;5.425752532624522209e+09;5.425697898985914230e+09;5.425641316793103218e+09;5.425582719735221863e+09;5.425522039464890480e+09;5.425459205550419807e+09;5.425394145428089142e+09;5.425326784354255676e+09;5.425257045357640266e+09;5.425184849191670418e+09;5.425110114287102699e+09;5.425032756705027580e+09;5.424952690090237617e+09;5.424869825625333786e+09;5.424784071985297203e+09;5.424695335293154716e+09;5.424603519076402664e+09;5.424508524224657059e+09;5.424410248948525429e+09;5.424308588739929199e+09;5.424203436333949089e+09;5.424094681672502518e+09;5.423982211869981766e+09;5.423865911180839539e+09;5.423745660969756126e+09;5.423621339684080124e+09;5.423492822829178810e+09;5.423359982946517944e+09;5.423222689595121384e+09;5.423080809336147308e+09;5.422934205721273422e+09;5.422782739284704208e+09;5.422626267539323807e+09;5.422464644977161407e+09;5.422297723074182510e+09;5.422125350300017357e+09;5.421947372132537842e+09;5.421763631077604294e+09;5.421573966694346428e+09;5.421378215625948906e+09;5.421176211636334419e+09;5.420967785652979851e+09;5.420752765815756798e+09;5.420530977532502174e+09;5.420302243540909767e+09;5.420066383977357864e+09;5.419823216452581406e+09;5.419572556134264946e+09;5.419314215836984634e+09;5.419048006119054794e+09;5.418773735386866570e+09;5.418491210006353378e+09;5.418200234421778679e+09;5.417900611281847954e+09;5.417592141572855949e+09;5.417274624759028435e+09;5.416947858929882050e+09;5.416611640954194069e+09;5.416265766640833855e+09;5.415910030905713081e+09;5.415544227945014000e+09;5.415168151414058685e+09;5.414781594611708641e+09;5.414384350669737816e+09;5.413976212746681213e+09;5.413556974226101875e+09;5.413126428918101311e+09;5.412684371264163971e+09;5.412230596544372559e+09;5.411764901086327553e+09;5.411287082475569725e+09;5.410796939766182899e+09;5.410294273691431046e+09;5.409778886873240471e+09;5.409250584030099869e+09;5.408709172182306290e+09;5.408154460854019165e+09;5.407586262271042824e+09;5.407004391553650856e+09;5.406408666903566360e+09;5.405798909784374237e+09;5.405174945094180107e+09;5.404536601330155373e+09;5.403883710743749619e+09;5.403216109486058235e+09;5.402533637742340088e+09;5.401836139855095863e+09;5.401123464435023308e+09;5.400395464459085464e+09;5.399651997355198860e+09;5.398892925072952271e+09;5.398118114140044212e+09;5.397327435703845024e+09;5.396520765557992935e+09;5.395697984153878212e+09;5.394858976596808434e+09;5.394003632627022743e+09
5.417088082206933022e+09;5.417070924996665001e+09;5.417053136831737518e+09;5.417034694862248421e+09;5.417015575436759949e+09;5.416995754076068878e+09;5.416975205446249962e+09;5.416953903331003189e+09;5.416931820603150368e+09;5.416908929195563316e+09;5.416885200071192741e+09;5.416860603192358017e+09;5.416835107489309311e+09;5.416808680828006744e+09;5.416781289977078438e+09;5.416752900574045181e+09;5.416723477090782166e+09;5.416692982798072815e+09;5.416661379729631424e+09;5.416628628645128250e+09;5.416594688992527008e+09;5.416559518869668961e+09;5.416523074985220909e+09;5.416485312618655205e+09;5.416446185579727173e+09;5.416405646167193413e+09;5.416363645126782417e+09;5.416320131608681679e+09;5.416275053124195099e+09;5.416228355501981735e+09;5.416179982843703270e+09;5.416129877479094505e+09;5.416077979920618057e+09;5.416024228817709923e+09;5.415968560910603523e+09;5.415910910983893394e+09;5.415851211819768906e+09;5.415789394151225090e+09;5.415725386614943504e+09;5.415659115704310417e+09;5.415590505722393036e+09;5.415519478735102654e+09;5.415445954524538994e+09;5.415369850542677879e+09;5.415291081865587234e+09;5.415209561147977829e+09;5.415125198578756332e+09;5.415037901837002754e+09;5.414947576049179077e+09;5.414854123747245789e+09;5.414757444828032494e+09;5.414657436514041901e+09;5.414553993315659523e+09;5.414447006995173454e+09;5.414336366532631874e+09;5.414221958093714714e+09;5.414103664999837875e+09;5.413981367700778961e+09;5.413854943749795914e+09;5.413724267781649590e+09;5.413589211493643761e+09;5.413449643629858971e+09;5.413305429968973160e+09;5.413156433315556526e+09;5.413002513495430946e+09;5.412843527355072975e+09;5.412679328765401840e+09;5.412509768629978180e+09;5.412334694898243904e+09;5.412153952583489418e+09;5.411967383786217690e+09;5.411774827722845078e+09;5.411576120760077477e+09;5.411371096454992294e+09;5.411159585601315498e+09;5.410941416281682014e+09;5.410716413926366806e+09;5.410484401378433228e+09;5.410245198965581894e+09;5.409998624578556061e+09;5.409744493756630898e+09;5.409482619779730797e+09;5.409212813767737389e+09;5.408934884786497116e+09;5.408648639961070061e+09;5.408353884595675468e+09;5.408050422300654411e+09;5.407738055126134872e+09;5.407416583702331543e+09;5.407085807386350632e+09;5.406745524415318489e+09;5.406395532065426826e+09;5.406035626816929817e+09;5.405665604524468422e+09;5.405285260592603683e+09;5.404894390156023979e+09;5.404492788264161110e+09;5.404080250069526672e+09;5.403656571019568443e+09;5.403221547051268578e+09;5.402774974787996292e+09;5.402316651738092422e+09;5.401846376494439125e+09;5.401363948934410095e+09;5.400869170419617653e+09;5.400361843994404793e+09;5.399841774582869530e+09;5.399308769183198929e+09;5.398762637058709145e+09;5.398203189925057411e+09;5.397630242132312775e+09;5.397043610841610909e+09;5.396443116195313454e+09;5.395828581479935646e+09;5.395199833281163216e+09;5.394556701630048752e+09;5.393899020139789581e+09;5.393226626132286072e+09;5.392539360753891945e+09;5.391837069079659462e+09;5.391119600205529213e+09;5.390386807327938080e+09;5.389638547810458183e+09;5.388874683236970901e+09;5.388095079451192856e+09;5.387299606582274437e+09;5.386488139056527138e+09;5.385660555594999313e+09
5.407452856733309746e+09;5.407436568822968483e+09;5.407419681648648262e+09;5.407402173487592697e+09;5.407384021853462219e+09;5.407365203471381187e+09;5.407345694251982689e+09;5.407325469265035629e+09;5.407304502712184906e+09;5.407282767898972511e+09;5.407260237206151962e+09;5.407236882060319901e+09;5.407212672903681755e+09;5.407187579163087845e+09;5.407161569218403816e+09;5.407134610370056152e+09;5.407106668805721283e+09;5.407077709566430092e+09;5.407047696511763573e+09;5.407016592284331322e+09;5.406984358273558617e+09;5.406950954578598022e+09;5.406916339970602989e+09;5.406880471854200363e+09;5.406843306228342056e+09;5.406804797646296501e+09;5.406764899175130844e+09;5.406723562354418755e+09;5.406680737154331207e+09;5.406636371933160782e+09;5.406590413394201279e+09;5.406542806542130470e+09;5.406493494638854980e+09;5.406442419158948898e+09;5.406389519744602203e+09;5.406334734160222054e+09;5.406277998246756554e+09;5.406219245875753403e+09;5.406158408903149605e+09;5.406095417123145103e+09;5.406030198221771240e+09;5.405962677730704308e+09;5.405892778981125832e+09;5.405820423057797432e+09;5.405745528753419876e+09;5.405668012523499489e+09;5.405587788441645622e+09;5.405504768155568123e+09;5.405418860843848228e+09;5.405329973173545837e+09;5.405238009258871078e+09;5.405142870621077538e+09;5.405044456149532318e+09;5.404942662064459801e+09;5.404837381881151199e+09;5.404728506376028061e+09;5.404615923554728508e+09;5.404499518622296333e+09;5.404379173955685616e+09;5.404254769078849792e+09;5.404126180640570641e+09;5.403993282395094872e+09;5.403855945185991287e+09;5.403714036933325768e+09;5.403567422624373436e+09;5.403415964308018684e+09;5.403259521093222618e+09;5.403097949151558876e+09;5.402931101724278450e+09;5.402758829133805275e+09;5.402580978800158501e+09;5.402397395262353897e+09;5.402207920205043793e+09;5.402012392490477562e+09;5.401810648196180344e+09;5.401602520658322334e+09;5.401387840520991325e+09;5.401166435791611671e+09;5.400938131902654648e+09;5.400702751779506683e+09;5.400460115914945602e+09;5.400210042450118065e+09;5.399952347262116432e+09;5.399686844058158875e+09;5.399413344476587296e+09;5.399131658194271088e+09;5.398841593040824890e+09;5.398542955119408607e+09;5.398235548933786392e+09;5.397919177521897316e+09;5.397593642595508575e+09;5.397258744685912132e+09;5.396914283295281410e+09;5.396560057053528786e+09;5.396195863880461693e+09;5.395821501152606010e+09;5.395436765874552727e+09;5.395041454854480743e+09;5.394635364883133888e+09;5.394218292916078568e+09;5.393790036258421898e+09;5.393350392751827240e+09;5.392899160962853432e+09;5.392436140372262001e+09;5.391961131564629555e+09;5.391473936417608261e+09;5.390974358289948463e+09;5.390462202207976341e+09;5.389937275049519539e+09;5.389399385724623680e+09;5.388848345352307320e+09;5.388283967432748795e+09;5.387706068013971329e+09;5.387114465852408409e+09;5.386508982566585541e+09;5.385889442783219337e+09;5.385255674274950981e+09;5.384607508089207649e+09;5.383944778667369843e+09;5.383267323953824997e+09;5.382574985494067192e+09;5.381867608521681786e+09;5.381145042033543587e+09;5.380407138852826118e+09;5.379653755679692268e+09;5.378884753129320145e+09;5.378099995757067680e+09;5.377299352070973396e+09
5.397854319123600006e+09;5.397838851720563889e+09;5.397822814985445023e+09;5.397806188261477470e+09;5.397788950164423943e+09;5.397771078558615685e+09;5.397752550532243729e+09;5.397733342371953011e+09;5.397713429536800385e+09;5.397692786631474495e+09;5.397671387378746986e+09;5.397649204591351509e+09;5.397626210142922401e+09;5.397602374938400269e+09;5.397577668883543968e+09;5.397552060853777885e+09;5.397525518662237167e+09;5.397498009027153969e+09;5.397469497538311005e+09;5.397439948623004913e+09;5.397409325510983467e+09;5.397377590198824883e+09;5.397344703413556099e+09;5.397310624575469017e+09;5.397275311760210991e+09;5.397238721660326958e+09;5.397200809545938492e+09;5.397161529224770546e+09;5.397120833001676559e+09;5.397078671637322426e+09;5.397034994306420326e+09;5.396989748555349350e+09;5.396942880259235382e+09;5.396894333578487396e+09;5.396844050914963722e+09;5.396791972867680550e+09;5.396738038188069344e+09;5.396682183735150337e+09;5.396624344430162430e+09;5.396564453211220741e+09;5.396502440987817764e+09;5.396438236595143318e+09;5.396371766748579979e+09;5.396302955998304367e+09;5.396231726683914185e+09;5.396157998889635086e+09;5.396081690399646759e+09;5.396002716654116631e+09;5.395920990705719948e+09;5.395836423176921844e+09;5.395748922218248367e+09;5.395658393467261314e+09;5.395564740008994102e+09;5.395467862337388039e+09;5.395367658318297386e+09;5.395264023154013634e+09;5.395156849349551201e+09;5.395046026680747032e+09;5.394931442164608955e+09;5.394812980031736374e+09;5.394690521701276779e+09;5.394563945758439064e+09;5.394433127934876442e+09;5.394297941092131615e+09;5.394158255208030701e+09;5.394013937366860390e+09;5.393864851752860069e+09;5.393710859647602081e+09;5.393551819431529999e+09;5.393387586589473724e+09;5.393218013720825195e+09;5.393042950554164886e+09;5.392862243966860771e+09;5.392675738009483337e+09;5.392483273935622215e+09;5.392284690236950874e+09;5.392079822683811188e+09;5.391868504371608734e+09;5.391650565772964478e+09;5.391425834795804977e+09;5.391194136847671509e+09;5.390955294906036377e+09;5.390709129595045090e+09;5.390455459268496513e+09;5.390194100099175453e+09;5.389924866174636841e+09;5.389647569599246025e+09;5.389362020602610588e+09;5.389068027654263496e+09;5.388765397584459305e+09;5.388453935711099625e+09;5.388133445972374916e+09;5.387803731065249443e+09;5.387464592589336395e+09;5.387115831195867538e+09;5.386757246741791725e+09;5.386388638448259354e+09;5.386009805063328743e+09;5.385620545028680801e+09;5.385220656649490356e+09;5.384809938267404556e+09;5.384388188435810089e+09;5.383955206097147942e+09;5.383510790761557579e+09;5.383054742686220169e+09;5.382586863055068970e+09;5.382106954157826424e+09;5.381614819568219185e+09;5.381110264320195198e+09;5.380593095081963539e+09;5.380063120326727867e+09;5.379520150499780655e+09;5.378963998180980682e+09;5.378394478242222786e+09;5.377811407998799324e+09;5.377214607354476929e+09;5.376603898939168930e+09;5.375979108238855362e+09;5.375340063717070580e+09;5.374686596927252769e+09;5.374018542615567207e+09;5.373335738813705444e+09;5.372638026921106339e+09;5.371925251776243210e+09;5.371197261716763496e+09;5.370453908628198624e+09;5.369695047980959892e+09;5.368920538855731010e+09
5.388290817248609543e+09;5.388276124384350777e+09;5.388260890461192131e+09;5.388245095830649376e+09;5.388228720151049614e+09;5.388211742364454269e+09;5.388194140673159599e+09;5.388175892515230179e+09;5.388156974539696693e+09;5.388137362580798149e+09;5.388117031631595612e+09;5.388095955817029953e+09;5.388074108366044998e+09;5.388051461583149910e+09;5.388027986819181442e+09;5.388003654441410065e+09;5.387978433802762985e+09;5.387952293210546494e+09;5.387925199894114494e+09;5.387897119972156525e+09;5.387868018418938637e+09;5.387837859029969215e+09;5.387806604386906624e+09;5.387774215821710587e+09;5.387740653380108833e+09;5.387705875784336090e+09;5.387669840395182610e+09;5.387632503173386574e+09;5.387593818640303612e+09;5.387553739838017464e+09;5.387512218288760185e+09;5.387469203953738213e+09;5.387424645191517830e+09;5.387378488715659142e+09;5.387330679552089691e+09;5.387281160995871544e+09;5.387229874567530632e+09;5.387176759969269753e+09;5.387121755040495872e+09;5.387064795713416100e+09;5.387005815968298912e+09;5.386944747788578987e+09;5.386881521115993500e+09;5.386816063805672646e+09;5.386748301581351280e+09;5.386678157990806580e+09;5.386605554361492157e+09;5.386530409756590843e+09;5.386452640931581497e+09;5.386372162291333199e+09;5.386288885847898483e+09;5.386202721179209709e+09;5.386113575388669014e+09;5.386021353065722466e+09;5.385925956247908592e+09;5.385827284383935928e+09;5.385725234298615456e+09;5.385619700159172058e+09;5.385510573443557739e+09;5.385397742910734177e+09;5.385281094573050499e+09;5.385160511671002388e+09;5.385035874650615692e+09;5.384907061143292427e+09;5.384773945948871613e+09;5.384636401021446228e+09;5.384494295458730698e+09;5.384347495494725227e+09;5.384195864496144295e+09;5.384039262962640762e+09;5.383877548531163216e+09;5.383710575984524727e+09;5.383538197264376640e+09;5.383360261488895416e+09;5.383176614975197792e+09;5.382987101266862869e+09;5.382791561166453362e+09;5.382589832773474693e+09;5.382381751527767181e+09;5.382167150258458138e+09;5.381945859238662720e+09;5.381717706246082306e+09;5.381482516629412651e+09;5.381240113380804062e+09;5.380990317214403152e+09;5.380732946650921822e+09;5.380467818108333588e+09;5.380194745998650551e+09;5.379913542830661774e+09;5.379624019318763733e+09;5.379325984497555733e+09;5.379019245842257500e+09;5.378703609394603729e+09;5.378378879894279480e+09;5.378044860915455818e+09;5.377701355008218765e+09;5.377348163844704628e+09;5.376985088369552612e+09;5.376611928954354286e+09;5.376228485555583000e+09;5.375834557875853539e+09;5.375429945527827263e+09;5.375014448200420380e+09;5.374587865826758385e+09;5.374149998753396034e+09;5.373700647910186768e+09;5.373239614980302811e+09;5.372766702569766045e+09;5.372281714375887871e+09;5.371784455353978157e+09;5.371274731881733894e+09;5.370752351920660973e+09;5.370217125173776627e+09;5.369668863239047050e+09;5.369107379757987976e+09;5.368532490558542252e+09;5.367944013791872025e+09;5.367341770062293053e+09;5.366725582549847603e+09;5.366095277124986649e+09;5.365450682454620361e+09;5.364791630099478722e+09;5.364117954601854324e+09;5.363429493563765526e+09;5.362726087714986801e+09;5.362007580970743179e+09;5.361273820478927612e+09;5.360524656656702042e+09
5.378760779411909103e+09;5.378746817794381142e+09;5.378732341827569962e+09;5.378717332816777229e+09;5.378701771406534195e+09;5.378685637558613777e+09;5.378668910529397964e+09;5.378651568846618652e+09;5.378633590285430908e+09;5.378614951843839645e+09;5.378595629717415810e+09;5.378575599273353577e+09;5.378554835023852348e+09;5.378533310598746300e+09;5.378510998717525482e+09;5.378487871160478592e+09;5.378463898739282608e+09;5.378439051266827583e+09;5.378413297526228905e+09;5.378386605239189148e+09;5.378358941033660889e+09;5.378330270410662651e+09;5.378300557710543633e+09;5.378269766078338623e+09;5.378237857428584099e+09;5.378204792409229279e+09;5.378170530365112305e+09;5.378135029300494194e+09;5.378098245841100693e+09;5.378060135195367813e+09;5.378020651115223885e+09;5.377979745856093407e+09;5.377937370136450768e+09;5.377893473096730232e+09;5.377848002257700920e+09;5.377800903478460312e+09;5.377752120913879395e+09;5.377701596971624374e+09;5.377649272268946648e+09;5.377595085588974953e+09;5.377538973836911201e+09;5.377480871995981216e+09;5.377420713083215714e+09;5.377358428105155945e+09;5.377293946013687134e+09;5.377227193661790848e+09;5.377158095759604454e+09;5.377086574830716133e+09;5.377012551168707848e+09;5.376935942794317245e+09;5.376856665412995338e+09;5.376774632373292923e+09;5.376689754625915527e+09;5.376601940683670998e+09;5.376511096582648277e+09;5.376417125844272614e+09;5.376319929438926697e+09;5.376219405750892639e+09;5.376115450544903755e+09;5.376007956934488297e+09;5.375896815352246284e+09;5.375781913522133827e+09;5.375663136434118271e+09;5.375540366321114540e+09;5.375413482638636589e+09;5.375282362047213554e+09;5.375146878397718430e+09;5.375006902719923019e+09;5.374862303214275360e+09;5.374712945247379303e+09;5.374558691351035118e+09;5.374399401225215912e+09;5.374234931745194435e+09;5.374065136972838402e+09;5.373889868172478676e+09;5.373708973831245422e+09;5.373522299684298515e+09;5.373329688744965553e+09;5.373130981340044975e+09;5.372926015150205612e+09;5.372714625255898476e+09;5.372496644188672066e+09;5.372271901988053322e+09;5.372040226264254570e+09;5.371801442266409874e+09;5.371555372956665039e+09;5.371301839090229034e+09;5.371040659301043510e+09;5.370771650193359375e+09;5.370494626439023972e+09;5.370209400880530357e+09;5.369915784639605522e+09;5.369613587231205940e+09;5.369302616683024406e+09;5.368982679659888268e+09;5.368653581593245506e+09;5.368315126815227509e+09;5.367967118697172165e+09;5.367609359792213440e+09;5.367241651981573105e+09;5.366863796624291420e+09;5.366475594709993362e+09;5.366076847014034271e+09;5.365667354254968643e+09;5.365246917253533363e+09;5.364815337092747688e+09;5.364372415278675079e+09;5.363917953901196480e+09;5.363451755794331551e+09;5.362973624695428848e+09;5.362483365402678490e+09;5.361980783930436134e+09;5.361465687661623001e+09;5.360937885496598244e+09;5.360397187998050690e+09;5.359843407531209946e+09;5.359276358398621559e+09;5.358695856969404221e+09;5.358101721801705360e+09;5.357493773758674622e+09;5.356871836116666794e+09;5.356235734665724754e+09;5.355585297801769257e+09;5.354920356610087395e+09;5.354240744939831734e+09;5.353546299469207764e+09;5.352836859761365891e+09;5.352112268310664177e+09
5.369262714375694275e+09;5.369249443246793747e+09;5.369235683004837036e+09;5.369221415857395172e+09;5.369206623382099152e+09;5.369191286505537987e+09;5.369175385481590271e+09;5.369158899869217873e+09;5.369141808509430885e+09;5.369124089501855850e+09;5.369105720180406570e+09;5.369086677088498116e+09;5.369066935953421593e+09;5.369046471660165787e+09;5.369025258224456787e+09;5.369003268765190125e+09;5.368980475476012230e+09;5.368956849596442223e+09;5.368932361381978035e+09;5.368906980073754311e+09;5.368880673867322922e+09;5.368853409880783081e+09;5.368825154122188568e+09;5.368795871456202507e+09;5.368765525570110321e+09;5.368734078939035416e+09;5.368701492790612221e+09;5.368667727068756104e+09;5.368632740397006989e+09;5.368596490040970802e+09;5.368558931870294571e+09;5.368520020319947243e+09;5.368479708350879669e+09;5.368437947410199165e+09;5.368394687390611649e+09;5.368349876589570045e+09;5.368303461667779922e+09;5.368255387607297897e+09;5.368205597669237137e+09;5.368154033351140976e+09;5.368100634343939781e+09;5.368045338488816261e+09;5.367988081733672142e+09;5.367928798089627266e+09;5.367867419587376595e+09;5.367803876233506203e+09;5.367738095966960907e+09;5.367670004615619659e+09;5.367599525853099823e+09;5.367526581156011581e+09;5.367451089761440277e+09;5.367372968625126839e+09;5.367292132380253792e+09;5.367208493296904564e+09;5.367121961242490768e+09;5.367032443643129349e+09;5.366939845446100235e+09;5.366844069083662033e+09;5.366745014438142776e+09;5.366642578808662415e+09;5.366536656879530907e+09;5.366427140690387726e+09;5.366313919608523369e+09;5.366196880303223610e+09;5.366075906722441673e+09;5.365950880072093964e+09;5.365821678797904968e+09;5.365688178570149422e+09;5.365550252271461487e+09;5.365407769987780571e+09;5.365260599002711296e+09;5.365108603795493126e+09;5.364951646042637825e+09;5.364789584623550415e+09;5.364622275630232811e+09;5.364449572381198883e+09;5.364271325439964294e+09;5.364087382637921333e+09;5.363897589102160454e+09;5.363701787288038254e+09;5.363499817016828537e+09;5.363291515518489838e+09;5.363076717479755402e+09;5.362855255097401619e+09;5.362626958137187004e+09;5.362391653998029709e+09;5.362149167781864166e+09;5.361899322369090080e+09;5.361641938499410629e+09;5.361376834858371735e+09;5.361103828169281006e+09;5.360822733290704727e+09;5.360533363319012642e+09;5.360235529696487427e+09;5.359929042324163437e+09;5.359613709679737091e+09;5.359289338940104485e+09;5.358955736108228683e+09;5.358612706144365311e+09;5.358260053100885391e+09;5.357897580260968208e+09;5.357525090280083656e+09;5.357142385330690384e+09;5.356749267249003410e+09;5.356345537683941841e+09;5.355930998247448921e+09;5.355505450665939331e+09;5.355068696932214737e+09;5.354620539457412720e+09;5.354160781222477913e+09;5.353689225928503990e+09;5.353205678145559311e+09;5.352709943459234238e+09;5.352201828614528656e+09;5.351681141656394958e+09;5.351147692066514015e+09;5.350601290895462990e+09;5.350041750890209198e+09;5.349468886615813255e+09;5.348882514571490288e+09;5.348282453299947739e+09;5.347668523489993095e+09;5.347040548071780205e+09;5.346398352304387093e+09;5.345741763855473518e+09;5.345070612872657776e+09;5.344384732046499252e+09;5.343683956664831161e+09
5.359795210644704819e+09;5.359782591642629623e+09;5.359769507375696182e+09;5.359755940905220032e+09;5.359741874691738129e+09;5.359727290574846268e+09;5.359712169752512932e+09;5.359696492759675980e+09;5.359680239446373940e+09;5.359663388955064774e+09;5.359645919697477341e+09;5.359627809330765724e+09;5.359609034732949257e+09;5.359589571977763176e+09;5.359569396308848381e+09;5.359548482113158226e+09;5.359526802893805504e+09;5.359504331242156982e+09;5.359481038809225082e+09;5.359456896276348114e+09;5.359431873325261116e+09;5.359405938607334137e+09;5.359379059712170601e+09;5.359351203135504723e+09;5.359322334246380806e+09;5.359292417253637314e+09;5.359261415171678543e+09;5.359229289785615921e+09;5.359196001615672112e+09;5.359161509880929947e+09;5.359125772462462425e+09;5.359088745865849495e+09;5.359050385182939529e+09;5.359010644053230286e+09;5.358969474624462128e+09;5.358926827512844086e+09;5.358882651762640953e+09;5.358836894805386543e+09;5.358789502418529510e+09;5.358740418683751106e+09;5.358689585944973946e+09;5.358636944765921593e+09;5.358582433887559891e+09;5.358525990185204506e+09;5.358467548625583649e+09;5.358407042223793030e+09;5.358344402000195503e+09;5.358279556937457085e+09;5.358212433937623024e+09;5.358142957779581070e+09;5.358071051076592445e+09;5.357996634234556198e+09;5.357919625410402298e+09;5.357839940471419334e+09;5.357757492955118179e+09;5.357672194029953957e+09;5.357583952457072258e+09;5.357492674552980423e+09;5.357398264153607368e+09;5.357300622579542160e+09;5.357199648602863312e+09;5.357095238415490150e+09;5.356987285599396706e+09;5.356875681098699570e+09;5.356760313193755150e+09;5.356641067477697372e+09;5.356517826835146904e+09;5.356390471423600197e+09;5.356258878657588005e+09;5.356122923195690155e+09;5.355982476930571556e+09;5.355837408982435226e+09;5.355687585695734024e+09;5.355532870639550209e+09;5.355373124611743927e+09;5.355208205647026062e+09;5.355037969029082298e+09;5.354862267307021141e+09;5.354680950316134453e+09;5.354493865203299522e+09;5.354300856456997871e+09;5.354101765942113876e+09;5.353896432939809799e+09;5.353684694192220688e+09;5.353466383952373505e+09;5.353241334039385796e+09;5.353009373898653984e+09;5.352770330667626381e+09;5.352524029246650696e+09;5.352270292375265121e+09;5.352008940713677406e+09;5.351739792929595947e+09;5.351462665790100098e+09;5.351177374258645058e+09;5.350883731597063065e+09;5.350581549472269058e+09;5.350270638067645073e+09;5.349950806198950768e+09;5.349621861434196472e+09;5.349283610217698097e+09;5.348935857997680664e+09;5.348578409357143402e+09;5.348211068147890091e+09;5.347833637627109528e+09;5.347445920596179962e+09;5.347047719541345596e+09;5.346638836775854111e+09;5.346219074582890511e+09;5.345788235359135628e+09;5.345346121758229256e+09;5.344892536833761215e+09;5.344427284181218147e+09;5.343950168078350067e+09;5.343460993623601913e+09;5.342959566871786118e+09;5.342445694966742516e+09;5.341919186270400047e+09;5.341379850487546921e+09;5.340827498786171913e+09;5.340261943912581444e+09;5.339683000300984383e+09;5.339090484177083969e+09;5.338484213655409813e+09;5.337864008829750061e+09;5.337229691856777191e+09;5.336581087032202721e+09;5.335918020859564781e+09;5.335240322111331940e+09
5.350356935020962715e+09;5.350344932047658920e+09;5.350332486350541115e+09;5.350319581798745155e+09;5.350306201688413620e+09;5.350292328723307610e+09;5.350277944994967461e+09;5.350263031962313652e+09;5.350247570430583000e+09;5.350231540529656410e+09;5.350214921691881180e+09;5.350197692629147530e+09;5.350179831309368134e+09;5.350161314932343483e+09;5.350142119904937744e+09;5.350122221815608978e+09;5.350101595408310890e+09;5.350080214555577278e+09;5.350058052231162071e+09;5.350035080481741905e+09;5.350011270398121834e+09;5.349986592085634232e+09;5.349961014633891106e+09;5.349934506085823059e+09;5.349907033406056404e+09;5.349878562448529243e+09;5.349849057923516273e+09;5.349818483363822937e+09;5.349786801090553284e+09;5.349753972177883148e+09;5.349719956417436600e+09;5.349684712281936646e+09;5.349648196888192177e+09;5.349610365959537506e+09;5.349571173787593842e+09;5.349530573193650246e+09;5.349488515489209175e+09;5.349444950436359406e+09;5.349399826207405090e+09;5.349353089344218254e+09;5.349304684717021942e+09;5.349254555483116150e+09;5.349202643044853210e+09;5.349148887007790565e+09;5.349093225138316154e+09;5.349035593321279526e+09;5.348975925517514229e+09;5.348914153721240044e+09;5.348850207917729378e+09;5.348784016040850639e+09;5.348715503930967331e+09;5.348644595293102264e+09;5.348571211655467033e+09;5.348495272328511238e+09;5.348416694364453316e+09;5.348335392517604828e+09;5.348251279205421448e+09;5.348164264470471382e+09;5.348074255943477631e+09;5.347981158807406425e+09;5.347884875762947083e+09;5.347785306995337486e+09;5.347682350142828941e+09;5.347575900266690254e+09;5.347465849823235512e+09;5.347352088637704849e+09;5.347234503880407333e+09;5.347112980045054436e+09;5.346987398929668427e+09;5.346857639620007515e+09;5.346723578475906372e+09;5.346585089120450974e+09;5.346442042432331085e+09;5.346294306541517258e+09;5.346141746828257561e+09;5.345984225925835609e+09;5.345821603726993561e+09;5.345653737394319534e+09;5.345480481374692917e+09;5.345301687417916298e+09;5.345117204599827766e+09;5.344926879349698067e+09;5.344730555482440948e+09;5.344528074235327721e+09;5.344319274309677124e+09;5.344103991917377472e+09;5.343882060832360268e+09;5.343653312447047234e+09;5.343417575833940506e+09;5.343174677812210083e+09;5.342924443019397736e+09;5.342666693988045692e+09;5.342401251227455139e+09;5.342127933310289383e+09;5.341846556963983536e+09;5.341556937166979790e+09;5.341258887249388695e+09;5.340952218998145103e+09;5.340636742766289711e+09;5.340312267586284637e+09;5.339978601287098885e+09;5.339635550614634514e+09;5.339282921355362892e+09;5.338920518462867737e+09;5.338548146186743736e+09;5.338165608203680038e+09;5.337772707750275612e+09;5.337369247757124901e+09;5.336955030983773232e+09;5.336529860154159546e+09;5.336093538091966629e+09;5.335645867855525970e+09;5.335186652871700287e+09;5.334715697068358421e+09;5.334232805004813194e+09;5.333737781999943733e+09;5.333230434257256508e+09;5.332710568986745834e+09;5.332177994522676468e+09;5.331632520437264442e+09;5.331073957649486542e+09;5.330502118528861046e+09;5.329916816993680000e+09;5.329317868603453636e+09;5.328705090645098686e+09;5.328078302212929726e+09;5.327437324281845093e+09;5.326781979773971558e+09
5.340946630448904037e+09;5.340935209542764664e+09;5.340923367222998619e+09;5.340911088123394012e+09;5.340898356330998421e+09;5.340885155367607117e+09;5.340871468170771599e+09;5.340857277074200630e+09;5.340842563787612915e+09;5.340827309376001358e+09;5.340811494238326073e+09;5.340795098085460663e+09;5.340778099917813301e+09;5.340760478001982689e+09;5.340742209846985817e+09;5.340723272179921150e+09;5.340703640920599937e+09;5.340683291156060219e+09;5.340662197113929749e+09;5.340640332135377884e+09;5.340617668647398949e+09;5.340594178134243011e+09;5.340569831108336449e+09;5.340544597080438614e+09;5.340518444529123306e+09;5.340491340869565964e+09;5.340463252421685219e+09;5.340434144377548218e+09;5.340403980768148422e+09;5.340372724429554939e+09;5.340340336968214989e+09;5.340306778725911140e+09;5.340272008743757248e+09;5.340235984725874901e+09;5.340198663002228737e+09;5.340159998491044998e+09;5.340119944660539627e+09;5.340078453490291595e+09;5.340035475431844711e+09;5.339990959369130135e+09;5.339944852578236580e+09;5.339897100686877251e+09;5.339847647633455276e+09;5.339796435625847816e+09;5.339743405099910736e+09;5.339688494677756310e+09;5.339631641125875473e+09;5.339572779313221931e+09;5.339511842169106483e+09;5.339448760641366005e+09;5.339383463654453278e+09;5.339315878067749977e+09;5.339245928634204865e+09;5.339173537959345818e+09;5.339098626460618973e+09;5.339021112327421188e+09;5.338940911481645584e+09;5.338857937539136887e+09;5.338772101771897316e+09;5.338683313071253777e+09;5.338591477912237167e+09;5.338496500319130898e+09;5.338398281832321167e+09;5.338296721476711273e+09;5.338191715731775284e+09;5.338083158503252983e+09;5.337970941096931458e+09;5.337854952194374084e+09;5.337735077830844879e+09;5.337611201375674248e+09;5.337483203515099525e+09;5.337350962237781525e+09;5.337214352823162079e+09;5.337073247832832336e+09;5.336927517104956627e+09;5.336777027752162933e+09;5.336621644162722588e+09;5.336461228005490303e+09;5.336295638238451958e+09;5.336124731121294022e+09;5.335948360231984138e+09;5.335766376487460136e+09;5.335578628168706894e+09;5.335384960950127602e+09;5.335185217933498383e+09;5.334979239686529160e+09;5.334766864286028862e+09;5.334547927365863800e+09;5.334322262169706345e+09;5.334089699608584404e+09;5.333850068323257446e+09;5.333603194751390457e+09;5.333348903199717522e+09;5.333087015920582771e+09;5.332817353193633080e+09;5.332539733411711693e+09;5.332253973171476364e+09;5.331959887368229866e+09;5.331657289294982910e+09;5.331345990745515823e+09;5.331025802121129990e+09;5.330696532541051865e+09;5.330357989955984116e+09;5.330009981264758110e+09;5.329652312433572769e+09;5.329284788617588997e+09;5.328907214284564018e+09;5.328519393340044022e+09;5.328121129253808022e+09;5.327712225187126160e+09;5.327292484120381355e+09;5.326861708980792999e+09;5.326419702769445419e+09;5.325966268687597275e+09;5.325501210261524200e+09;5.325024331465553284e+09;5.324535436842803955e+09;5.324034331623289108e+09;5.323520821838768005e+09;5.322994714434166908e+09;5.322455817374855995e+09;5.321903939749728203e+09;5.321338891869561195e+09;5.320760485360271454e+09;5.320168533250914574e+09;5.319562850056203842e+09;5.318943251853061676e+09;5.318309556351504326e+09
5.331563113176038742e+09;5.331552242389855385e+09;5.331540970341478348e+09;5.331529282388566017e+09;5.331517163366981506e+09;5.331504597573083878e+09;5.331491568745471001e+09;5.331478060046317101e+09;5.331464054041969299e+09;5.331449532683104515e+09;5.331434477284278870e+09;5.331418868502878189e+09;5.331402686317458153e+09;5.331385910005515099e+09;5.331368518120615959e+09;5.331350488468875885e+09;5.331331798084898949e+09;5.331312423206941605e+09;5.331292339251535416e+09;5.331271520787393570e+09;5.331249941508722305e+09;5.331227574207715034e+09;5.331204390746624947e+09;5.331180362028907776e+09;5.331155457969829559e+09;5.331129647466400146e+09;5.331102898366554260e+09;5.331075177437765121e+09;5.331046450334873199e+09;5.331016681567329407e+09;5.330985834465743065e+09;5.330953871147814751e+09;5.330920752483592033e+09;5.330886438060127258e+09;5.330850886145485878e+09;5.330814053652205467e+09;5.330775896100163460e+09;5.330736367578858376e+09;5.330695420709221840e+09;5.330653006604887009e+09;5.330609074832988739e+09;5.330563573374536514e+09;5.330516448584401131e+09;5.330467645150940895e+09;5.330417106055220604e+09;5.330364772530119896e+09;5.330310584019127846e+09;5.330254478134926796e+09;5.330196390618008614e+09;5.330136255295116425e+09;5.330074004037785530e+09;5.330009566720974922e+09;5.329942871181794167e+09;5.329873843178623199e+09;5.329802406350452423e+09;5.329728482176662445e+09;5.329651989937355042e+09;5.329572846674297333e+09;5.329490967152557373e+09;5.329406263822982788e+09;5.329318646785596848e+09;5.329228023754093170e+09;5.329134300021469116e+09;5.329037378426895142e+09;5.328937159324182510e+09;5.328833540551564217e+09;5.328726417403450012e+09;5.328615682603734016e+09;5.328501226281244278e+09;5.328382935947344780e+09;5.328260696475620270e+09;5.328134390084180832e+09;5.328003896320337296e+09;5.327869092048206329e+09;5.327729851438946724e+09;5.327586045964212418e+09;5.327437544392631531e+09;5.327284212789731026e+09;5.327125914521142960e+09;5.326962510259570122e+09;5.326793857995424271e+09;5.326619813051327705e+09;5.326440228100537300e+09;5.326254953189684868e+09;5.326063835765424728e+09;5.325866720705639839e+09;5.325663450354952812e+09;5.325453864564654350e+09;5.325237800737225533e+09;5.325015093875435829e+09;5.324785576635972023e+09;5.324549079387763023e+09;5.324305430274805069e+09;5.324054455283685684e+09;5.323795978315560341e+09;5.323529821262555122e+09;5.323255804088634491e+09;5.322973744914690971e+09;5.322683460107731819e+09;5.322384764374036789e+09;5.322077470856153488e+09;5.321761391233407974e+09;5.321436335825769424e+09;5.321102113700839996e+09;5.320758532783674240e+09;5.320405399969059944e+09;5.320042521236102104e+09;5.319669701764571190e+09;5.319286746052923203e+09;5.318893458037296295e+09;5.318489641211445808e+09;5.318075098746937752e+09;5.317649633613404274e+09;5.317213048698257446e+09;5.316765146925685883e+09;5.316305731374229431e+09;5.315834605392807007e+09;5.315351572714510918e+09;5.314856437568064690e+09;5.314349004786156654e+09;5.313829079910778046e+09;5.313296469294684410e+09;5.312750980199029922e+09;5.312192420886722565e+09;5.311620600711155891e+09;5.311035330200253487e+09;5.310436421135463715e+09;5.309823686625642776e+09
5.322205269260980606e+09;5.322194918545053482e+09;5.322184185627632141e+09;5.322173056551807404e+09;5.322161516862535477e+09;5.322149551589687347e+09;5.322137145230611801e+09;5.322124281732154846e+09;5.322110944472161293e+09;5.322097116240389824e+09;5.322082779218928337e+09;5.322067914961972237e+09;5.322052504375075340e+09;5.322036527693793297e+09;5.322019964461730003e+09;5.322002793508009911e+09;5.321984992924015045e+09;5.321966540039652824e+09;5.321947411398900986e+09;5.321927582734719276e+09;5.321907028943301201e+09;5.321885724057789803e+09;5.321863641221122742e+09;5.321840752658391953e+09;5.321817029648487091e+09;5.321792442495084763e+09;5.321766960496903419e+09;5.321740551917376518e+09;5.321713183953617096e+09;5.321684822704738617e+09;5.321655433139491081e+09;5.321624979063293457e+09;5.321593423084564209e+09;5.321560726580488205e+09;5.321526849662107468e+09;5.321491751138845444e+09;5.321455388482383728e+09;5.321417717790077209e+09;5.321378693747725487e+09;5.321338269591796875e+09;5.321296397071302414e+09;5.321253026409039497e+09;5.321208106262490273e+09;5.321161583684311867e+09;5.321113404082394600e+09;5.321063511179733276e+09;5.321011846973912239e+09;5.320958351696397781e+09;5.320902963771697044e+09;5.320845619776347160e+09;5.320786254397889137e+09;5.320724800393848419e+09;5.320661188550792694e+09;5.320595347643510818e+09;5.320527204394531250e+09;5.320456683433794022e+09;5.320383707258837700e+09;5.320308196195446014e+09;5.320230068358860970e+09;5.320149239615695000e+09;5.320065623546639442e+09;5.319979131410014153e+09;5.319889672106341362e+09;5.319797152144141197e+09;5.319701475606782913e+09;5.319602544120820045e+09;5.319500256825855255e+09;5.319394510345809937e+09;5.319285198762301445e+09;5.319172213589497566e+09;5.319055443751332283e+09;5.318934775560742378e+09;5.318810092701207161e+09;5.318681276210846901e+09;5.318548204468918800e+09;5.318410753185333252e+09;5.318268795392824173e+09;5.318122201442271233e+09;5.317970839001143456e+09;5.317814573055282593e+09;5.317653265914108276e+09;5.317486777219433784e+09;5.317314963957900047e+09;5.317137680477305412e+09;5.316954778506855965e+09;5.316766107181311607e+09;5.316571513069481850e+09;5.316370840206671715e+09;5.316163930131587029e+09;5.315950621927439690e+09;5.315730752267475128e+09;5.315504155464803696e+09;5.315270663526841164e+09;5.315030106213806152e+09;5.314782311101865768e+09;5.314527103650465012e+09;5.314264307273911476e+09;5.313993743417133331e+09;5.313715231635492325e+09;5.313428589678499222e+09;5.313133633577263832e+09;5.312830177735652924e+09;5.312518035024708748e+09;5.312197016880276680e+09;5.311866933403599739e+09;5.311527593464620590e+09;5.311178804807503700e+09;5.310820374158500671e+09;5.310452107335336685e+09;5.310073809358255386e+09;5.309685284562004089e+09;5.309286336708603859e+09;5.308876769100584984e+09;5.308456384693983078e+09;5.308024986211212158e+09;5.307582376252919197e+09;5.307128357408886909e+09;5.306662732367226601e+09;5.306185304021713257e+09;5.305695875576838493e+09;5.305194250650277138e+09;5.304680233372253418e+09;5.304153628481707573e+09;5.303614241418909073e+09;5.303061878414093971e+09;5.302496346572224617e+09;5.301917453953275681e+09;5.301325009648292542e+09
5.312872050466259956e+09;5.312862191556876183e+09;5.312851968480021477e+09;5.312841367927969933e+09;5.312830376117353439e+09;5.312818978772880554e+09;5.312807161110689163e+09;5.312794907821079254e+09;5.312782203050768852e+09;5.312769030384639740e+09;5.312755372826907158e+09;5.312741212781737328e+09;5.312726532033390999e+09;5.312711311725620270e+09;5.312695532340695381e+09;5.312679173677637100e+09;5.312662214830005646e+09;5.312644634163020134e+09;5.312626409290032387e+09;5.312607517048439026e+09;5.312587933474885941e+09;5.312567633779921532e+09;5.312546592321932793e+09;5.312524782580445290e+09;5.312502177128863335e+09;5.312478747606348991e+09;5.312454464689304352e+09;5.312429298061969757e+09;5.312403216386480331e+09;5.312376187272272110e+09;5.312348177244760513e+09;5.312319151713451385e+09;5.312289074939329147e+09;5.312257910001696587e+09;5.312225618764324188e+09;5.312192161841012001e+09;5.312157498560561180e+09;5.312121586931131363e+09;5.312084383604067802e+09;5.312045843837219238e+09;5.312005921457564354e+09;5.311964568823598862e+09;5.311921736787055016e+09;5.311877374654254913e+09;5.311831430147106171e+09;5.311783849363690376e+09;5.311734576738457680e+09;5.311683555002379417e+09;5.311630725142539024e+09;5.311576026361854553e+09;5.311519396038536072e+09;5.311460769685392380e+09;5.311400080909356117e+09;5.311337261370891571e+09;5.311272240743623734e+09;5.311204946674149513e+09;5.311135304742150307e+09;5.311063238420898438e+09;5.310988669038149834e+09;5.310911515737709045e+09;5.310831695441485405e+09;5.310749122812463760e+09;5.310663710218384743e+09;5.310575367696458817e+09;5.310484002919137001e+09;5.310389521161022186e+09;5.310291825267127037e+09;5.310190815622629166e+09;5.310086390123895645e+09;5.309978444151598930e+09;5.309866870545268059e+09;5.309751559580011368e+09;5.309632398945206642e+09;5.309509273725429535e+09;5.309382066383762360e+09;5.309250656747557640e+09;5.309114921996842384e+09;5.308974736655453682e+09;5.308829972585151672e+09;5.308680498982674599e+09;5.308526182380019188e+09;5.308366886647990227e+09;5.308202473003211975e+09;5.308032800018547058e+09;5.307857723637352943e+09;5.307677097191329002e+09;5.307490771422251701e+09;5.307298594507725716e+09;5.307100412090752602e+09;5.306896067313611031e+09;5.306685400855653763e+09;5.306468250975412369e+09;5.306244453556753159e+09;5.306013842159348488e+09;5.305776248073232651e+09;5.305531500377575874e+09;5.305279426003482819e+09;5.305019849800971985e+09;5.304752594609720230e+09;5.304477481333811760e+09;5.304194329020182610e+09;5.303902954940522194e+09;5.303603174676798820e+09;5.303294802209735870e+09;5.302977650010563850e+09;5.302651529135374069e+09;5.302316249322078705e+09;5.301971619089567184e+09;5.301617445839016914e+09;5.301253535956612587e+09;5.300879694917945862e+09;5.300495727393218040e+09;5.300101437353221893e+09;5.299696628175830841e+09;5.299281102752218246e+09;5.298854663593056679e+09;5.298417112933729172e+09;5.297968252838705063e+09;5.297507885304467201e+09;5.297035812360611916e+09;5.296551836169004440e+09;5.296055759120450020e+09;5.295547383928872108e+09;5.295026513722241402e+09;5.294492952130649567e+09;5.293946503370697021e+09;5.293386972326444626e+09;5.292814164626509666e+09
5.303562469579940796e+09;5.303553075892984390e+09;5.303543335106231689e+09;5.303533234526995659e+09;5.303522761008255005e+09;5.303511900933127403e+09;5.303500640198860168e+09;5.303488964200285912e+09;5.303476857812838554e+09;5.303464305375042915e+09;5.303451290670436859e+09;5.303437796908985138e+09;5.303423806707988739e+09;5.303409302072406769e+09;5.303394264374560356e+09;5.303378674333391190e+09;5.303362511993020058e+09;5.303345756700725555e+09;5.303328387084442139e+09;5.303310381029451370e+09;5.303291715654653549e+09;5.303272367288064003e+09;5.303252311441782951e+09;5.303231522786248207e+09;5.303209975123898506e+09;5.303187641362210274e+09;5.303164493486020088e+09;5.303140502529245377e+09;5.303115638545959473e+09;5.303089870580732346e+09;5.303063166638501167e+09;5.303035493653604507e+09;5.303006817458255768e+09;5.302977102750442505e+09;5.302946313061058998e+09;5.302914410720555305e+09;5.302881356824900627e+09;5.302847111200999260e+09;5.302811632371476173e+09;5.302774877518939018e+09;5.302736802449741364e+09;5.302697361557123184e+09;5.302656507783965111e+09;5.302614192585000038e+09;5.302570365888640404e+09;5.302524976058432579e+09;5.302477969854041100e+09;5.302429292391998291e+09;5.302378887106173515e+09;5.302326695707994461e+09;5.302272658146411896e+09;5.302216712567892075e+09;5.302158795276143074e+09;5.302098840692038536e+09;5.302036781313359261e+09;5.301972547674899101e+09;5.301906068308536530e+09;5.301837269703775406e+09;5.301766076268421173e+09;5.301692410289938927e+09;5.301616191897075653e+09;5.301537339022294044e+09;5.301455767364832878e+09;5.301371390354462624e+09;5.301284119116466522e+09;5.301193862437292099e+09;5.301100526731502533e+09;5.301004016009967804e+09;5.300904231849411011e+09;5.300801073363364220e+09;5.300694437174858093e+09;5.300584217390683174e+09;5.300470305577637672e+09;5.300352590740686417e+09;5.300230959303321838e+09;5.300105295090006828e+09;5.299975479311198235e+09;5.299841390550714493e+09;5.299702904755900383e+09;5.299559895230394363e+09;5.299412232629981041e+09;5.299259784961273193e+09;5.299102417583724022e+09;5.298939993214814186e+09;5.298772371938605309e+09;5.298599411217796326e+09;5.298420965909382820e+09;5.298236888283945084e+09;5.298047028048770905e+09;5.297851232374642372e+09;5.297649345926719666e+09;5.297441210899163246e+09;5.297226667053852081e+09;5.297005551763024330e+09;5.296777700055923462e+09;5.296542944669447899e+09;5.296301116102691650e+09;5.296052042675515175e+09;5.295795550590790749e+09;5.295531464000537872e+09;5.295259605075711250e+09;5.294979794079372406e+09;5.294691849443565369e+09;5.294395587849043846e+09;5.294090824308372498e+09;5.293777372251729012e+09;5.293455043615348816e+09;5.293123648932433128e+09;5.292782997426177025e+09;5.292432897104665756e+09;5.292073154857363701e+09;5.291703576553045273e+09;5.291323967138477325e+09;5.290934130738051414e+09;5.290533870753640175e+09;5.290122989964561462e+09;5.289701290627191544e+09;5.289268574574066162e+09;5.288824643312053680e+09;5.288369298119148254e+09;5.287902340139913559e+09;5.287423570478987694e+09;5.286932790292422295e+09;5.286429800876718521e+09;5.285914403755346298e+09;5.285386400762236595e+09;5.284845594122458458e+09;5.284291786529684067e+09
5.294275595215711594e+09;5.294266641745447159e+09;5.294257357333482742e+09;5.294247729869953156e+09;5.294237746810914993e+09;5.294227395163499832e+09;5.294216661470559120e+09;5.294205531794774055e+09;5.294193991702409744e+09;5.294182026246509552e+09;5.294169619949511528e+09;5.294156756785516739e+09;5.294143420161835670e+09;5.294129592900187492e+09;5.294115257217192650e+09;5.294100394704414368e+09;5.294084986307776451e+09;5.294069012306437492e+09;5.294052452291058540e+09;5.294035285141476631e+09;5.294017489003792763e+09;5.293999041266880035e+09;5.293979918538155556e+09;5.293960096618890762e+09;5.293939550478789330e+09;5.293918254229936600e+09;5.293896181100176811e+09;5.293873303405764580e+09;5.293849592523477554e+09;5.293825018861957550e+09;5.293799551832505226e+09;5.293773159819260597e+09;5.293745810148612976e+09;5.293717469058068275e+09;5.293688101664557457e+09;5.293657671931923866e+09;5.293626142638010979e+09;5.293593475341013908e+09;5.293559630345306396e+09;5.293524566666644096e+09;5.293488241996897697e+09;5.293450612668154716e+09;5.293411633616360664e+09;5.293371258344470978e+09;5.293329438885131836e+09;5.293286125762928009e+09;5.293241267956221581e+09;5.293194812858649254e+09;5.293146706240275383e+09;5.293096892208446503e+09;5.293045313168488503e+09;5.292991909784082413e+09;5.292936620937599182e+09;5.292879383690362930e+09;5.292820133242751122e+09;5.292758802894498825e+09;5.292695324005077362e+09;5.292629625954057693e+09;5.292561636102030754e+09;5.292491279751560211e+09;5.292418480108756065e+09;5.292343158245167732e+09;5.292265233060415268e+09;5.292184621245310783e+09;5.292101237245997429e+09;5.292014993228592873e+09;5.291925799045209885e+09;5.291833562200749397e+09;5.291738187820987701e+09;5.291639578621960640e+09;5.291537634880821228e+09;5.291432254408051491e+09;5.291323332521489143e+09;5.291210762022134781e+09;5.291094433171710014e+09;5.290974233672354698e+09;5.290850048648464203e+09;5.290721760630778313e+09;5.290589249542831421e+09;5.290452392690064430e+09;5.290311064751399040e+09;5.290165137773743629e+09;5.290014481169311523e+09;5.289858961715947151e+09;5.289698443560656548e+09;5.289532788226189613e+09;5.289361854621140480e+09;5.289185499053366661e+09;5.289003575246870041e+09;5.288815934362387657e+09;5.288622425021546364e+09;5.288422893334651947e+09;5.288217182932439804e+09;5.288005135001365662e+09;5.287786588322854996e+09;5.287561379316308975e+09;5.287329342085844994e+09;5.287090308470916748e+09;5.286844108100491524e+09;5.286590568451112747e+09;5.286329514908253670e+09;5.286060770831397057e+09;5.285784157622329712e+09;5.285499494796689987e+09;5.285206600058684349e+09;5.284905289378525734e+09;5.284595377072755814e+09;5.284276675886998177e+09;5.283948997080937386e+09;5.283612150515496254e+09;5.283265944741673470e+09;5.282910187090933800e+09;5.282544683766947746e+09;5.282169239938219070e+09;5.281783659831347466e+09;5.281387746824872017e+09;5.280981303542957306e+09;5.280564131949091911e+09;5.280136033439092636e+09;5.279696808933501244e+09;5.279246258968668938e+09;5.278784183786743164e+09;5.278310383423900604e+09;5.277824657796691895e+09;5.277326806786446571e+09;5.276816630321307182e+09;5.276293928455914497e+09;5.275758501448466301e+09
5.285010546146979332e+09;5.285002009369969368e+09;5.284993156953091621e+09;5.284983977338940620e+09;5.284974458555330276e+09;5.284964588200983047e+09;5.284954353430825233e+09;5.284943740940828323e+09;5.284932736952353477e+09;5.284921327196027756e+09;5.284909496895114899e+09;5.284897230748473167e+09;5.284884512912845612e+09;5.284871326984798431e+09;5.284857655982006073e+09;5.284843482324032784e+09;5.284828787812614441e+09;5.284813553611320496e+09;5.284797760224607468e+09;5.284781387476452827e+09;5.284764414488205910e+09;5.284746819656017303e+09;5.284728580627513885e+09;5.284709674277971268e+09;5.284690076685885429e+09;5.284669763107776642e+09;5.284648707952570915e+09;5.284626884755176544e+09;5.284604266149559975e+09;5.284580823841046333e+09;5.284556528578190804e+09;5.284531350123740196e+09;5.284505257225252151e+09;5.284478217584857941e+09;5.284450197828507423e+09;5.284421163474551201e+09;5.284391078901771545e+09;5.284359907316705704e+09;5.284327610720465660e+09;5.284294149874903679e+09;5.284259484268306732e+09;5.284223572080432892e+09;5.284186370147060394e+09;5.284147833924080849e+09;5.284107917450968742e+09;5.284066573313996315e+09;5.284023752608752251e+09;5.283979404902512550e+09;5.283933478196123123e+09;5.283885918885511398e+09;5.283836671723014832e+09;5.283785679778423309e+09;5.283732884399793625e+09;5.283678225174125671e+09;5.283621639887976646e+09;5.283563064488055229e+09;5.283502433041747093e+09;5.283439677697793007e+09;5.283374728647137642e+09;5.283307514083946228e+09;5.283237960166981697e+09;5.283165990981283188e+09;5.283091528500357628e+09;5.283014492548973083e+09;5.282934800766414642e+09;5.282852368570659637e+09;5.282767109123213768e+09;5.282678933294994354e+09;5.282587749633186340e+09;5.282493464329159737e+09;5.282395981187777519e+09;5.282295201597867012e+09;5.282191024504347801e+09;5.282083346381746292e+09;5.281972061209550858e+09;5.281857060449299812e+09;5.281738233023655891e+09;5.281615465297446251e+09;5.281488641060947418e+09;5.281357641515492439e+09;5.281222345261379242e+09;5.281082628288477898e+09;5.280938363969248772e+09;5.280789423054790497e+09;5.280635673673539162e+09;5.280476981333098412e+09;5.280313208925031662e+09;5.280144216732939720e+09;5.279969862443701744e+09;5.279790001162133217e+09;5.279604485428976059e+09;5.279413165242455482e+09;5.279215888083359718e+09;5.279012498943583488e+09;5.278802840358422279e+09;5.278586752442376137e+09;5.278364072928646088e+09;5.278134637212159157e+09;5.277898278396228790e+09;5.277654827342789650e+09;5.277404112725989342e+09;5.277145961089302063e+09;5.276880196905835152e+09;5.276606642641971588e+09;5.276325118823919296e+09;5.276035444107298851e+09;5.275737435349434853e+09;5.275430907684233665e+09;5.275115674599435806e+09;5.274791548016073227e+09;5.274458338369848251e+09;5.274115854694238663e+09;5.273763904705043793e+09;5.273402294886236191e+09;5.273030830576625824e+09;5.272649316057307243e+09;5.272257554639551163e+09;5.271855348752646446e+09;5.271442500031867027e+09;5.271018809405801773e+09;5.270584077183161736e+09;5.270138103138651848e+09;5.269680686597646713e+09;5.269211626519504547e+09;5.268730721579332352e+09;5.268237770247954369e+09;5.267732570869949341e+09;5.267214921739701271e+09
5.275766485235751152e+09;5.275758343019637108e+09;5.275749899659361839e+09;5.275741144121380806e+09;5.275732064975659370e+09;5.275722650381937027e+09;5.275712888075676918e+09;5.275702765353483200e+09;5.275692269058090210e+09;5.275681385562928200e+09;5.275670100756139755e+09;5.275658400024187088e+09;5.275646268234967232e+09;5.275633689720283508e+09;5.275620648258085251e+09;5.275607127053818703e+09;5.275593108721589088e+09;5.275578575264527321e+09;5.275563508054724693e+09;5.275547887812635422e+09;5.275531694585762024e+09;5.275514907726923943e+09;5.275497505871833801e+09;5.275479466916105270e+09;5.275460767991696358e+09;5.275441385442679405e+09;5.275421294800478935e+09;5.275400470758360863e+09;5.275378887145479202e+09;5.275356516900166512e+09;5.275333332042599678e+09;5.275309303646877289e+09;5.275284401812530518e+09;5.275258595635243416e+09;5.275231853177074432e+09;5.275204141436071396e+09;5.275175426315155983e+09;5.275145672590515137e+09;5.275114843879320145e+09;5.275082902606875420e+09;5.275049809973240852e+09;5.275015525919221878e+09;5.274980009091782570e+09;5.274943216809111595e+09;5.274905105024927139e+09;5.274865628292476654e+09;5.274824739728052139e+09;5.274782390974026680e+09;5.274738532161429405e+09;5.274693111872424126e+09;5.274646077102018356e+09;5.274597373219965935e+09;5.274546943932011604e+09;5.274494731241158485e+09;5.274440675408769608e+09;5.274384714915407181e+09;5.274326786421848297e+09;5.274266824729913712e+09;5.274204762743455887e+09;5.274140531429512978e+09;5.274074059779588699e+09;5.274005274771239281e+09;5.273934101330019951e+09;5.273860462291893005e+09;5.273784278366071701e+09;5.273705468098495483e+09;5.273623947836067200e+09;5.273539631691517830e+09;5.273452431509301186e+09;5.273362256832338333e+09;5.273269014869905472e+09;5.273172610466718674e+09;5.273072946073221207e+09;5.272969921717317581e+09;5.272863434977633476e+09;5.272753380958338737e+09;5.272639652265728951e+09;5.272522138986639977e+09;5.272400728668834686e+09;5.272275306303480148e+09;5.272145754309739113e+09;5.272011952521787643e+09;5.271873778178105354e+09;5.271731105913434982e+09;5.271583807753277779e+09;5.271431753111207962e+09;5.271274808788909912e+09;5.271112838979282379e+09;5.270945705272513390e+09;5.270773266665242195e+09;5.270595379573007584e+09;5.270411897845728874e+09;5.270222672786847115e+09;5.270027553175464630e+09;5.269826385292217255e+09;5.269619012948256493e+09;5.269405277517951012e+09;5.269185017974899292e+09;5.268958070931368828e+09;5.268724270681162834e+09;5.268483449245977402e+09;5.268235436424697876e+09;5.267980059846430779e+09;5.267717145026268005e+09;5.267446515424247742e+09;5.267167992507284164e+09;5.266881395813767433e+09;5.266586543020780563e+09;5.266283250013906479e+09;5.265971330959100723e+09;5.265650598376847267e+09;5.265320863217982292e+09;5.264981934941349030e+09;5.264633621592683792e+09;5.264275729884844780e+09;5.263908065278857231e+09;5.263530432065703392e+09;5.263142633448567390e+09;5.262744471625191689e+09;5.262335747870301247e+09;5.261916262617619514e+09;5.261485815541417122e+09;5.261044205637317657e+09;5.260591231302103996e+09;5.260126690412481308e+09;5.259650380402362823e+09;5.259162098338893890e+09;5.258661640996732712e+09
5.266542613021986961e+09;5.266534844539241791e+09;5.266526788648958206e+09;5.266518434814490318e+09;5.266509772120038033e+09;5.266500789257575035e+09;5.266491474513294220e+09;5.266481815753642082e+09;5.266471800410966873e+09;5.266461415468607903e+09;5.266450647445691109e+09;5.266439482381282806e+09;5.266427905818182945e+09;5.266415902786229134e+09;5.266403457784981728e+09;5.266390554766070366e+09;5.266377177114915848e+09;5.266363307631904602e+09;5.266348928513126373e+09;5.266334021330488205e+09;5.266318567011270523e+09;5.266302545817123413e+09;5.266285937322588921e+09;5.266268720392832756e+09;5.266250873160994530e+09;5.266232373004909515e+09;5.266213196523023605e+09;5.266193319509986877e+09;5.266172716931500435e+09;5.266151362898458481e+09;5.266129230640673637e+09;5.266106292479830742e+09;5.266082519801882744e+09;5.266057883028755188e+09;5.266032351589505196e+09;5.266005893890894890e+09;5.265978477287199020e+09;5.265950068049583435e+09;5.265920631334691048e+09;5.265890131152853966e+09;5.265858530335503578e+09;5.265825790502143860e+09;5.265791872026764870e+09;5.265756734003617287e+09;5.265720334212550163e+09;5.265682629083796501e+09;5.265643573662340164e+09;5.265603121571722984e+09;5.265561224977472305e+09;5.265517834550199509e+09;5.265472899428168297e+09;5.265426367179691315e+09;5.265378183765103340e+09;5.265328293498558998e+09;5.265276639009610176e+09;5.265223161204548836e+09;5.265167799227757454e+09;5.265110490422849655e+09;5.265051170293949127e+09;5.264989772466922760e+09;5.264926228650777817e+09;5.264860468599186897e+09;5.264792420072381973e+09;5.264722008799226761e+09;5.264649158439849854e+09;5.264573790548531532e+09;5.264495824537455559e+09;5.264415177640804291e+09;5.264331764879842758e+09;5.264245499028697014e+09;5.264156290581009865e+09;5.264064047717806816e+09;5.263968676276298523e+09;5.263870079719970703e+09;5.263768159110057831e+09;5.263662813078337669e+09;5.263553937801560402e+09;5.263441426977531433e+09;5.263325171802808762e+09;5.263205060952512741e+09;5.263080980561830521e+09;5.262952814209907532e+09;5.262820442905680656e+09;5.262683745076165199e+09;5.262542596557137489e+09;5.262396870586258888e+09;5.262246437798883438e+09;5.262091166226601601e+09;5.261930921298440933e+09;5.261765565845136642e+09;5.261594960106265068e+09;5.261418961740394592e+09;5.261237425838418007e+09;5.261050204939994812e+09;5.260857149053160667e+09;5.260658105677325249e+09;5.260452919829277992e+09;5.260241434072773933e+09;5.260023488551171303e+09;5.259798921023426056e+09;5.259567566903300285e+09;5.259329259301826477e+09;5.259083829072809219e+09;5.258831104861493111e+09;5.258570913156206131e+09;5.258303078342801094e+09;5.258027422761973381e+09;5.257743766769205093e+09;5.257451928797083855e+09;5.257151725420133591e+09;5.256842971421692848e+09;5.256525479862751961e+09;5.256199062152748108e+09;5.255863528121635437e+09;5.255518686093687057e+09;5.255164342962187767e+09;5.254800304265060425e+09;5.254426374261393547e+09;5.254042356008262634e+09;5.253648051437825203e+09;5.253243261434546471e+09;5.252827785912096024e+09;5.252401423890023232e+09;5.251963973569757462e+09;5.251515232409830093e+09;5.251054997200284004e+09;5.250583064136001587e+09;5.250099228888851166e+09
5.257338161043472290e+09;5.257330746689851761e+09;5.257323057950416565e+09;5.257315084759922981e+09;5.257306816690548897e+09;5.257298242939311981e+09;5.257289352315001488e+09;5.257280133224916458e+09;5.257270573660974503e+09;5.257260661185479164e+09;5.257250382916489601e+09;5.257239725512639046e+09;5.257228675157504082e+09;5.257217217543653488e+09;5.257205337855945587e+09;5.257193020754592896e+09;5.257180250357611656e+09;5.257167010222683907e+09;5.257153283328644753e+09;5.257139052056337357e+09;5.257124298168926239e+09;5.257109002791794777e+09;5.257093146391626358e+09;5.257076708755245209e+09;5.257059668967523575e+09;5.257042005389049530e+09;5.257023695632969856e+09;5.257004716541297913e+09;5.256985044160745621e+09;5.256964653717701912e+09;5.256943519592851639e+09;5.256921615295044899e+09;5.256898913434542656e+09;5.256875385695741653e+09;5.256851002809234619e+09;5.256825734523165703e+09;5.256799549574151993e+09;5.256772415657450676e+09;5.256744299396589279e+09;5.256715166312355995e+09;5.256684980791267395e+09;5.256653706053365707e+09;5.256621304119523048e+09;5.256587735778204918e+09;5.256552960551542282e+09;5.256516936661107063e+09;5.256479620992988586e+09;5.256440969062502861e+09;5.256400934978396416e+09;5.256359471406646729e+09;5.256316529533817291e+09;5.256272059030077934e+09;5.256226008011873245e+09;5.256178323004303932e+09;5.256128948903254509e+09;5.256077828937200546e+09;5.256024904629041672e+09;5.255970115757590294e+09;5.255913400319195747e+09;5.255854694489116669e+09;5.255793932583134651e+09;5.255731047019227028e+09;5.255665968279239655e+09;5.255598624871054649e+09;5.255528943290846825e+09;5.255456847985765457e+09;5.255382261317112923e+09;5.255305103524081230e+09;5.255225292687940598e+09;5.255142744697077751e+09;5.255057373212821960e+09;5.254969089636031151e+09;5.254877803074666977e+09;5.254783420312645912e+09;5.254685845779528618e+09;5.254584981521719933e+09;5.254480727174898148e+09;5.254372979938022614e+09;5.254261634548742294e+09;5.254146583260750771e+09;5.254027715822620392e+09;5.253904919458691597e+09;5.253778078852001190e+09;5.253647076129179955e+09;5.253511790847583771e+09;5.253372099984800339e+09;5.253227877930443764e+09;5.253078996480541229e+09;5.252925324834401131e+09;5.252766729594264030e+09;5.252603074767592430e+09;5.252434221772296906e+09;5.252260029444731712e+09;5.252080354050765038e+09;5.251895049299784660e+09;5.251703966361748695e+09;5.251506953887422562e+09;5.251303858031536102e+09;5.251094522479269981e+09;5.250878788475672722e+09;5.250656494858387947e+09;5.250427478093192101e+09;5.250191572312840462e+09;5.249948609358763695e+09;5.249698418825696945e+09;5.249440828109139442e+09;5.249175662455609322e+09;5.248902745015496254e+09;5.248621896898414612e+09;5.248332937230951309e+09;5.248035683216650009e+09;5.247729950198037148e+09;5.247415551720539093e+09;5.247092299598127365e+09;5.246760003980518341e+09;5.246418473421627045e+09;5.246067514949235916e+09;5.245706934135471344e+09;5.245336535168195724e+09;5.244956120922678947e+09;5.244565493033788681e+09;5.244164451968138695e+09;5.243752797096344948e+09;5.243330326764904976e+09;5.242896838367724419e+09;5.242452128417117119e+09;5.241995992614084244e+09;5.241528225917895317e+09
5.248152384960487366e+09;5.248145306278144836e+09;5.248137965558161736e+09;5.248130353182774544e+09;5.248122459187269211e+09;5.248114273248059273e+09;5.248105784670050621e+09;5.248096982373976707e+09;5.248087854883044243e+09;5.248078390309269905e+09;5.248068576339410782e+09;5.248058400220438957e+09;5.248047848744503975e+09;5.248036908233632088e+09;5.248025564523609161e+09;5.248013802947807312e+09;5.248001608320191383e+09;5.247988964917973518e+09;5.247975856463793755e+09;5.247962266107242584e+09;5.247948176405966759e+09;5.247933569306272507e+09;5.247918426123080254e+09;5.247902727519329071e+09;5.247886453484966278e+09;5.247869583315178871e+09;5.247852095588137627e+09;5.247833968142250061e+09;5.247815178052595139e+09;5.247795701607016563e+09;5.247775514281411171e+09;5.247754590714602470e+09;5.247732904682368279e+09;5.247710429071123123e+09;5.247687135850806236e+09;5.247662996047256470e+09;5.247637979713890076e+09;5.247612055902892113e+09;5.247585192635659218e+09;5.247557356872790337e+09;5.247528514483344078e+09;5.247498630213632584e+09;5.247467667655402184e+09;5.247435589213350296e+09;5.247402356072268486e+09;5.247367928163483620e+09;5.247332264130904198e+09;5.247295321296473503e+09;5.247257055625180244e+09;5.247217421689620018e+09;5.247176372634137154e+09;5.247133860138495445e+09;5.247089834381227493e+09;5.247044244002669334e+09;5.246997036067621231e+09;5.246948156027792931e+09;5.246897547683996201e+09;5.246845153148132324e+09;5.246790912805156708e+09;5.246734765274816513e+09;5.246676647373393059e+09;5.246616494075578690e+09;5.246554238476260185e+09;5.246489811752581596e+09;5.246423143126102448e+09;5.246354159825398445e+09;5.246282787048792839e+09;5.246208947927697182e+09;5.246132563490312576e+09;5.246053552626010895e+09;5.245971832050270081e+09;5.245887316270470619e+09;5.245799917552425385e+09;5.245709545887841225e+09;5.245616108962861061e+09;5.245519512127627373e+09;5.245419658367121696e+09;5.245316448273208618e+09;5.245209780018170357e+09;5.245099549329712868e+09;5.244985649467512131e+09;5.244867971201527596e+09;5.244746402792075157e+09;5.244620829971873283e+09;5.244491135929872513e+09;5.244357201297576904e+09;5.244218904137011528e+09;5.244076119931518555e+09;5.243928721578589439e+09;5.243776579385249138e+09;5.243619561065977097e+09;5.243457531743301392e+09;5.243290353951008797e+09;5.243117887640140533e+09;5.242939990187793732e+09;5.242756516408869743e+09;5.242567318570495605e+09;5.242372246409736633e+09;5.242171147153825760e+09;5.241963865543821335e+09;5.241750243860894203e+09;5.241530121955637932e+09;5.241303337280480385e+09;5.241069724924708366e+09;5.240829117652607918e+09;5.240581345944161415e+09;5.240326238038569450e+09;5.240063619980376244e+09;5.239793315668028831e+09;5.239515146904899597e+09;5.239228933452522278e+09;5.238934493086026192e+09;5.238631641651410103e+09;5.238320193124816895e+09;5.237999959673291206e+09;5.237670751717101097e+09;5.237332377993329048e+09;5.236984645620590210e+09;5.236627360164719582e+09;5.236260325705022812e+09;5.235883344901391983e+09;5.235496219061556816e+09;5.235098748208652496e+09;5.234690731148838043e+09;5.234271965538819313e+09;5.233842247953138351e+09;5.233401373951156616e+09;5.232949138143537521e+09
5.238984557561830521e+09;5.238977797166819572e+09;5.238970786447675705e+09;5.238963516211410522e+09;5.238955976933085442e+09;5.238948158744230270e+09;5.238940051420934677e+09;5.238931644371457100e+09;5.238922926623556137e+09;5.238913886811362267e+09;5.238904513161839485e+09;5.238894793480792999e+09;5.238884715138561249e+09;5.238874265055117607e+09;5.238863429684789658e+09;5.238852195000574112e+09;5.238840546477833748e+09;5.238828469077627182e+09;5.238815947229526520e+09;5.238802964813938141e+09;5.238789505143831253e+09;5.238775550946033478e+09;5.238761084342000961e+09;5.238746086827959061e+09;5.238730539254613876e+09;5.238714421806205750e+09;5.238697713979048729e+09;5.238680394559508324e+09;5.238662441601392746e+09;5.238643832402692795e+09;5.238624543481913567e+09;5.238604550553550720e+09;5.238583828503232002e+09;5.238562351362089157e+09;5.238540092280550003e+09;5.238517023501637459e+09;5.238493116333468437e+09;5.238468341121369362e+09;5.238442667219183922e+09;5.238416062960172653e+09;5.238388495627129555e+09;5.238359931422076225e+09;5.238330335435274124e+09;5.238299671613680840e+09;5.238267902728908539e+09;5.238234990344512939e+09;5.238200894782893181e+09;5.238165575091543198e+09;5.238128989008838654e+09;5.238091092929472923e+09;5.238051841869239807e+09;5.238011189429414749e+09;5.237969087760921478e+09;5.237925487527904510e+09;5.237880337871052742e+09;5.237833586370566368e+09;5.237785179008950233e+09;5.237735060133472443e+09;5.237683172418455124e+09;5.237629456827446938e+09;5.237573852575260162e+09;5.237516297090057373e+09;5.237456725975233078e+09;5.237395072971681595e+09;5.237331269919828415e+09;5.237265246722140312e+09;5.237196931305736542e+09;5.237126249585327148e+09;5.237053125426630974e+09;5.236977480610108376e+09;5.236899234795422554e+09;5.236818305486299515e+09;5.236734607996357918e+09;5.236648055415418625e+09;5.236558558576977730e+09;5.236466026026369095e+09;5.236370363990234375e+09;5.236271476346935272e+09;5.236169264598308563e+09;5.236063627842659950e+09;5.235954462749308586e+09;5.235841663534543037e+09;5.235725121939208031e+09;5.235604727208060265e+09;5.235480366070899010e+09;5.235351922725575447e+09;5.235219278823008537e+09;5.235082313454318047e+09;5.234940903140116692e+09;5.234794921822053909e+09;5.234644240856686592e+09;5.234488729011800766e+09;5.234328252465227127e+09;5.234162674806253433e+09;5.233991857039489746e+09;5.233815657591665268e+09;5.233633932320960999e+09;5.233446534529152870e+09;5.233253314976577759e+09;5.233054121899885178e+09;5.232848801032617569e+09;5.232637195628555298e+09;5.232419146488027573e+09;5.232194491986789703e+09;5.231963068107802391e+09;5.231724708475700378e+09;5.231479244393793106e+09;5.231226504883784294e+09;5.230966316727855682e+09;5.230698504513183594e+09;5.230422890678734779e+09;5.230139295564265251e+09;5.229847537461174011e+09;5.229547432665521622e+09;5.229238795532542229e+09;5.228921438532980919e+09;5.228595172310535431e+09;5.228259805741009712e+09;5.227915145992150307e+09;5.227560998584691048e+09;5.227197167454088211e+09;5.226823455012851715e+09;5.226439662213378906e+09;5.226045588611035347e+09;5.225641032427530289e+09;5.225225790614249229e+09;5.224799658915596962e+09;5.224362431932139397e+09
5.229833961732024193e+09;5.229827503246190071e+09;5.229820805551415443e+09;5.229813859858140945e+09;5.229806657059068680e+09;5.229799187718091011e+09;5.229791442058768272e+09;5.229783409952507973e+09;5.229775080906414032e+09;5.229766444050626755e+09;5.229757488125362396e+09;5.229748201467494011e+09;5.229738571996725082e+09;5.229728587201341629e+09;5.229718234123557091e+09;5.229707499344267845e+09;5.229696368967610359e+09;5.229684828604741096e+09;5.229672863357441902e+09;5.229660457800936699e+09;5.229647595966469765e+09;5.229634261323236465e+09;5.229620436759843826e+09;5.229606104565160751e+09;5.229591246408845901e+09;5.229575843321035385e+09;5.229559875671771049e+09;5.229543323149619102e+09;5.229526164739984512e+09;5.229508378702565193e+09;5.229489942548460007e+09;5.229470833016618729e+09;5.229451026049619675e+09;5.229430496769016266e+09;5.229409219449933052e+09;5.229387167495158195e+09;5.229364313408638000e+09;5.229340628768313408e+09;5.229316084198385239e+09;5.229290649340983391e+09;5.229264292827290535e+09;5.229236982247999191e+09;5.229208684123188972e+09;5.229179363871667862e+09;5.229148985779784203e+09;5.229117512969558716e+09;5.229084907366373062e+09;5.229051129666068077e+09;5.229016139301558495e+09;5.228979894408954620e+09;5.228942351793195724e+09;5.228903466893175125e+09;5.228863193746496201e+09;5.228821484953825951e+09;5.228778291642802238e+09;5.228733563431692123e+09;5.228687248392604828e+09;5.228639293014518738e+09;5.228589642166113853e+09;5.228538239058276176e+09;5.228485025206490517e+09;5.228429940393214226e+09;5.228372922630086899e+09;5.228313908120128632e+09;5.228252831220088959e+09;5.228189624402772903e+09;5.228124218219663620e+09;5.228056541263634682e+09;5.227986520132056236e+09;5.227914079390225410e+09;5.227839141535217285e+09;5.227761626960316658e+09;5.227681453919870377e+09;5.227598538495042801e+09;5.227512794560003281e+09;5.227424133749287605e+09;5.227332465425761223e+09;5.227237696649756432e+09;5.227139732149209976e+09;5.227038474291075706e+09;5.226933823053801537e+09;5.226825676001406670e+09;5.226713928258810043e+09;5.226598472488826752e+09;5.226479198870657921e+09;5.226355995080233574e+09;5.226228746272318840e+09;5.226097335064476013e+09;5.225961641523029327e+09;5.225821543151183128e+09;5.225676914879190445e+09;5.225527629056756973e+09;5.225373555447850227e+09;5.225214561227705002e+09;5.225050510982521057e+09;5.224881266711369514e+09;5.224706687830812454e+09;5.224526631182151794e+09;5.224340951041154861e+09;5.224149499130537033e+09;5.223952124635113716e+09;5.223748674219573975e+09;5.223538992049029350e+09;5.223322919812121391e+09;5.223100296746844292e+09;5.222870959668987274e+09;5.222634743003097534e+09;5.222391478815984726e+09;5.222140996852674484e+09;5.221883124574686050e+09;5.221617687200637817e+09;5.221344507748998642e+09;5.221063407082845688e+09;5.220774203956704140e+09;5.220476715065063477e+09;5.220170755092636108e+09;5.219856136766167641e+09;5.219532670907637596e+09;5.219200166488689423e+09;5.218858430686144829e+09;5.218507268938572884e+09;5.218146485003531456e+09;5.217775881015566826e+09;5.217395257544771194e+09;5.217004413655694962e+09;5.216603146966556549e+09;5.216191253708768845e+09;5.215768528786423683e+09
5.220699883460599899e+09;5.220693711447584152e+09;5.220687310776600838e+09;5.220680673041382790e+09;5.220673789531414032e+09;5.220666651221309662e+09;5.220659248759851456e+09;5.220651572458557129e+09;5.220643612280017853e+09;5.220635357825779915e+09;5.220626798323853493e+09;5.220617922615865707e+09;5.220608719143746376e+09;5.220599175936052322e+09;5.220589280593827248e+09;5.220579020276075363e+09;5.220568381684717178e+09;5.220557351049171448e+09;5.220545914110462189e+09;5.220534056104734421e+09;5.220521761746468544e+09;5.220509015211062431e+09;5.220495800117019653e+09;5.220482099507454872e+09;5.220467895831315994e+09;5.220453170923892021e+09;5.220437905986826897e+09;5.220422081567610741e+09;5.220405677538592339e+09;5.220388673075227737e+09;5.220371046633987427e+09;5.220352775929518700e+09;5.220333837911363602e+09;5.220314208739951134e+09;5.220293863762178421e+09;5.220272777486243248e+09;5.220250923555947304e+09;5.220228274724455833e+09;5.220204802827324867e+09;5.220180478755100250e+09;5.220155272425209999e+09;5.220129152753292084e+09;5.220102087623972893e+09;5.220074043860998154e+09;5.220044987196880341e+09;5.220014882241882324e+09;5.219983692452499390e+09;5.219951380099460602e+09;5.219917906235005379e+09;5.219883230659893990e+09;5.219847311889749527e+09;5.219810107120914459e+09;5.219771572195973396e+09;5.219731661568750381e+09;5.219690328268943787e+09;5.219647523866290092e+09;5.219603198434453011e+09;5.219557300514639854e+09;5.219509777078789711e+09;5.219460573492682457e+09;5.219409633478645325e+09;5.219356899078327179e+09;5.219302310615089417e+09;5.219245806656600952e+09;5.219187323977184296e+09;5.219126797520276070e+09;5.219064160361055374e+09;5.218999343669050217e+09;5.218932276671061516e+09;5.218862886614382744e+09;5.218791098730211258e+09;5.218716836197631836e+09;5.218640020107916832e+09;5.218560569429536819e+09;5.218478400973628044e+09;5.218393429360231400e+09;5.218305566985404015e+09;5.218214723988982201e+09;5.218120808223502159e+09;5.218023725223942757e+09;5.217923378178802490e+09;5.217819667902146339e+09;5.217712492807142258e+09;5.217601748880819321e+09;5.217487329660367966e+09;5.217369126210930824e+09;5.217247027105151176e+09;5.217120918404227257e+09;5.216990683641026497e+09;5.216856203804894447e+09;5.216717357328498840e+09;5.216574020076783180e+09;5.216426065337887764e+09;5.216273363816455841e+09;5.216115783628998756e+09;5.215953190301793098e+09;5.215785446770896912e+09;5.215612413384823799e+09;5.215433947909546852e+09;5.215249905535997391e+09;5.215060138890181541e+09;5.214864498045724869e+09;5.214662830539011955e+09;5.214454981386914253e+09;5.214240793106976509e+09;5.214020105740176201e+09;5.213792756876108170e+09;5.213558581680760384e+09;5.213317412926381111e+09;5.213069081024049759e+09;5.212813414058145523e+09;5.212550237823240280e+09;5.212279375862918854e+09;5.212000649510644913e+09;5.211713877932458878e+09;5.211418878171388626e+09;5.211115465193568230e+09;5.210803451935803413e+09;5.210482649354485512e+09;5.210152866475771904e+09;5.209813910446853638e+09;5.209465586588220596e+09;5.209107698446754456e+09;5.208740047849522591e+09;5.208362434958299637e+09;5.207974658324496269e+09;5.207576514944500923e+09;5.207167800315593719e+09
5.211581604975025177e+09;5.211575704880255699e+09;5.211569586146274567e+09;5.211563240730975151e+09;5.211556660300964355e+09;5.211549836221252441e+09;5.211542759544685364e+09;5.211535421001183510e+09;5.211527810986268997e+09;5.211519919549633026e+09;5.211511736383051872e+09;5.211503250808044434e+09;5.211494451763091087e+09;5.211485327790493011e+09;5.211475867022757530e+09;5.211466057168650627e+09;5.211455885498733521e+09;5.211445338830505371e+09;5.211434403513084412e+09;5.211423065411448479e+09;5.211411309890151024e+09;5.211399121796621323e+09;5.211386485443961143e+09;5.211373384593176842e+09;5.211359802435035706e+09;5.211345721571264267e+09;5.211331123995326996e+09;5.211315991072610855e+09;5.211300303520123482e+09;5.211284041385547638e+09;5.211267184025897980e+09;5.211249710085398674e+09;5.211231597473081589e+09;5.211212823339479446e+09;5.211193364053002357e+09;5.211173195175608635e+09;5.211152291437960625e+09;5.211130626713894844e+09;5.211108173994370461e+09;5.211084905360819817e+09;5.211060791957932472e+09;5.211035803965798378e+09;5.211009910571479797e+09;5.210983079940009117e+09;5.210955279184852600e+09;5.210926474337710381e+09;5.210896630317840576e+09;5.210865710900790215e+09;5.210833678686562538e+09;5.210800495067343712e+09;5.210766120194571495e+09;5.210730512945713043e+09;5.210693630890288353e+09;5.210655430255729675e+09;5.210615865892570496e+09;5.210574891239369392e+09;5.210532458287158966e+09;5.210488517543629646e+09;5.210443017996844292e+09;5.210395907078856468e+09;5.210347130628898621e+09;5.210296632856465340e+09;5.210244356304166794e+09;5.210190241810467720e+09;5.210134228472364426e+09;5.210076253607923508e+09;5.210016252718998909e+09;5.209954159453907967e+09;5.209889905570185661e+09;5.209823420897683144e+09;5.209754633301737785e+09;5.209683468646786690e+09;5.209609850760214806e+09;5.209533701396795273e+09;5.209454940203505516e+09;5.209373484685048103e+09;5.209289250169903755e+09;5.209202149777201653e+09;5.209112094384422302e+09;5.209018992595899582e+09;5.208922750712351799e+09;5.208823272701508522e+09;5.208720460169732094e+09;5.208614212335082054e+09;5.208504426001405716e+09;5.208390995534089088e+09;5.208273812837087631e+09;5.208152767331565857e+09;5.208027745936266899e+09;5.207898633049406052e+09;5.207765310532577515e+09;5.207627657696316719e+09;5.207485551287814140e+09;5.207338865480488777e+09;5.207187471865712166e+09;5.207031239446690559e+09;5.206870034634523392e+09;5.206703721246472359e+09;5.206532160506658554e+09;5.206355211048951149e+09;5.206172728922347069e+09;5.205984567598618507e+09;5.205790577982572556e+09;5.205590608424482346e+09;5.205384504735158920e+09;5.205172110203293800e+09;5.204953265615259171e+09;5.204727809277209282e+09;5.204495577039614677e+09;5.204256402323915482e+09;5.204010116151486397e+09;5.203756547174781799e+09;5.203495521710417747e+09;5.203226863774349213e+09;5.202950395118871689e+09;5.202665935271463394e+09;5.202373301575278282e+09;5.202072309231177330e+09;5.201762771341330528e+09;5.201444498953974724e+09;5.201117301109634399e+09;5.200780984888195992e+09;5.200435355457205772e+09;5.200080216120934486e+09;5.199715368370218277e+09;5.199340611933142662e+09;5.198955744826159477e+09;5.198560563405944824e+09
5.202478398079112053e+09;5.202472756173642159e+09;5.202466905145398140e+09;5.202460837298476219e+09;5.202454544657914162e+09;5.202448018959883690e+09;5.202441251641455650e+09;5.202434233830252647e+09;5.202426956333553314e+09;5.202419409627156258e+09;5.202411583843871117e+09;5.202403468761612892e+09;5.202395053791152000e+09;5.202386327963437080e+09;5.202377279916542053e+09;5.202367897882240295e+09;5.202358169672110558e+09;5.202348082663163185e+09;5.202337623783236504e+09;5.202326779495663643e+09;5.202315535783751488e+09;5.202303878134591103e+09;5.202291791522470474e+09;5.202279260391886711e+09;5.202266268639875412e+09;5.202252799598073006e+09;5.202238836013966560e+09;5.202224360031970978e+09;5.202209353173675537e+09;5.202193796317786217e+09;5.202177669679327965e+09;5.202160952788442612e+09;5.202143624468527794e+09;5.202125662813960075e+09;5.202107045167034149e+09;5.202087748094487190e+09;5.202067747363443375e+09;5.202047017916656494e+09;5.202025533847335815e+09;5.202003268373191833e+09;5.201980193810137749e+09;5.201956281545135498e+09;5.201931502008674622e+09;5.201905824646557808e+09;5.201879217891142845e+09;5.201851649132011414e+09;5.201823084686021805e+09;5.201793489766919136e+09;5.201762828454213142e+09;5.201731063661725998e+09;5.201698157105458260e+09;5.201664069270985603e+09;5.201628759380387306e+09;5.201592185358691216e+09;5.201554303799789429e+09;5.201515069931985855e+09;5.201474437583152771e+09;5.201432359145437241e+09;5.201388785539602280e+09;5.201343666179116249e+09;5.201296948933861732e+09;5.201248580093638420e+09;5.201198504331377983e+09;5.201146664666296005e+09;5.201093002426731110e+09;5.201037457213055611e+09;5.200979966860380173e+09;5.200920467401414871e+09;5.200858893029181480e+09;5.200795176060104370e+09;5.200729246896918297e+09;5.200661033992127419e+09;5.200590463811494827e+09;5.200517460798049927e+09;5.200441947336393356e+09;5.200363843717499733e+09;5.200283068104117393e+09;5.200199536496704102e+09;5.200113162700189590e+09;5.200023858291321754e+09;5.199931532586993217e+09;5.199836092613421440e+09;5.199737443076346397e+09;5.199635486332335472e+09;5.199530122361185074e+09;5.199421248739584923e+09;5.199308760616101265e+09;5.199192550687582970e+09;5.199072509176996231e+09;5.198948523812829018e+09;5.198820479810105324e+09;5.198688259853204727e+09;5.198551744080345154e+09;5.198410810069891930e+09;5.198265332828757286e+09;5.198115184782572746e+09;5.197960235768056870e+09;5.197800353027384758e+09;5.197635401204665184e+09;5.197465242344810486e+09;5.197289735894270897e+09;5.197108738704455376e+09;5.196922105037033081e+09;5.196729686571769714e+09;5.196531332416594505e+09;5.196326889119936943e+09;5.196116200685382843e+09;5.195899108588631630e+09;5.195675451796601295e+09;5.195445066788863182e+09;5.195207787581139565e+09;5.194963445750965118e+09;5.194711870465337753e+09;5.194452888510444641e+09;5.194186324323165894e+09;5.193912000024446487e+09;5.193629735454390526e+09;5.193339348209011078e+09;5.193040653678378105e+09;5.192733465086358070e+09;5.192417593531544685e+09;5.192092848029502869e+09;5.191759035556035995e+09;5.191415961091582298e+09;5.191063427666482925e+09;5.190701236407081604e+09;5.190329186582778931e+09;5.189947075653578758e+09
5.193389517777037621e+09;5.193384121105056763e+09;5.193378524352429390e+09;5.193372720152472496e+09;5.193366700871113777e+09;5.193360458597399712e+09;5.193353985133859634e+09;5.193347271986372948e+09;5.193340310353796005e+09;5.193333091117297173e+09;5.193325604829180717e+09;5.193317841701548576e+09;5.193309791594503403e+09;5.193301444003905296e+09;5.193292788048919678e+09;5.193283812459006310e+09;5.193274505560544968e+09;5.193264855263162613e+09;5.193254849045454979e+09;5.193244473940408707e+09;5.193233716520326614e+09;5.193222562881315231e+09;5.193210998627301216e+09;5.193199008853582382e+09;5.193186578129884720e+09;5.193173690482979774e+09;5.193160329378733635e+09;5.193146477703670502e+09;5.193132117746055603e+09;5.193117231176440239e+09;5.193101799027576447e+09;5.193085801674045563e+09;5.193069218810976982e+09;5.193052029432566643e+09;5.193034211809791565e+09;5.193015743467686653e+09;5.192996601161992073e+09;5.192976760855280876e+09;5.192956197692435265e+09;5.192934885975621223e+09;5.192912799138623238e+09;5.192889909720614433e+09;5.192866189339392662e+09;5.192841608663911819e+09;5.192816137386433601e+09;5.192789744193841934e+09;5.192762396738639832e+09;5.192734061609195709e+09;5.192704704299592972e+09;5.192674289178761482e+09;5.192642779459168434e+09;5.192610137165043831e+09;5.192576323099931717e+09;5.192541296813856125e+09;5.192505016570024490e+09;5.192467439310976028e+09;5.192428520624412537e+09;5.192388214708463669e+09;5.192346474336689949e+09;5.192303250822690964e+09;5.192258493984311104e+09;5.192212152107666969e+09;5.192164171910749435e+09;5.192114498506951332e+09;5.192063075368289948e+09;5.192009844288489342e+09;5.191954745346040726e+09;5.191897716867064476e+09;5.191838695388257980e+09;5.191777615619793892e+09;5.191714410408423424e+09;5.191649010700579643e+09;5.191581345505719185e+09;5.191511341860001564e+09;5.191438924790200233e+09;5.191364017277927399e+09;5.191286540224542618e+09;5.191206412416254997e+09;5.191123550490089417e+09;5.191037868900265694e+09;5.190949279885511398e+09;5.190857693436999321e+09;5.190763017267222404e+09;5.190665156779857635e+09;5.190564015040551186e+09;5.190459492748857498e+09;5.190351488211361885e+09;5.190239897316001892e+09;5.190124613507765770e+09;5.190005527765730858e+09;5.189882528581657410e+09;5.189755501940056801e+09;5.189624331299877167e+09;5.189488897577957153e+09;5.189349079134181023e+09;5.189204751758392334e+09;5.189055788659341812e+09;5.188902060455362320e+09;5.188743435167260170e+09;5.188579778213028908e+09;5.188410952404811859e+09;5.188236817947816849e+09;5.188057232441497803e+09;5.187872050882854462e+09;5.187681125671837807e+09;5.187484306619114876e+09;5.187281440955757141e+09;5.187072373345387459e+09;5.186856945898234367e+09;5.186634998187541008e+09;5.186406367267907143e+09;5.186170887695720673e+09;5.185928391551670074e+09;5.185678708465132713e+09;5.185421665640537262e+09;5.185157087885382652e+09;5.184884797640160561e+09;5.184604615009850502e+09;5.184316357797011375e+09;5.184019841536315918e+09;5.183714879530600548e+09;5.183401282887991905e+09;5.183078860560517311e+09;5.182747419383660316e+09;5.182406764117076874e+09;5.182056697486249924e+09;5.181697020225076675e+09;5.181327531119341850e+09
5.184314196261524200e+09;5.184309032591215134e+09;5.184303677434439659e+09;5.184298123737614632e+09;5.184292364190846443e+09;5.184286391218997002e+09;5.184280196972145081e+09;5.184273773316047668e+09;5.184267111822131157e+09;5.184260203757199287e+09;5.184253040072762489e+09;5.184245611394102097e+09;5.184237908008872032e+09;5.184229919855451584e+09;5.184221636510853767e+09;5.184213047178227425e+09;5.184204140674119949e+09;5.184194905415111542e+09;5.184185329404207230e+09;5.184175400216777802e+09;5.184165104986001968e+09;5.184154430387997627e+09;5.184143362626330376e+09;5.184131887416222572e+09;5.184119989968212128e+09;5.184107654971357346e+09;5.184094866575973511e+09;5.184081608375779152e+09;5.184067863389698029e+09;5.184053614043025970e+09;5.184038842148087502e+09;5.184023528884462357e+09;5.184007654778520584e+09;5.183991199682580948e+09;5.183974142753374100e+09;5.183956462430057526e+09;5.183938136411610603e+09;5.183919141633689880e+09;5.183899454244883537e+09;5.183879049582468987e+09;5.183857902147461891e+09;5.183835985579265594e+09;5.183813272629526138e+09;5.183789735135649681e+09;5.183765343993494987e+09;5.183740069129722595e+09;5.183713879473345757e+09;5.183686742926957130e+09;5.183658626337146759e+09;5.183629495464573860e+09;5.183599314953328133e+09;5.183568048299878120e+09;5.183535657821405411e+09;5.183502104623699188e+09;5.183467348568505287e+09;5.183431348240386009e+09;5.183394060913189888e+09;5.183355442515979767e+09;5.183315447598638535e+09;5.183274029297004700e+09;5.183231139297704697e+09;5.183186727802574158e+09;5.183140743492818832e+09;5.183093133492925644e+09;5.183043843334246635e+09;5.182992816918461800e+09;5.182939996480807304e+09;5.182885322553255081e+09;5.182828733927530289e+09;5.182770167618176460e+09;5.182709558825611115e+09;5.182646840899148941e+09;5.182581945300309181e+09;5.182514801566193581e+09;5.182445337273062706e+09;5.182373478000342369e+09;5.182299147294773102e+09;5.182222266635185242e+09;5.182142755397583008e+09;5.182060530820871353e+09;5.181975507973088264e+09;5.181887599718502045e+09;5.181796716685209274e+09;5.181702767233753204e+09;5.181605657426533699e+09;5.181505290998208046e+09;5.181401569327110291e+09;5.181294391407769203e+09;5.181183653824728966e+09;5.181069250727392197e+09;5.180951073806444168e+09;5.180829012271466255e+09;5.180702952830184937e+09;5.180572779669081688e+09;5.180438374435805321e+09;5.180299616223071098e+09;5.180156381554383278e+09;5.180008544371538162e+09;5.179855976023890495e+09;5.179698545259617805e+09;5.179536118218769073e+09;5.179368558428474426e+09;5.179195726799942970e+09;5.179017481627661705e+09;5.178833678590542793e+09;5.178644170755194664e+09;5.178448808581246376e+09;5.178247439928709030e+09;5.178039910067493439e+09;5.177826061688851357e+09;5.177605734918975830e+09;5.177378767334510803e+09;5.177144993980060577e+09;5.176904247387575150e+09;5.176656357597627640e+09;5.176401152182529449e+09;5.176138456271081924e+09;5.175868092575125694e+09;5.175589881417576790e+09;5.175303640762078285e+09;5.175009186244016647e+09;5.174706331202967644e+09;5.174394886716459274e+09;5.174074661634848595e+09;5.173745462617433548e+09;5.173407094169673920e+09;5.173059358681417465e+09;5.172702056466139793e+09
5.175251637341549873e+09;5.175246695119415283e+09;5.175241569581620216e+09;5.175236253972464561e+09;5.175230741290622711e+09;5.175225024280313492e+09;5.175219095422402382e+09;5.175212946925108910e+09;5.175206570714422226e+09;5.175199958424182892e+09;5.175193101385810852e+09;5.175185990617879868e+09;5.175178616815054893e+09;5.175170970336936951e+09;5.175163041196449280e+09;5.175154819047787666e+09;5.175146293174134254e+09;5.175137452474852562e+09;5.175128285452369690e+09;5.175118780198600769e+09;5.175108924381000519e+09;5.175098705228117943e+09;5.175088109514824867e+09;5.175077123546959877e+09;5.175065733145661354e+09;5.175053923631105423e+09;5.175041679805907249e+09;5.175028985937873840e+09;5.175015825742403984e+09;5.175002182364352226e+09;5.174988038359351158e+09;5.174973375674639702e+09;5.174958175629350662e+09;5.174942418894322395e+09;5.174926085471284866e+09;5.174909154671577454e+09;5.174891605094263077e+09;5.174873414603710175e+09;5.174854560306611061e+09;5.174835018528458595e+09;5.174814764789357185e+09;5.174793773779376030e+09;5.174772019333325386e+09;5.174749474404798508e+09;5.174726111039845467e+09;5.174701900349974632e+09;5.174676812484503746e+09;5.174650816602553368e+09;5.174623880844202995e+09;5.174595972301328659e+09;5.174567056987753868e+09;5.174537099808864594e+09;5.174506064530753136e+09;5.174473913748775482e+09;5.174440608855596542e+09;5.174406110008786201e+09;5.174370376097899437e+09;5.174333364711134911e+09;5.174295032101419449e+09;5.174255333152298927e+09;5.174214221343200684e+09;5.174171648714455605e+09;5.174127565831955910e+09;5.174081921751481056e+09;5.174034663982715607e+09;5.173985738453095436e+09;5.173935089471321106e+09;5.173882659690858841e+09;5.173828390073100090e+09;5.173772219850617409e+09;5.173714086490291595e+09;5.173653925656392097e+09;5.173591671173767090e+09;5.173527254991151810e+09;5.173460607144526482e+09;5.173391655720786095e+09;5.173320326821589470e+09;5.173246544527604103e+09;5.173170230863075256e+09;5.173091305760827065e+09;5.173009687027802467e+09;5.172925290311219215e+09;5.172838029065217972e+09;5.172747814518363953e+09;5.172654555641840935e+09;5.172558159118490219e+09;5.172458529312762260e+09;5.172355568241682053e+09;5.172249175546819687e+09;5.172139248467408180e+09;5.172025681814591408e+09;5.171908367947035789e+09;5.171787196747756004e+09;5.171662055602427483e+09;5.171532829379050255e+09;5.171399400409237862e+09;5.171261648470979691e+09;5.171119450773186684e+09;5.170972681941742897e+09;5.170821214007433891e+09;5.170664916395616531e+09;5.170503655917734146e+09;5.170337296764664650e+09;5.170165700501997948e+09;5.169988726067270279e+09;5.169806229769019127e+09;5.169618065287997246e+09;5.169424083680157661e+09;5.169224133381762505e+09;5.169018060216272354e+09;5.168805707403453827e+09;5.168586915570132256e+09;5.168361522763017654e+09;5.168129364463333130e+09;5.167890273603311539e+09;5.167644080584404945e+09;5.167390613297328949e+09;5.167129697143634796e+09;5.166861155058990479e+09;5.166584807538016319e+09;5.166300472660531998e+09;5.166007966119260788e+09;5.165707101248907089e+09;5.165397689056441307e+09;5.165079538252737045e+09;5.164752455285224915e+09;5.164416244371876717e+09;5.164070707536059380e+09
5.166201011381025314e+09;5.166196279689196587e+09;5.166191372452260017e+09;5.166186283198061943e+09;5.166181005218813896e+09;5.166175531562798500e+09;5.166169855025712013e+09;5.166163968141738892e+09;5.166157863174354553e+09;5.166151532106815338e+09;5.166144966632273674e+09;5.166138158143677711e+09;5.166131097723263741e+09;5.166123776131759644e+09;5.166116183797136307e+09;5.166108310803149223e+09;5.166100146877434731e+09;5.166091681379196167e+09;5.166082903286593437e+09;5.166073801183620453e+09;5.166064363246688843e+09;5.166054577230813026e+09;5.166044430455167770e+09;5.166033909788470268e+09;5.166023001633800507e+09;5.166011691912906647e+09;5.165999966050186157e+09;5.165987808956110001e+09;5.165975205010146141e+09;5.165962138043334961e+09;5.165948591320142746e+09;5.165934547520042419e+09;5.165919988718376160e+09;5.165904896366922379e+09;5.165889251273660660e+09;5.165873033582280159e+09;5.165856222750882149e+09;5.165838797530454636e+09;5.165820735942337036e+09;5.165802015255686760e+09;5.165782611963846207e+09;5.165762501760550499e+09;5.165741659515318871e+09;5.165720059248376846e+09;5.165697674104995728e+09;5.165674476329258919e+09;5.165650437237200737e+09;5.165625527189478874e+09;5.165599715563376427e+09;5.165572970724328995e+09;5.165545259996821404e+09;5.165516549634732246e+09;5.165486804791210175e+09;5.165455989487960815e+09;5.165424066583984375e+09;5.165390997743873596e+09;5.165356743405542374e+09;5.165321262747523308e+09;5.165284513655758858e+09;5.165246452690014839e+09;5.165207035049748421e+09;5.165166214539713860e+09;5.165123943535156250e+09;5.165080172946525574e+09;5.165034852184020996e+09;5.164987929121829033e+09;5.164939350061992645e+09;5.164889059698202133e+09;5.164837001079307556e+09;5.164783115572638512e+09;5.164727342827400208e+09;5.164669620737805367e+09;5.164609885406311989e+09;5.164548071106763840e+09;5.164484110247841835e+09;5.164417933336337090e+09;5.164349468940866470e+09;5.164278643655694008e+09;5.164205382064797401e+09;5.164129606706468582e+09;5.164051238038103104e+09;5.163970194401653290e+09;5.163886391989456177e+09;5.163799744810743332e+09;5.163710164658795357e+09;5.163617561078825951e+09;5.163521841336617470e+09;5.163422910388104439e+09;5.163320670849720001e+09;5.163215022969951630e+09;5.163105864601697922e+09;5.162993091176038742e+09;5.162876595676935196e+09;5.162756268617302895e+09;5.162631998016415596e+09;5.162503669378701210e+09;5.162371165673831940e+09;5.162234367318499565e+09;5.162093152159630775e+09;5.161947395459230423e+09;5.161796969880886078e+09;5.161641745477946281e+09;5.161481589683452606e+09;5.161316367301835060e+09;5.161145940502379417e+09;5.160970168814617157e+09;5.160788909125441551e+09;5.160602015678122520e+09;5.160409340073257446e+09;5.160210731271509171e+09;5.160006035598196030e+09;5.159795096749853134e+09;5.159577755802473068e+09;5.159353851221645355e+09;5.159123218874509811e+09;5.158885692043278694e+09;5.158641101440749168e+09;5.158389275227143288e+09;5.158130039028842926e+09;5.157863215958424568e+09;5.157588626636438370e+09;5.157306089214431763e+09;5.157015419399469376e+09;5.156716430479939461e+09;5.156408933352624893e+09;5.156092736551169395e+09;5.155767646275453568e+09;5.155433466422490120e+09
5.157161450815120697e+09;5.157156919331680298e+09;5.157152219695137978e+09;5.157147345703211784e+09;5.157142290927583694e+09;5.157137048705987930e+09;5.157131612133844376e+09;5.157125974055719376e+09;5.157120127056427002e+09;5.157114063451916695e+09;5.157107775279816628e+09;5.157101254289607048e+09;5.157094491932682037e+09;5.157087479351709366e+09;5.157080207370100021e+09;5.157072666480773926e+09;5.157064846834758759e+09;5.157056738229372978e+09;5.157048330095998764e+09;5.157039611487560272e+09;5.157030571065524101e+09;5.157021197086515427e+09;5.157011477388593674e+09;5.157001399376975060e+09;5.156990950009459496e+09;5.156980115781382561e+09;5.156968882709968567e+09;5.156957236318493843e+09;5.156945161619799614e+09;5.156932643099312782e+09;5.156919664697688103e+09;5.156906209792922974e+09;5.156892261181958199e+09;5.156877801061658859e+09;5.156862811009559631e+09;5.156847271963747025e+09;5.156831164202474594e+09;5.156814467323111534e+09;5.156797160220537186e+09;5.156779221065053940e+09;5.156760627279721260e+09;5.156741355517055511e+09;5.156721381635316849e+09;5.156700680674058914e+09;5.156679226829283714e+09;5.156656993427821159e+09;5.156633952901345253e+09;5.156610076759682655e+09;5.156585335563622475e+09;5.156559698897120476e+09;5.156533135338952065e+09;5.156505612433807373e+09;5.156477096662858963e+09;5.156447553413769722e+09;5.156416946950156212e+09;5.156385240380479813e+09;5.156352395626610756e+09;5.156318373391644478e+09;5.156283133127390862e+09;5.156246633001409531e+09;5.156208829863464355e+09;5.156169679211740494e+09;5.156129135158438683e+09;5.156087150395178795e+09;5.156043676157951355e+09;5.155998662191698074e+09;5.155952056714776993e+09;5.155903806382906914e+09;5.155853856253120422e+09;5.155802149747315407e+09;5.155748628615794182e+09;5.155693232900630951e+09;5.155635900898953438e+09;5.155576569126157761e+09;5.155515172279204369e+09;5.155451643199971199e+09;5.155385912838578224e+09;5.155317910217059135e+09;5.155247562393120766e+09;5.155174794424220085e+09;5.155099529331884384e+09;5.155021688066539764e+09;5.154941189472652435e+09;5.154857950254371643e+09;5.154771884941911697e+09;5.154682905858232498e+09;5.154590923086688042e+09;5.154495844439263344e+09;5.154397575425694466e+09;5.154296019223385811e+09;5.154191076648311615e+09;5.154082646126940727e+09;5.153970623669145584e+09;5.153854902842308044e+09;5.153735374746543884e+09;5.153611927991255760e+09;5.153484448672944069e+09;5.153352820354335785e+09;5.153216924044987679e+09;5.153076638183458328e+09;5.152931838620648384e+09;5.152782398605219841e+09;5.152628188770131111e+09;5.152469077121144295e+09;5.152304929026839256e+09;5.152135607210411072e+09;5.151960971743176460e+09;5.151780880039855957e+09;5.151595186855539322e+09;5.151403744284519196e+09;5.151206401760848999e+09;5.151003006060725212e+09;5.150793401306479454e+09;5.150577428972540855e+09;5.150354927892890930e+09;5.150125734270436287e+09;5.149889681687835693e+09;5.149646601120082855e+09;5.149396320948702812e+09;5.149138666977352142e+09;5.148873462449077606e+09;5.148600528064907074e+09;5.148319682003972054e+09;5.148030739944832802e+09;5.147733515088293076e+09;5.147427818181368828e+09;5.147113457542634964e+09;5.146790239088626862e+09
5.148132046305489540e+09;5.148127705267581940e+09;5.148123203110352516e+09;5.148118533888459206e+09;5.148113691439747810e+09;5.148108669377536774e+09;5.148103461082714081e+09;5.148098059695373535e+09;5.148092458106394768e+09;5.148086648948628426e+09;5.148080624587783813e+09;5.148074377113010406e+09;5.148067898327252388e+09;5.148061179737167358e+09;5.148054212542856216e+09;5.148046987627100945e+09;5.148039495544348717e+09;5.148031726509424210e+09;5.148023670385679245e+09;5.148015316672914505e+09;5.148006654494920731e+09;5.147997672586549759e+09;5.147988359280449867e+09;5.147978702493368149e+09;5.147968689712066650e+09;5.147958307978740692e+09;5.147947543876068115e+09;5.147936383511792183e+09;5.147924812502845764e+09;5.147912815959003448e+09;5.147900378466047287e+09;5.147887484068507195e+09;5.147874116251863480e+09;5.147860257924245834e+09;5.147845891397657394e+09;5.147830998368632317e+09;5.147815559898468018e+09;5.147799556392815590e+09;5.147782967580788612e+09;5.147765772493551254e+09;5.147747949442305565e+09;5.147729475995751381e+09;5.147710328957041740e+09;5.147690484340064049e+09;5.147669917345255852e+09;5.147648602334795952e+09;5.147626512807258606e+09;5.147603621371728897e+09;5.147579899721244812e+09;5.147555318605787277e+09;5.147529847804658890e+09;5.147503456098245621e+09;5.147476111239391327e+09;5.147447779923974991e+09;5.147418427761176109e+09;5.147388019243085861e+09;5.147356517713809013e+09;5.147323885338065147e+09;5.147290083069312096e+09;5.147255070617308617e+09;5.147218806415307999e+09;5.147181247586761475e+09;5.147142349911500931e+09;5.147102067791744232e+09;5.147060354217385292e+09;5.147017160731237411e+09;5.146972437393767357e+09;5.146926132747534752e+09;5.146878193781384468e+09;5.146828565894466400e+09;5.146777192859885216e+09;5.146724016788333893e+09;5.146668978091506004e+09;5.146612015445415497e+09;5.146553065753778458e+09;5.146492064111137390e+09;5.146428943766380310e+09;5.146363636085987091e+09;5.146296070517641068e+09;5.146226174553962708e+09;5.146153873696463585e+09;5.146079091419796944e+09;5.146001749136338234e+09;5.145921766161246300e+09;5.145839059677875519e+09;5.145753544703778267e+09;5.145665134057243347e+09;5.145573738324557304e+09;5.145479265827775002e+09;5.145381622593502045e+09;5.145280712322265625e+09;5.145176436358922958e+09;5.145068693663943291e+09;5.144957380785670280e+09;5.144842391833749771e+09;5.144723618453499794e+09;5.144600949801704407e+09;5.144474272523365974e+09;5.144343470729949951e+09;5.144208425978923798e+09;5.144069017254641533e+09;5.143925120950643539e+09;5.143776610853565216e+09;5.143623358128419876e+09;5.143465231305516243e+09;5.143302096268962860e+09;5.143133816246788025e+09;5.142960251802656174e+09;5.142781260829285622e+09;5.142596698543573380e+09;5.142406417483275414e+09;5.142210267505563736e+09;5.142008095787051201e+09;5.141799746825648308e+09;5.141585062444006920e+09;5.141363881794621468e+09;5.141136041366575241e+09;5.140901374993801117e+09;5.140659713864974022e+09;5.140410886534941673e+09;5.140154718937558174e+09;5.139891034400069237e+09;5.139619653658862114e+09;5.139340394876559258e+09;5.139053073660536766e+09;5.138757503082749367e+09;5.138453493700713158e+09;5.138140853579962730e+09
5.139111843588596344e+09;5.139107683758099556e+09;5.139103369502964973e+09;5.139098895122541428e+09;5.139094254708138466e+09;5.139089442135651588e+09;5.139084451057748795e+09;5.139079274896153450e+09;5.139073906833291054e+09;5.139068339803881645e+09;5.139062566486214638e+09;5.139056579293024063e+09;5.139050370362323761e+09;5.139043931547566414e+09;5.139037254407792091e+09;5.139030330197344780e+09;5.139023149855216980e+09;5.139015703994124413e+09;5.139007982889175415e+09;5.138999976466213226e+09;5.138991674289772034e+09;5.138983065550661087e+09;5.138974139053147316e+09;5.138964883201776505e+09;5.138955285987752914e+09;5.138945334974901199e+09;5.138935017285238266e+09;5.138924319584079742e+09;5.138913228064716339e+09;5.138901728432623863e+09;5.138889805889214516e+09;5.138877445115146637e+09;5.138864630253138542e+09;5.138851344890225410e+09;5.138837572039663315e+09;5.138823294122208595e+09;5.138808492946908951e+09;5.138793149691408157e+09;5.138777244881718636e+09;5.138760758371436119e+09;5.138743669320413589e+09;5.138725956172918320e+09;5.138707596635247231e+09;5.138688567652704239e+09;5.138668845386127472e+09;5.138648405187812805e+09;5.138627221576808929e+09;5.138605268213779449e+09;5.138582517875158310e+09;5.138558942426873207e+09;5.138534512797380447e+09;5.138509198950175285e+09;5.138482969855832100e+09;5.138455793463392258e+09;5.138427636671162605e+09;5.138398465297128677e+09;5.138368244048689842e+09;5.138336936491908073e+09;5.138304505020327568e+09;5.138270910823149681e+09;5.138236113853043556e+09;5.138200072793365479e+09;5.138162745025141716e+09;5.138124086593282700e+09;5.138084052172736168e+09;5.138042595034013748e+09;5.137999667008344650e+09;5.137955218452776909e+09;5.137909198214535713e+09;5.137861553595429420e+09;5.137812230315876961e+09;5.137761172478725433e+09;5.137708322532861710e+09;5.137653621236764908e+09;5.137597007621844292e+09;5.137538418955742836e+09;5.137477790705718040e+09;5.137415056501833916e+09;5.137350148100419044e+09;5.137282995347587585e+09;5.137213526142766953e+09;5.137141666402667999e+09;5.137067340025380135e+09;5.136990468854816437e+09;5.136910972645491600e+09;5.136828769027804375e+09;5.136743773473727226e+09;5.136655899263048172e+09;5.136565057450296402e+09;5.136471156832121849e+09;5.136374103915645599e+09;5.136273802887308121e+09;5.136170155582812309e+09;5.136063061457756042e+09;5.135952417559266090e+09;5.135838118498701096e+09;5.135720056425274849e+09;5.135598121000999451e+09;5.135472199376535416e+09;5.135342176168484688e+09;5.135207933437806129e+09;5.135069350669638634e+09;5.134926304754418373e+09;5.134778669970421791e+09;5.134626317967790604e+09;5.134469117753922462e+09;5.134306935680467606e+09;5.134139635431828499e+09;5.133967078015203476e+09;5.133789121752200127e+09;5.133605622272041321e+09;5.133416432506381035e+09;5.133221402685669899e+09;5.133020380337177277e+09;5.132813210284610748e+09;5.132599734649171829e+09;5.132379792852407455e+09;5.132153221620401382e+09;5.131919854989643097e+09;5.131679524314229965e+09;5.131432058274724007e+09;5.131177282888275146e+09;5.130915021520286560e+09;5.130645094897400856e+09;5.130367321121806145e+09;5.130081515686935425e+09;5.129787491494465828e+09;5.129485058872569084e+09
5.130099841065028191e+09;5.130095853696754456e+09;5.130091718277326584e+09;5.130087429339252472e+09;5.130082981215289116e+09;5.130078368031411171e+09;5.130073583699386597e+09;5.130068621909138680e+09;5.130063476120902061e+09;5.130058139557093620e+09;5.130052605193838120e+09;5.130046865752316475e+09;5.130040913689772606e+09;5.130034741190224648e+09;5.130028340154887199e+09;5.130021702192263603e+09;5.130014818607899666e+09;5.130007680393908501e+09;5.130000278217924118e+09;5.129992602412022591e+09;5.129984642961053848e+09;5.129976389490621567e+09;5.129967831254786491e+09;5.129958957123352051e+09;5.129949755568743706e+09;5.129940214652372360e+09;5.129930322010818481e+09;5.129920064841420174e+09;5.129909429887435913e+09;5.129898403422872543e+09;5.129886971236725807e+09;5.129875118616856575e+09;5.129862830333432198e+09;5.129850090621706963e+09;5.129836883164559364e+09;5.129823191074331284e+09;5.129808996874312401e+09;5.129794282479619026e+09;5.129779029177593231e+09;5.129763217607681274e+09;5.129746827740769386e+09;5.129729838858006477e+09;5.129712229529043198e+09;5.129693977589735031e+09;5.129675060119344711e+09;5.129655453417114258e+09;5.129635132978316307e+09;5.129614073469728470e+09;5.129592248704576492e+09;5.129569631616869926e+09;5.129546194235188484e+09;5.129521907655924797e+09;5.129496742015914917e+09;5.129470666464606285e+09;5.129443649135524750e+09;5.129415657117357254e+09;5.129386656424335480e+09;5.129356611966265678e+09;5.129325487517790794e+09;5.129293245687391281e+09;5.129259847885729790e+09;5.129225254293519020e+09;5.129189423829013824e+09;5.129152314114881516e+09;5.129113881444815636e+09;5.129074080749607086e+09;5.129032865562838554e+09;5.128990187986273766e+09;5.128945998654795647e+09;5.128900246701131821e+09;5.128852879720191002e+09;5.128803843733191490e+09;5.128753083151561737e+09;5.128700540740654945e+09;5.128646157583207130e+09;5.128589873042860031e+09;5.128531624727363586e+09;5.128471348451991081e+09;5.128408978202742577e+09;5.128344446099722862e+09;5.128277682360536575e+09;5.128208615263871193e+09;5.128137171113256454e+09;5.128063274200996399e+09;5.127986846772510529e+09;5.127907808990898132e+09;5.127826078901948929e+09;5.127741572399591446e+09;5.127654203191846848e+09;5.127563882767312050e+09;5.127470520362293243e+09;5.127374022928568840e+09;5.127274295101939201e+09;5.127171239171387672e+09;5.127064755049366951e+09;5.126954740242638588e+09;5.126841089824342728e+09;5.126723696406885147e+09;5.126602450115933418e+09;5.126477238565526962e+09;5.126347946834362030e+09;5.126214457443136215e+09;5.126076650333314896e+09;5.125934402847117424e+09;5.125787589708741188e+09;5.125636083007061005e+09;5.125479752179684639e+09;5.125318463998409271e+09;5.125152082556159973e+09;5.124980469255395889e+09;5.124803482797995567e+09;5.124620979176621437e+09;5.124432811667658806e+09;5.124238830825613976e+09;5.124038884479062080e+09;5.123832817728113174e+09;5.123620472943312645e+09;5.123401689766110420e+09;5.123176305110874176e+09;5.122944153168076515e+09;5.122705065409317017e+09;5.122458870593387604e+09;5.122205394774050713e+09;5.121944461308861732e+09;5.121675890869688034e+09;5.121399501454279900e+09;5.121115108399248123e+09;5.120822524394421577e+09
5.121094988169251442e+09;5.121091164981322289e+09;5.121087199811452866e+09;5.121083087414298058e+09;5.121078822352690697e+09;5.121074398990959167e+09;5.121069811487683296e+09;5.121065053788442612e+09;5.121060119618245125e+09;5.121055002473690033e+09;5.121049695614798546e+09;5.121044192056742668e+09;5.121038484561108589e+09;5.121032565627040863e+09;5.121026427481964111e+09;5.121020062072025299e+09;5.121013461052310944e+09;5.121006615776667595e+09;5.120999517287123680e+09;5.120992156303151131e+09;5.120984523210430145e+09;5.120976608049328804e+09;5.120968400502990723e+09;5.120959889885069847e+09;5.120951065127052307e+09;5.120941914765187263e+09;5.120932426927062988e+09;5.120922589317721367e+09;5.120912389205347061e+09;5.120901813406631470e+09;5.120890848271451950e+09;5.120879479667461395e+09;5.120867692963849068e+09;5.120855473014924049e+09;5.120842804143060684e+09;5.120829670121235847e+09;5.120816054155000687e+09;5.120801938864077568e+09;5.120787306263295174e+09;5.120772137743117332e+09;5.120756414049625397e+09;5.120740115263990402e+09;5.120723220781321526e+09;5.120705709289065361e+09;5.120687558744848251e+09;5.120668746353754044e+09;5.120649248544992447e+09;5.120629040948130608e+09;5.120608098368654251e+09;5.120586394763026237e+09;5.120563903213109970e+09;5.120540595900169373e+09;5.120516444078168869e+09;5.120491418046551704e+09;5.120465487122483253e+09;5.120438619612554550e+09;5.120410782783874512e+09;5.120381942834660530e+09;5.120352064864321709e+09;5.120321112842959404e+09;5.120289049580368042e+09;5.120255836694534302e+09;5.120221434579709053e+09;5.120185802373868942e+09;5.120148897925877571e+09;5.120110677762041092e+09;5.120071097052355766e+09;5.120030109576341629e+09;5.119987667688464165e+09;5.119943722283209801e+09;5.119898222759804726e+09;5.119851116986721992e+09;5.119802351265844345e+09;5.119751870296386719e+09;5.119699617138638496e+09;5.119645533177539825e+09;5.119589558086095810e+09;5.119531629788652420e+09;5.119471684424311638e+09;5.119409656310029030e+09;5.119345477903952599e+09;5.119279079768798828e+09;5.119210390535271645e+09;5.119139336865690231e+09;5.119065843417862892e+09;5.118989832809136391e+09;5.118911225580809593e+09;5.118829940162869453e+09;5.118745892839215279e+09;5.118658997713245392e+09;5.118569166674004555e+09;5.118476309362927437e+09;5.118380333141207695e+09;5.118281143057733536e+09;5.118178641817923546e+09;5.118072729753207207e+09;5.117963304791377068e+09;5.117850262427972794e+09;5.117733495698301315e+09;5.117612895150754929e+09;5.117488348820978165e+09;5.117359742207220078e+09;5.117226958246719360e+09;5.117089877293386459e+09;5.116948377096549034e+09;5.116802332781130791e+09;5.116651616828955650e+09;5.116496099061430931e+09;5.116335646623616219e+09;5.116170123969587326e+09;5.115999392849300385e+09;5.115823312296710968e+09;5.115641738619521141e+09;5.115454525390133858e+09;5.115261523438266754e+09;5.115062580844838142e+09;5.114857542937356949e+09;5.114646252286784172e+09;5.114428548705723763e+09;5.114204269248167992e+09;5.113973248210451126e+09;5.113735317133750916e+09;5.113490304807909012e+09;5.113238037276476860e+09;5.112978337843349457e+09;5.112711027080478668e+09;5.112435922837033272e+09;5.112152840249772072e+09
5.112096184550982475e+09;5.112092517697381020e+09;5.112088714642720222e+09;5.112084770353275299e+09;5.112080679611255646e+09;5.112076437008075714e+09;5.112072036937627792e+09;5.112067473589217186e+09;5.112062740940202713e+09;5.112057832748550415e+09;5.112052742544973373e+09;5.112047463624891281e+09;5.112041989040127754e+09;5.112036311590249062e+09;5.112030423813748360e+09;5.112024317978829384e+09;5.112017986073874474e+09;5.112011419797735214e+09;5.112004610549542427e+09;5.111997549418302536e+09;5.111990227172091484e+09;5.111982634246958733e+09;5.111974760735441208e+09;5.111966596374667168e+09;5.111958130534249306e+09;5.111949352203536987e+09;5.111940249978776932e+09;5.111930812049620628e+09;5.111921026185370445e+09;5.111910879720734596e+09;5.111900359541224480e+09;5.111889452068024635e+09;5.111878143242484093e+09;5.111866418510113716e+09;5.111854262804174423e+09;5.111841660528728485e+09;5.111828595541237831e+09;5.111815051134675980e+09;5.111801010019154549e+09;5.111786454302968979e+09;5.111771365473277092e+09;5.111755724376080513e+09;5.111739511195866585e+09;5.111722705434508324e+09;5.111705285889842987e+09;5.111687230633507729e+09;5.111668516988405228e+09;5.111649121505494118e+09;5.111629019940013885e+09;5.111608187227278709e+09;5.111586597457748413e+09;5.111564223851679802e+09;5.111541038733118057e+09;5.111517013503403664e+09;5.111492118613972664e+09;5.111466323538819313e+09;5.111439596746247292e+09;5.111411905670064926e+09;5.111383216680363655e+09;5.111353495053616524e+09;5.111322704942329407e+09;5.111290809344257355e+09;5.111257770070794106e+09;5.111223547715341568e+09;5.111188101620850563e+09;5.111151389846895218e+09;5.111113369136576653e+09;5.111073994882750511e+09;5.111033221093905449e+09;5.110991000359698296e+09;5.110947283816120148e+09;5.110902021110294342e+09;5.110855160364982605e+09;5.110806648142838478e+09;5.110756429410326958e+09;5.110704447501559258e+09;5.110650644081805229e+09;5.110594959110966682e+09;5.110537330806804657e+09;5.110477695608311653e+09;5.110415988138794899e+09;5.110352141169120789e+09;5.110286085581022263e+09;5.110217750330366135e+09;5.110147062410694122e+09;5.110073946816872597e+09;5.109998326509010315e+09;5.109920122376613617e+09;5.109839253203161240e+09;5.109755635630862236e+09;5.109669184126097679e+09;5.109579810945189476e+09;5.109487426100612640e+09;5.109391937328060150e+09;5.109293250053897858e+09;5.109191267363348007e+09;5.109085889969558716e+09;5.108977016183220863e+09;5.108864541883248329e+09;5.108748360488183022e+09;5.108628362928553581e+09;5.108504437620367050e+09;5.108376470439386368e+09;5.108244344696658134e+09;5.108107941115037918e+09;5.107967137806921959e+09;5.107821810253180504e+09;5.107671831283179283e+09;5.107517071056246758e+09;5.107357397044246674e+09;5.107192674015469551e+09;5.107022764020002365e+09;5.106847526376196861e+09;5.106666817658688545e+09;5.106480491687609673e+09;5.106288399519356728e+09;5.106090389438554764e+09;5.105886306951472282e+09;5.105675994780776024e+09;5.105459292861700058e+09;5.105236038339507103e+09;5.105006065568281174e+09;5.104769206111142159e+09;5.104525288741634369e+09;5.104274139446595192e+09;5.104015581430184364e+09;5.103749435119287491e+09;5.103475518170200348e+09
5.103102280090861320e+09;5.103098762136013985e+09;5.103095113487545013e+09;5.103091329313544273e+09;5.103087404605251312e+09;5.103083334170654297e+09;5.103079112627962112e+09;5.103074734398808479e+09;5.103070193701183319e+09;5.103065484542305946e+09;5.103060600710959435e+09;5.103055535769831657e+09;5.103050283047513962e+09;5.103044835630113602e+09;5.103039186352832794e+09;5.103033327790974617e+09;5.103027252250921249e+09;5.103020951760598183e+09;5.103014418059849739e+09;5.103007642590219498e+09;5.103000616484656334e+09;5.102993330556765556e+09;5.102985775289734840e+09;5.102977940824903488e+09;5.102969816949986458e+09;5.102961393086862564e+09;5.102952658279136658e+09;5.102943601179116249e+09;5.102934210034527779e+09;5.102924472674807549e+09;5.102914376496859550e+09;5.102903908450579643e+09;5.102893055023805618e+09;5.102881802226826668e+09;5.102870135576501846e+09;5.102858040079883575e+09;5.102845500217412949e+09;5.102832499925485611e+09;5.102819022578785896e+09;5.102805050971839905e+09;5.102790567300307274e+09;5.102775553141618729e+09;5.102759989435114861e+09;5.102743856461721420e+09;5.102727133823028564e+09;5.102709800419878960e+09;5.102691834430339813e+09;5.102673213287249565e+09;5.102653913655076981e+09;5.102633911406325340e+09;5.102613181597363472e+09;5.102591698443611145e+09;5.102569435294265747e+09;5.102546364606472969e+09;5.102522457918808937e+09;5.102497685824344635e+09;5.102472017943075180e+09;5.102445422893845558e+09;5.102417868265602112e+09;5.102389320588319778e+09;5.102359745303173065e+09;5.102329106732318878e+09;5.102297368048099518e+09;5.102264491241741180e+09;5.102230437091590881e+09;5.102195165130821228e+09;5.102158633614721298e+09;5.102120799487471581e+09;5.102081618348571777e+09;5.102041044418785095e+09;5.101999030505716324e+09;5.101955527969017029e+09;5.101910486685279846e+09;5.101863855012536049e+09;5.101815579754582405e+09;5.101765606124917030e+09;5.101713877710559845e+09;5.101660336435574532e+09;5.101604922524532318e+09;5.101547574465741158e+09;5.101488228974466324e+09;5.101426820956071854e+09;5.101363283469132423e+09;5.101297547688595772e+09;5.101229542869004250e+09;5.101159196307834625e+09;5.101086433308987617e+09;5.101011177146533966e+09;5.100933349028582573e+09;5.100852868061604500e+09;5.100769651215020180e+09;5.100683613286146164e+09;5.100594666865662575e+09;5.100502722303551674e+09;5.100407687675498009e+09;5.100309468749997139e+09;5.100207968956089020e+09;5.100103089351622581e+09;5.099994728592488289e+09;5.099882782902456284e+09;5.099767146043939590e+09;5.099647709289623260e+09;5.099524361394943237e+09;5.099396988571616173e+09;5.099265474462139130e+09;5.099129700115329742e+09;5.098989543962957382e+09;5.098844881797495842e+09;5.098695586750956535e+09;5.098541529275045395e+09;5.098382577122354507e+09;5.098218595328914642e+09;5.098049446197933197e+09;5.097874989284756660e+09;5.097695081383285522e+09;5.097509576513388634e+09;5.097318325909946442e+09;5.097121178012945175e+09;5.096917978458942413e+09;5.096708570073931694e+09;5.096492792867418289e+09;5.096270484027716637e+09;5.096041477918711662e+09;5.095805606077845573e+09;5.095562697215192795e+09;5.095312577214197159e+09;5.095055069133249283e+09;5.094789993208851814e+09
5.094112075763729095e+09;5.094108699658834457e+09;5.094105198108455658e+09;5.094101566473121643e+09;5.094097799943387985e+09;5.094093893533742905e+09;5.094089842076287270e+09;5.094085640214215279e+09;5.094081282395030022e+09;5.094076762863589287e+09;5.094072075654879570e+09;5.094067214586486816e+09;5.094062173250981331e+09;5.094056945007834435e+09;5.094051522975247383e+09;5.094045900021542549e+09;5.094040068756466866e+09;5.094034021522005081e+09;5.094027750382971764e+09;5.094021247117413521e+09;5.094014503206465721e+09;5.094007509824059486e+09;5.094000257826272964e+09;5.093992737740231514e+09;5.093984939752783775e+09;5.093976853698793411e+09;5.093968469048925400e+09;5.093959774897293091e+09;5.093950759948483467e+09;5.093941412504364014e+09;5.093931720450353622e+09;5.093921671241365433e+09;5.093911251887273788e+09;5.093900448937971115e+09;5.093889248467986107e+09;5.093877636060611725e+09;5.093865596791624069e+09;5.093853115212533951e+09;5.093840175333286285e+09;5.093826760604531288e+09;5.093812853899435997e+09;5.093798437494856834e+09;5.093783493052275658e+09;5.093768001597804070e+09;5.093751943502095222e+09;5.093735298459426880e+09;5.093718045466363907e+09;5.093700162799921036e+09;5.093681627995052338e+09;5.093662417821704865e+09;5.093642508261289597e+09;5.093621874482539177e+09;5.093600490816890717e+09;5.093578330733234406e+09;5.093555366812160492e+09;5.093531570719578743e+09;5.093506913179871559e+09;5.093481363948378563e+09;5.093454891783419609e+09;5.093427464417719841e+09;5.093399048529274940e+09;5.093369609711769104e+09;5.093339112444325447e+09;5.093307520060821533e+09;5.093274794718748093e+09;5.093240897367395401e+09;5.093205787715746880e+09;5.093169424199785233e+09;5.093131763949327469e+09;5.093092762754549026e+09;5.093052375031960487e+09;5.093010553790060997e+09;5.092967250594540596e+09;5.092922415533257484e+09;5.092875997180760384e+09;5.092827942562592506e+09;5.092778197119250298e+09;5.092726704670042992e+09;5.092673407376560211e+09;5.092618245706057549e+09;5.092561158394761086e+09;5.092502082410932541e+09;5.092440952917956352e+09;5.092377703237360001e+09;5.092312264811883926e+09;5.092244567168520927e+09;5.092174537881719589e+09;5.092102102536721230e+09;5.092027184693015099e+09;5.091949705848075867e+09;5.091869585401344299e+09;5.091786740618500710e+09;5.091701086596172333e+09;5.091612536226988792e+09;5.091521000165041924e+09;5.091426386791972160e+09;5.091328602183530807e+09;5.091227550076734543e+09;5.091123131837712288e+09;5.091015246430171967e+09;5.090903790384638786e+09;5.090788657768499374e+09;5.090669740156798363e+09;5.090546926604038239e+09;5.090420103616676331e+09;5.090289155126749992e+09;5.090153962466407776e+09;5.090014404343510628e+09;5.089870356818175316e+09;5.089721693280500412e+09;5.089568284429432869e+09;5.089409998252650261e+09;5.089246700007696152e+09;5.089078252204274178e+09;5.088904514587735176e+09;5.088725344123785973e+09;5.088540594984385490e+09;5.088350118534976006e+09;5.088153763322783470e+09;5.087951375066521645e+09;5.087742796647238731e+09;5.087527868100484848e+09;5.087306426609620094e+09;5.087078306500517845e+09;5.086843339237289429e+09;5.086601353419472694e+09;5.086352174780326843e+09;5.086095626186410904e+09
5.085124325353218079e+09;5.085121084414276123e+09;5.085117723032048225e+09;5.085114236750558853e+09;5.085110620950474739e+09;5.085106870843204498e+09;5.085102981464847565e+09;5.085098947669938087e+09;5.085094764124883652e+09;5.085090425301276207e+09;5.085085925468905449e+09;5.085081258688567162e+09;5.085076418804665565e+09;5.085071399437492371e+09;5.085066193975234032e+09;5.085060795565873146e+09;5.085055197108618736e+09;5.085049391245093346e+09;5.085043370350402832e+09;5.085037126523633957e+09;5.085030651578322411e+09;5.085023937032369614e+09;5.085016974097796440e+09;5.085009753670049667e+09;5.085002266317102432e+09;5.084994502268053055e+09;5.084986451401509285e+09;5.084978103233451843e+09;5.084969446904818535e+09;5.084960471168762207e+09;5.084951164377367973e+09;5.084941514468003273e+09;5.084931508949377060e+09;5.084921134886968613e+09;5.084910378888265610e+09;5.084899227087330818e+09;5.084887665129062653e+09;5.084875678152941704e+09;5.084863250776334763e+09;5.084850367077310562e+09;5.084837010576944351e+09;5.084823164221220970e+09;5.084808810362247467e+09;5.084793930739236832e+09;5.084778506458701134e+09;5.084762517974286079e+09;5.084745945066052437e+09;5.084728766819161415e+09;5.084710961602066994e+09;5.084692507044188499e+09;5.084673380013001442e+09;5.084653556590517044e+09;5.084633012049337387e+09;5.084611720827999115e+09;5.084589656505945206e+09;5.084566791777697563e+09;5.084543098426691055e+09;5.084518547298410416e+09;5.084493108273005486e+09;5.084466750237412453e+09;5.084439441056777954e+09;5.084411147545503616e+09;5.084381835437639236e+09;5.084351469356783867e+09;5.084320012785476685e+09;5.084287428034001350e+09;5.084253676208822250e+09;5.084218717180399895e+09;5.084182509550624847e+09;5.084145010619664192e+09;5.084106176352583885e+09;5.084065961345313072e+09;5.084024318790342331e+09;5.083981200442040443e+09;5.083936556581516266e+09;5.083890335981259346e+09;5.083842485869370461e+09;5.083792951893620491e+09;5.083741678085156441e+09;5.083688606822018623e+09;5.083633678792523384e+09;5.083576832958382607e+09;5.083518006517806053e+09;5.083457134868443489e+09;5.083394151570329666e+09;5.083328988308801651e+09;5.083261574857377052e+09;5.083191839040817261e+09;5.083119706698276520e+09;5.083045101646522522e+09;5.082967945643381119e+09;5.082888158351531029e+09;5.082805657302404404e+09;5.082720357860588074e+09;5.082632173188472748e+09;5.082541014211389542e+09;5.082446789583155632e+09;5.082349405652220726e+09;5.082248766428282738e+09;5.082144773549489975e+09;5.082037326250422478e+09;5.081926321330611229e+09;5.081811653123845100e+09;5.081693213468287468e+09;5.081570891677351952e+09;5.081444574511425972e+09;5.081314146150567055e+09;5.081179488168023109e+09;5.081040479504767418e+09;5.080896996445011139e+09;5.080748912592766762e+09;5.080596098849424362e+09;5.080438423392414093e+09;5.080275751654932976e+09;5.080107946306899071e+09;5.079934867236927032e+09;5.079756371535449028e+09;5.079572313479129791e+09;5.079382544516242981e+09;5.079186913253465652e+09;5.078985265443639755e+09;5.078777443974884033e+09;5.078563288860761642e+09;5.078342637231778145e+09;5.078115323327950478e+09;5.077881178492647171e+09;5.077640031167694092e+09;5.077391706889457703e+09
5.076137738012477875e+09;5.076134625899932861e+09;5.076131398112945557e+09;5.076128050370539665e+09;5.076124578234741211e+09;5.076120977104803085e+09;5.076117242211450577e+09;5.076113368610817909e+09;5.076109351178174973e+09;5.076105184601413727e+09;5.076100863374359131e+09;5.076096381789886475e+09;5.076091733932731628e+09;5.076086913672000885e+09;5.076081914653658867e+09;5.076076730292502403e+09;5.076071353764001846e+09;5.076065777995876312e+09;5.076059995659300804e+09;5.076053999159961700e+09;5.076047780628638268e+09;5.076041331911656380e+09;5.076034644560879707e+09;5.076027709823515892e+09;5.076020518631452560e+09;5.076013061590357780e+09;5.076005328968353271e+09;5.075997310684436798e+09;5.075988996296432495e+09;5.075980374988568306e+09;5.075971435558805466e+09;5.075962166405553818e+09;5.075952555514158249e+09;5.075942590442955017e+09;5.075932258308772087e+09;5.075921545772199631e+09;5.075910439022193909e+09;5.075898923760478020e+09;5.075886985185262680e+09;5.075874607974664688e+09;5.075861776269495010e+09;5.075848473655770302e+09;5.075834683146493912e+09;5.075820387163126945e+09;5.075805567516479492e+09;5.075790205387041092e+09;5.075774281304877281e+09;5.075757775128951073e+09;5.075740666025936127e+09;5.075722932448417664e+09;5.075704552112640381e+09;5.075685501975689888e+09;5.075665758212056160e+09;5.075645296189701080e+09;5.075624090445587158e+09;5.075602114660535812e+09;5.075579341633680344e+09;5.075555743256223679e+09;5.075531290484692574e+09;5.075505953313646317e+09;5.075479700747803688e+09;5.075452500773597717e+09;5.075424320330253601e+09;5.075395125280272484e+09;5.075364880379343033e+09;5.075333549245822906e+09;5.075301094329641342e+09;5.075267476880707741e+09;5.075232656916804314e+09;5.075196593191100121e+09;5.075159243159010887e+09;5.075120562944818497e+09;5.075080507307776451e+09;5.075039029607682228e+09;5.074996081770293236e+09;5.074951614252227783e+09;5.074905576005511284e+09;5.074857914441877365e+09;5.074808575396773338e+09;5.074757503092968941e+09;5.074704640104187965e+09;5.074649927318292618e+09;5.074593303900337219e+09;5.074534707255692482e+09;5.074474072992756844e+09;5.074411334885868073e+09;5.074346424838022232e+09;5.074279272843634605e+09;5.074209806951424599e+09;5.074137953227280617e+09;5.074063635717312813e+09;5.073986776411102295e+09;5.073907295205084801e+09;5.073825109866242409e+09;5.073740135996088028e+09;5.073652286994982719e+09;5.073561474026853561e+09;5.073467605984317780e+09;5.073370589454257011e+09;5.073270328684006691e+09;5.073166725547986031e+09;5.073059679515006065e+09;5.072949087616170883e+09;5.072834844413527489e+09;5.072716841969337463e+09;5.072594969816240311e+09;5.072469114928133011e+09;5.072339161691851616e+09;5.072204991879859924e+09;5.072066484623715401e+09;5.071923516388490677e+09;5.071775960948242188e+09;5.071623689362396240e+09;5.071466569953079224e+09;5.071304468283699989e+09;5.071137247138399124e+09;5.070964766502593040e+09;5.070786883544678688e+09;5.070603452598834991e+09;5.070414325148877144e+09;5.070219349813250542e+09;5.070018372331198692e+09;5.069811235550040245e+09;5.069597779413524628e+09;5.069377840951479912e+09;5.069151254270494461e+09;5.068917850545781136e+09;5.068677458014225006e+09
5.067150981655532837e+09;5.067147992355337143e+09;5.067144891928071022e+09;5.067141676259739876e+09;5.067138341085322380e+09;5.067134881983389854e+09;5.067131294370337486e+09;5.067127573494682312e+09;5.067123714430970192e+09;5.067119712073513031e+09;5.067115561129981041e+09;5.067111256114707947e+09;5.067106791341767311e+09;5.067102160917844772e+09;5.067097358734873772e+09;5.067092378462363243e+09;5.067087213539564133e+09;5.067081857167262077e+09;5.067076302299367905e+09;5.067070541634217262e+09;5.067064567605589867e+09;5.067058372373404503e+09;5.067051947814101219e+09;5.067045285510799408e+09;5.067038376742968559e+09;5.067031212475972176e+09;5.067023783350099564e+09;5.067016079669334412e+09;5.067008091389755249e+09;5.066999808107571602e+09;5.066991219046786308e+09;5.066982313046404839e+09;5.066973078547428131e+09;5.066963503579179764e+09;5.066953575745519638e+09;5.066943282210339546e+09;5.066932609682937622e+09;5.066921544402606964e+09;5.066910072123146057e+09;5.066898178096577644e+09;5.066885847056623459e+09;5.066873063201646805e+09;5.066859810177027702e+09;5.066846071057226181e+09;5.066831828327097893e+09;5.066817063862967491e+09;5.066801758913037300e+09;5.066785894077209473e+09;5.066769449286615372e+09;5.066752403782374382e+09;5.066734736093947411e+09;5.066716424016869545e+09;5.066697444590048790e+09;5.066677774072344780e+09;5.066657387918738365e+09;5.066636260755895615e+09;5.066614366357115746e+09;5.066591677616789818e+09;5.066568166524260521e+09;5.066543804137148857e+09;5.066518560554101944e+09;5.066492404886956215e+09;5.066465305232372284e+09;5.066437228643005371e+09;5.066408141097898483e+09;5.066378007472640038e+09;5.066346791508749008e+09;5.066314455782670021e+09;5.066280961674242020e+09;5.066246269334562302e+09;5.066210337653589249e+09;5.066173124227026939e+09;5.066134585322931290e+09;5.066094675847825050e+09;5.066053349312367439e+09;5.066010557796663284e+09;5.065966251915167809e+09;5.065920380781293869e+09;5.065872891971652031e+09;5.065823731489936829e+09;5.065772843730666161e+09;5.065720171442545891e+09;5.065665655691727638e+09;5.065609235824771881e+09;5.065550849431564331e+09;5.065490432308018684e+09;5.065427918418795586e+09;5.065363239859899521e+09;5.065296326821244240e+09;5.065227107549392700e+09;5.065155508310076714e+09;5.065081453351210594e+09;5.065004864865679741e+09;5.064925662954564095e+09;5.064843765590437889e+09;5.064759088581074715e+09;5.064671545533263206e+09;5.064581047817256927e+09;5.064487504531324387e+09;5.064390822466967583e+09;5.064290906074439049e+09;5.064187657428939819e+09;5.064080976197243690e+09;5.063970759604974747e+09;5.063856902404551506e+09;5.063739296843800545e+09;5.063617832635202408e+09;5.063492396926022530e+09;5.063362874269108772e+09;5.063229146594585419e+09;5.063091093182355881e+09;5.062948590635521889e+09;5.062801512854678154e+09;5.062649731013174057e+09;5.062493113533230782e+09;5.062331526063272476e+09;5.062164831455946922e+09;5.061992889747396469e+09;5.061815558137516022e+09;5.061632690971159935e+09;5.061444139720513344e+09;5.061249752968484879e+09;5.061049376393199921e+09;5.060842852753513336e+09;5.060630021875754356e+09;5.060410720641469955e+09;5.060184782976240158e+09;5.059952039839836121e+09
5.058162687155240059e+09;5.058159814961176872e+09;5.058156835977197647e+09;5.058153746248676300e+09;5.058150541675648689e+09;5.058147218007754326e+09;5.058143770838639259e+09;5.058140195600400925e+09;5.058136487557782173e+09;5.058132641802158356e+09;5.058128653245279312e+09;5.058124516612893105e+09;5.058120226438018799e+09;5.058115777054095268e+09;5.058111162587942123e+09;5.058106376952258110e+09;5.058101413838109016e+09;5.058096266707066536e+09;5.058090928782988548e+09;5.058085393043742180e+09;5.058079652212468147e+09;5.058073698748591423e+09;5.058067524838562965e+09;5.058061122386396408e+09;5.058054483003624916e+09;5.058047597999255180e+09;5.058040458369119644e+09;5.058033054785099983e+09;5.058025377583889961e+09;5.058017416755365372e+09;5.058009161930736542e+09;5.058000602370226860e+09;5.057991726950301170e+09;5.057982524150679588e+09;5.057972982040823936e+09;5.057963088265975952e+09;5.057952830032941818e+09;5.057942194095302582e+09;5.057931166738207817e+09;5.057919733762800217e+09;5.057907880470033646e+09;5.057895591644255638e+09;5.057882851536087036e+09;5.057869643844910622e+09;5.057855951700953484e+09;5.057841757646698952e+09;5.057827043617974281e+09;5.057811790924360275e+09;5.057795980229206085e+09;5.057779591529062271e+09;5.057762604132558823e+09;5.057744996638819695e+09;5.057726746915221214e+09;5.057707832074763298e+09;5.057688228452683449e+09;5.057667911582684517e+09;5.057646856172560692e+09;5.057625036079153061e+09;5.057602424282965660e+09;5.057578992861957550e+09;5.057554712964945793e+09;5.057529554784461975e+09;5.057503487528888702e+09;5.057476479394200325e+09;5.057448497535098076e+09;5.057419508035540581e+09;5.057389475878857613e+09;5.057358364917201042e+09;5.057326137840555191e+09;5.057292756145277023e+09;5.057258180101943016e+09;5.057222368722951889e+09;5.057185279729473114e+09;5.057146869518063545e+09;5.057107093126681328e+09;5.057065904200472832e+09;5.057023254957014084e+09;5.056979096151237488e+09;5.056933377039862633e+09;5.056886045345831871e+09;5.056837047221937180e+09;5.056786327214593887e+09;5.056733828227155685e+09;5.056679491483017921e+09;5.056623256488519669e+09;5.056565060995729446e+09;5.056504840965065956e+09;5.056442530527794838e+09;5.056378061948492050e+09;5.056311365587498665e+09;5.056242369863220215e+09;5.056171001214818001e+09;5.056097184064544678e+09;5.056020840780547142e+09;5.055941891639672279e+09;5.055860254790483475e+09;5.055775846216548920e+09;5.055688579699963570e+09;5.055598366785280228e+09;5.055505116743713379e+09;5.055408736537761688e+09;5.055309130786267281e+09;5.055206201730071068e+09;5.055099849197943687e+09;5.054989970573367119e+09;5.054876460761660576e+09;5.054759212157900810e+09;5.054638114615459442e+09;5.054513055415222168e+09;5.054383919235554695e+09;5.054250588123098373e+09;5.054112941464276314e+09;5.053970855957717896e+09;5.053824205587395668e+09;5.053672861596849442e+09;5.053516692464120865e+09;5.053355563877769470e+09;5.053189338713673592e+09;5.053017877012954712e+09;5.052841035960795403e+09;5.052658669866202354e+09;5.052470630142936707e+09;5.052276765291295052e+09;5.052076920881001472e+09;5.051870939535131454e+09;5.051658660915148735e+09;5.051439921706873894e+09;5.051214555607637405e+09
5.049171453313860893e+09;5.049168692811140060e+09;5.049165829656115532e+09;5.049162860046230316e+09;5.049159780039173126e+09;5.049156585547796249e+09;5.049153272334949493e+09;5.049149836007976532e+09;5.049146272013240814e+09;5.049142575630180359e+09;5.049138741965412140e+09;5.049134765946526527e+09;5.049130642315606117e+09;5.049126365622673988e+09;5.049121930218730927e+09;5.049117330248766899e+09;5.049112559644355774e+09;5.049107612116078377e+09;5.049102481145683289e+09;5.049097159978008270e+09;5.049091641612588882e+09;5.049085918794973373e+09;5.049079984007833481e+09;5.049073829461720467e+09;5.049067447085469246e+09;5.049060828516427994e+09;5.049053965090266228e+09;5.049046847830431938e+09;5.049039467437350273e+09;5.049031814277283669e+09;5.049023878370682716e+09;5.049015649380406380e+09;5.049007116599366188e+09;5.048998268937894821e+09;5.048989094910727501e+09;5.048979582623501778e+09;5.048969719758882523e+09;5.048959493562373161e+09;5.048948890827545166e+09;5.048937897880859375e+09;5.048926500566185951e+09;5.048914684228641510e+09;5.048902433698108673e+09;5.048889733272322655e+09;5.048876566699316978e+09;5.048862917159538269e+09;5.048848767247327805e+09;5.048834098952011108e+09;5.048818893638407707e+09;5.048803132026853561e+09;5.048786794172706604e+09;5.048769859445229530e+09;5.048752306506046295e+09;5.048734113287036896e+09;5.048715256967596054e+09;5.048695713951449394e+09;5.048675459842803955e+09;5.048654469422069550e+09;5.048632716620888710e+09;5.048610174496688843e+09;5.048586815206641197e+09;5.048562609981030464e+09;5.048537529096108437e+09;5.048511541846379280e+09;5.048484616516283035e+09;5.048456720351369858e+09;5.048427819528909683e+09;5.048397879127966881e+09;5.048366863098939896e+09;5.048334734232548714e+09;5.048301454128363609e+09;5.048266983162691116e+09;5.048231280456239700e+09;5.048194303840960503e+09;5.048156009826709747e+09;5.048116353567295074e+09;5.048075288826166153e+09;5.048032767941634178e+09;5.047988741791817665e+09;5.047943159759031296e+09;5.047895969694054604e+09;5.047847117879854202e+09;5.047796548995211601e+09;5.047744206077853203e+09;5.047690030487613678e+09;5.047633961869164467e+09;5.047575938114669800e+09;5.047515895326189995e+09;5.047453767778154373e+09;5.047389487879575729e+09;5.047322986136252403e+09;5.047254191112999916e+09;5.047183029395909309e+09;5.047109425554651260e+09;5.047033302104768753e+09;5.046954579470322609e+09;5.046873175946528435e+09;5.046789007662676811e+09;5.046701988545258522e+09;5.046612030281518936e+09;5.046519042283116341e+09;5.046422931650349617e+09;5.046323603136664391e+09;5.046220959113718033e+09;5.046114899536735535e+09;5.046005321910662651e+09;5.045892121256624222e+09;5.045775190079088211e+09;5.045654418333651543e+09;5.045529693395480156e+09;5.045400900028399467e+09;5.045267920354755402e+09;5.045130633826043129e+09;5.044988917194265366e+09;5.044842644484066963e+09;5.044691686965815544e+09;5.044535913129451752e+09;5.044375188659230232e+09;5.044209376409297943e+09;5.044038336380374908e+09;5.043861925697067261e+09;5.043679998586462021e+09;5.043492406357309341e+09;5.043298997380603790e+09;5.043099617070751190e+09;5.042894107867988586e+09;5.042682309221720695e+09;5.042464057574925423e+09
5.040175852564126968e+09;5.040173198614033699e+09;5.040170445959815979e+09;5.040167590944117546e+09;5.040164629775068283e+09;5.040161558521429062e+09;5.040158373107555389e+09;5.040155069308171272e+09;5.040151642742954254e+09;5.040148088871039391e+09;5.040144402985093117e+09;5.040140580205429077e+09;5.040136615473834991e+09;5.040132503547102928e+09;5.040128238990445137e+09;5.040123816170687675e+09;5.040119229249124527e+09;5.040114472174257278e+09;5.040109538674158096e+09;5.040104422248737335e+09;5.040099116161598206e+09;5.040093613431688309e+09;5.040087906824716568e+09;5.040081988844173431e+09;5.040075851722149849e+09;5.040069487409818649e+09;5.040062887567607880e+09;5.040056043555060387e+09;5.040048946420375824e+09;5.040041586889552116e+09;5.040033955355267525e+09;5.040026041865396500e+09;5.040017836111064911e+09;5.040009327414472580e+09;5.040000504716216087e+09;5.039991356562305450e+09;5.039981871090711594e+09;5.039972036017588615e+09;5.039961838622954369e+09;5.039951265736073494e+09;5.039940303720337868e+09;5.039928938457691193e+09;5.039917155332600594e+09;5.039904939215652466e+09;5.039892274446498871e+09;5.039879144816509247e+09;5.039865533550835609e+09;5.039851423289981842e+09;5.039836796070863724e+09;5.039821633307414055e+09;5.039805915770641327e+09;5.039789623568071365e+09;5.039772736122809410e+09;5.039755232151959419e+09;5.039737089644532204e+09;5.039718285838803291e+09;5.039698797199070930e+09;5.039678599391994476e+09;5.039657667262155533e+09;5.039635974807276726e+09;5.039613495152714729e+09;5.039590200525520325e+09;5.039566062227718353e+09;5.039541050609360695e+09;5.039515135040658951e+09;5.039488283883792877e+09;5.039460464464115143e+09;5.039431643040704727e+09;5.039401784776523590e+09;5.039370853707904816e+09;5.039338812713576317e+09;5.039305623483207703e+09;5.039271246485308647e+09;5.039235640934789658e+09;5.039198764759912491e+09;5.039160574568847656e+09;5.039121025615714073e+09;5.039080071766262054e+09;5.039037665463026047e+09;5.038993757690249443e+09;5.038948297938195229e+09;5.038901234167304039e+09;5.038852512771940231e+09;5.038802078543791771e+09;5.038749874635119438e+09;5.038695842521553993e+09;5.038639921964830399e+09;5.038582050975298882e+09;5.038522165774179459e+09;5.038460200755828857e+09;5.038396088449728966e+09;5.038329759482585907e+09;5.038261142540291786e+09;5.038190164329859734e+09;5.038116749541526794e+09;5.038040820810784340e+09;5.037962298680653572e+09;5.037881101563956261e+09;5.037797145705932617e+09;5.037710345146967888e+09;5.037620611685612679e+09;5.037527854841925621e+09;5.037431981821125984e+09;5.037332897477589607e+09;5.037230504279339790e+09;5.037124702272945404e+09;5.037015389048794746e+09;5.036902459707067490e+09;5.036785806824144363e+09;5.036665320419652939e+09;5.036540887924033165e+09;5.036412394146903038e+09;5.036279721245993614e+09;5.036142748696769714e+09;5.036001353262904167e+09;5.035855408967406273e+09;5.035704787064558029e+09;5.035549356012664795e+09;5.035388981447626114e+09;5.035223526157397270e+09;5.035052850057209969e+09;5.034876810165795326e+09;5.034695260582422256e+09;5.034508052464888573e+09;5.034315034008442879e+09;5.034116050425626755e+09;5.033910943927126884e+09;5.033699553703517914e+09
5.031174437349837303e+09;5.031171885075384140e+09;5.031169237865164757e+09;5.031166492200433731e+09;5.031163644433025360e+09;5.031160690780552864e+09;5.031157627321619987e+09;5.031154449990775108e+09;5.031151154573340416e+09;5.031147736699914932e+09;5.031144191840967178e+09;5.031140515300913811e+09;5.031136702212233543e+09;5.031132747529310226e+09;5.031128646021979332e+09;5.031124392268977165e+09;5.031119980651109695e+09;5.031115405344157219e+09;5.031110660311616898e+09;5.031105739297089577e+09;5.031100635816574097e+09;5.031095343150309563e+09;5.031089854334459305e+09;5.031084162152570724e+09;5.031078259126566887e+09;5.031072137507621765e+09;5.031065789266691208e+09;5.031059206084626198e+09;5.031052379342109680e+09;5.031045300109193802e+09;5.031037959134502411e+09;5.031030346834122658e+09;5.031022453280076981e+09;5.031014268188555717e+09;5.031005780907544136e+09;5.030996980404397964e+09;5.030987855252727509e+09;5.030978393619062424e+09;5.030968583249011040e+09;5.030958411453092575e+09;5.030947865091994286e+09;5.030936930561641693e+09;5.030925593777467728e+09;5.030913840158638000e+09;5.030901654611439705e+09;5.030889021512444496e+09;5.030875924691106796e+09;5.030862347411792755e+09;5.030848272355533600e+09;5.030833681601000786e+09;5.030818556605163574e+09;5.030802878183389664e+09;5.030786626488919258e+09;5.030769780991917610e+09;5.030752320458002090e+09;5.030734222926087379e+09;5.030715465685780525e+09;5.030696025254290581e+09;5.030675877352589607e+09;5.030654996881171227e+09;5.030633357895187378e+09;5.030610933579034805e+09;5.030587696220319748e+09;5.030563617183357239e+09;5.030538666881999969e+09;5.030512814751972198e+09;5.030486029222620964e+09;5.030458277688062668e+09;5.030429526477852821e+09;5.030399740827103615e+09;5.030368884845935822e+09;5.030336921488557816e+09;5.030303812521710396e+09;5.030269518492674828e+09;5.030233998696692467e+09;5.030197211143959999e+09;5.030159112526139259e+09;5.030119658182342529e+09;5.030078802064804077e+09;5.030036496703920364e+09;5.029992693173148155e+09;5.029947341053281784e+09;5.029900388396429062e+09;5.029851781689797401e+09;5.029801465818871498e+09;5.029749384030586243e+09;5.029695477896039963e+09;5.029639687273076057e+09;5.029581950268550873e+09;5.029522203200561523e+09;5.029460380560390472e+09;5.029396414974435806e+09;5.029330237165928841e+09;5.029261775916764259e+09;5.029190958029187202e+09;5.029117708287547112e+09;5.029041949420072556e+09;5.028963602060765266e+09;5.028882584711432457e+09;5.028798813703805923e+09;5.028712203161924362e+09;5.028622664964746475e+09;5.028530108708957672e+09;5.028434441672205925e+09;5.028335568776554108e+09;5.028233392552379608e+09;5.028127813102701187e+09;5.028018728067819595e+09;5.027906032590709686e+09;5.027789619282579422e+09;5.027669378189213753e+09;5.027545196757912636e+09;5.027416959804796219e+09;5.027284549483013153e+09;5.027147845251477242e+09;5.027006723844260216e+09;5.026861059240882874e+09;5.026710722637007713e+09;5.026555582416313171e+09;5.026395504122829437e+09;5.026230350434143066e+09;5.026059981135554314e+09;5.025884253094957352e+09;5.025703020238509178e+09;5.025516133527380943e+09;5.025323440935192108e+09;5.025124787426541328e+09;5.024920014936227798e+09
5.022165747127665520e+09;5.022163291900203705e+09;5.022160745334573746e+09;5.022158104044475555e+09;5.022155364518922806e+09;5.022152523117780685e+09;5.022149576066983223e+09;5.022146519453772545e+09;5.022143349221604347e+09;5.022140061165044785e+09;5.022136650924292564e+09;5.022133113979705811e+09;5.022129445646008492e+09;5.022125641066310883e+09;5.022121695206011772e+09;5.022117602846351624e+09;5.022113358577879906e+09;5.022108956793633461e+09;5.022104391682063103e+09;5.022099657219744682e+09;5.022094747163870811e+09;5.022089655044447899e+09;5.022084374156260490e+09;5.022078897550529480e+09;5.022073218026287079e+09;5.022067328121625900e+09;5.022061220104318619e+09;5.022054885962561607e+09;5.022048317394998550e+09;5.022041505800741196e+09;5.022034442268877983e+09;5.022027117567728996e+09;5.022019522133745193e+09;5.022011646059987068e+09;5.022003479084329605e+09;5.021995010577308655e+09;5.021986229529447556e+09;5.021977124538367271e+09;5.021967683795335770e+09;5.021957895071560860e+09;5.021947745703950882e+09;5.021937222580503464e+09;5.021926312125218391e+09;5.021915000282637596e+09;5.021903272501846313e+09;5.021891113720041275e+09;5.021878508345686913e+09;5.021865440241059303e+09;5.021851892704448700e+09;5.021837848451758385e+09;5.021823289597648621e+09;5.021808197636123657e+09;5.021792553420698166e+09;5.021776337143884659e+09;5.021759528316276550e+09;5.021742105745014191e+09;5.021724047511811256e+09;5.021705330950247765e+09;5.021685932622650146e+09;5.021665828296447754e+09;5.021644992919754028e+09;5.021623400596668243e+09;5.021601024561756134e+09;5.021577837154113770e+09;5.021553809790815353e+09;5.021528912939780235e+09;5.021503116092087746e+09;5.021476387733732224e+09;5.021448695316802979e+09;5.021420005230115891e+09;5.021390282769268990e+09;5.021359492106194496e+09;5.021327596258145332e+09;5.021294557056109428e+09;5.021260335112842560e+09;5.021224889790217400e+09;5.021188179166165352e+09;5.021150160001152039e+09;5.021110787704185486e+09;5.021070016298279762e+09;5.021027798385580063e+09;5.020984085112071991e+09;5.020938826131821632e+09;5.020891969570868492e+09;5.020843461990874290e+09;5.020793248352195740e+09;5.020741271976960182e+09;5.020687474511589050e+09;5.020631795889257431e+09;5.020574174291988373e+09;5.020514546112705231e+09;5.020452845916960716e+09;5.020389006404646873e+09;5.020322958371566772e+09;5.020254630670884132e+09;5.020183950174616814e+09;5.020110841735083580e+09;5.020035228146382332e+09;5.019957030105937958e+09;5.019876166176175117e+09;5.019792552746264458e+09;5.019706103994081497e+09;5.019616731848359108e+09;5.019524345951159477e+09;5.019428853620422363e+09;5.019330159813003540e+09;5.019228167088072777e+09;5.019122775570694923e+09;5.019013882916047096e+09;5.018901384273907661e+09;5.018785172253745079e+09;5.018665136890257835e+09;5.018541165609430313e+09;5.018413143195210457e+09;5.018280951756755829e+09;5.018144470696267128e+09;5.018003576677535057e+09;5.017858143595132828e+09;5.017708042544291496e+09;5.017553141791468620e+09;5.017393306745745659e+09;5.017228399930902481e+09;5.017058280958254814e+09;5.016882806500400543e+09;5.016701830265704155e+09;5.016515202973551750e+09;5.016322772330611229e+09;5.016124383007871628e+09
5.013148315924469948e+09;5.013145953351058960e+09;5.013143502874999046e+09;5.013140961236483574e+09;5.013138325055664062e+09;5.013135590828235626e+09;5.013132754920929909e+09;5.013129813566864014e+09;5.013126762860676765e+09;5.013123598753507614e+09;5.013120317047862053e+09;5.013116913392172813e+09;5.013113383275313377e+09;5.013109722020827293e+09;5.013105924780966759e+09;5.013101986530580521e+09;5.013097902060695648e+09;5.013093665972011566e+09;5.013089272668026924e+09;5.013084716348055840e+09;5.013079990999898911e+09;5.013075090392376900e+09;5.013070008067530632e+09;5.013064737332549095e+09;5.013059271251533508e+09;5.013053602636850357e+09;5.013047724040321350e+09;5.013041627743967056e+09;5.013035305750674248e+09;5.013028749774329185e+09;5.013021951229756355e+09;5.013014901222292900e+09;5.013007590537066460e+09;5.013000009627856255e+09;5.012992148605648041e+09;5.012983997226883888e+09;5.012975544881182671e+09;5.012966780578824997e+09;5.012957692937800407e+09;5.012948270170456886e+09;5.012938500069680214e+09;5.012928369994823456e+09;5.012917866856965065e+09;5.012906977103981972e+09;5.012895686704966545e+09;5.012883981134359360e+09;5.012871845355466843e+09;5.012859263803671837e+09;5.012846220368972778e+09;5.012832698378197670e+09;5.012818680576648712e+09;5.012804149109195709e+09;5.012789085501012802e+09;5.012773470637592316e+09;5.012757284744341850e+09;5.012740507365690231e+09;5.012723117343542099e+09;5.012705092795251846e+09;5.012686411091063499e+09;5.012667048830897331e+09;5.012646981820707321e+09;5.012626185048146248e+09;5.012604632657811165e+09;5.012582297925726891e+09;5.012559153233450890e+09;5.012535170041473389e+09;5.012510318862094879e+09;5.012484569231767654e+09;5.012457889682754517e+09;5.012430247714427948e+09;5.012401609763732910e+09;5.012371941175329208e+09;5.012341206171090126e+09;5.012309367819017410e+09;5.012276388001721382e+09;5.012242227384260178e+09;5.012206845381570816e+09;5.012170200125362396e+09;5.012132248430436134e+09;5.012092945760699272e+09;5.012052246194514275e+09;5.012010102389813423e+09;5.011966465548647881e+09;5.011921285381338120e+09;5.011874510070315361e+09;5.011826086233561516e+09;5.011775958887681961e+09;5.011724071410655975e+09;5.011670365504403114e+09;5.011614781156938553e+09;5.011557256604370117e+09;5.011497728292684555e+09;5.011436130839337349e+09;5.011372396994713783e+09;5.011306457603385925e+09;5.011238241565420151e+09;5.011167675797549248e+09;5.011094685194246292e+09;5.011019192588974953e+09;5.010941118715382576e+09;5.010860382168547630e+09;5.010776899366374969e+09;5.010690584511181831e+09;5.010601349551353455e+09;5.010509104143311501e+09;5.010413755613697052e+09;5.010315208921793938e+09;5.010213366622336388e+09;5.010108128828599930e+09;5.009999393175908089e+09;5.009887054785573959e+09;5.009771006229207993e+09;5.009651137493535995e+09;5.009527335945786476e+09;5.009399486299488068e+09;5.009267470580889702e+09;5.009131168095980644e+09;5.008990455398075104e+09;5.008845206256053925e+09;5.008695291623264313e+09;5.008540579607070923e+09;5.008380935439157486e+09;5.008216221446507454e+09;5.008046297023126602e+09;5.007871018602513313e+09;5.007690239631009102e+09;5.007503810541772842e+09;5.007311578729761124e+09
5.004120680377963066e+09;5.004118406289551735e+09;5.004116047580116272e+09;5.004113601110760689e+09;5.004111063626932144e+09;5.004108431754144669e+09;5.004105701993710518e+09;5.004102870718160629e+09;5.004099934166593552e+09;5.004096888439865112e+09;5.004093729495571136e+09;5.004090453142836571e+09;5.004087055037023544e+09;5.004083530674136162e+09;5.004079875385094643e+09;5.004076084329793930e+09;5.004072152490994453e+09;5.004068074667944908e+09;5.004063845469765663e+09;5.004059459308753967e+09;5.004054910393274307e+09;5.004050192720523834e+09;5.004045300069006920e+09;5.004040225990799904e+09;5.004034963803484917e+09;5.004029506581860542e+09;5.004023847149396896e+09;5.004017978069369316e+09;5.004011891635650635e+09;5.004005579863366127e+09;5.003999034479045868e+09;5.003992246910567284e+09;5.003985208276798248e+09;5.003977909376771927e+09;5.003970340678657532e+09;5.003962492308316231e+09;5.003954354037477493e+09;5.003945915271615982e+09;5.003937165037342072e+09;5.003928091969465256e+09;5.003918684297700882e+09;5.003908929832846642e+09;5.003898815952691078e+09;5.003888329587350845e+09;5.003877457204273224e+09;5.003866184792740822e+09;5.003854497847984314e+09;5.003842381354705811e+09;5.003829819770253181e+09;5.003816797007322311e+09;5.003803296415978432e+09;5.003789300765485764e+09;5.003774792225330353e+09;5.003759752345913887e+09;5.003744162038659096e+09;5.003728001555657387e+09;5.003711250468598366e+09;5.003693887647418022e+09;5.003675891238181114e+09;5.003657238640503883e+09;5.003637906484420776e+09;5.003617870606690407e+09;5.003597106026475906e+09;5.003575586920514107e+09;5.003553286597746849e+09;5.003530177473223686e+09;5.003506231041657448e+09;5.003481417850217819e+09;5.003455707470782280e+09;5.003429068471744537e+09;5.003401468389114380e+09;5.003372873697063446e+09;5.003343249777997971e+09;5.003312560892015457e+09;5.003280770145788193e+09;5.003247839460974693e+09;5.003213729542100906e+09;5.003178399843771935e+09;5.003141808537603378e+09;5.003103912478470802e+09;5.003064667170444489e+09;5.003024026732027054e+09;5.002981943861175537e+09;5.002938369799743652e+09;5.002893254297583580e+09;5.002846545576174736e+09;5.002798190291990280e+09;5.002748133499421120e+09;5.002696318613370895e+09;5.002642687371640205e+09;5.002587179796905518e+09;5.002529734158545494e+09;5.002470286934223175e+09;5.002408772771211624e+09;5.002345124447657585e+09;5.002279272833590508e+09;5.002211146851910591e+09;5.002140673439291954e+09;5.002067777507026672e+09;5.001992381901822090e+09;5.001914407366689682e+09;5.001833772501846313e+09;5.001750393725696564e+09;5.001664185236003876e+09;5.001575058971086502e+09;5.001482924571340561e+09;5.001387689340864182e+09;5.001289258209475517e+09;5.001187533694832802e+09;5.001082415865032196e+09;5.000973802301470757e+09;5.000861588062141418e+09;5.000745665645212173e+09;5.000625924953272820e+09;5.000502253257797241e+09;5.000374535164279938e+09;5.000242652577813148e+09;5.000106484669215202e+09;4.999965907841787338e+09;4.999820795698560715e+09;4.999671019010300636e+09;4.999516445683987617e+09;4.999356940732148170e+09;4.999192366242682457e+09;4.999022581349577904e+09;4.998847442204165459e+09;4.998666801947263718e+09;4.998480510682048798e+09
4.995081388183411598e+09;4.995079198623670578e+09;4.995076927578452110e+09;4.995074572024447441e+09;4.995072128826846123e+09;4.995069594735330582e+09;4.995066966379810333e+09;4.995064240266119957e+09;4.995061412771493912e+09;4.995058480139890671e+09;4.995055438477204323e+09;4.995052283746208191e+09;4.995049011761462212e+09;4.995045618183879852e+09;4.995042098515243530e+09;4.995038448092453957e+09;4.995034662081552505e+09;4.995030735471727371e+09;4.995026663068799019e+09;4.995022439488749504e+09;4.995018059150931358e+09;4.995013516271017075e+09;4.995008804853757858e+09;4.995003918685472488e+09;4.994998851326283455e+09;4.994993596102110863e+09;4.994988146096405983e+09;4.994982494141496658e+09;4.994976632809857368e+09;4.994970554404870033e+09;4.994964250951432228e+09;4.994957714186229706e+09;4.994950935547536850e+09;4.994943906165006638e+09;4.994936616848796844e+09;4.994929058078545570e+09;4.994921219991923332e+09;4.994913092372863770e+09;4.994904664639381409e+09;4.994895925831051826e+09;4.994886864596019745e+09;4.994877469177703857e+09;4.994867727401089668e+09;4.994857626658501625e+09;4.994847153895023346e+09;4.994836295593519211e+09;4.994825037759114265e+09;4.994813365903288841e+09;4.994801265027490616e+09;4.994788719606279373e+09;4.994775713569916725e+09;4.994762230286631584e+09;4.994748252544201851e+09;4.994733762531152725e+09;4.994718741817374229e+09;4.994703171334294319e+09;4.994687031354363441e+09;4.994670301470226288e+09;4.994652960573173523e+09;4.994634986831075668e+09;4.994616357665824890e+09;4.994597049730196953e+09;4.994577038884069443e+09;4.994556300170223236e+09;4.994534807789361000e+09;4.994512535074813843e+09;4.994489454466414452e+09;4.994465537483967781e+09;4.994440754700058937e+09;4.994415075712362289e+09;4.994388469115263939e+09;4.994360902471006393e+09;4.994332342280209541e+09;4.994302753951882362e+09;4.994272101772821426e+09;4.994240348876454353e+09;4.994207457211186409e+09;4.994173387508166313e+09;4.994138099248566628e+09;4.994101550630324364e+09;4.994063698534331322e+09;4.994024498490261078e+09;4.993983904641748428e+09;4.993941869711297035e+09;4.993898344964575768e+09;4.993853280174439430e+09;4.993806623584395409e+09;4.993758321871861458e+09;4.993708320110823631e+09;4.993656561734455109e+09;4.993602988497108459e+09;4.993547540436310768e+09;4.993490155834240913e+09;4.993430771179125786e+09;4.993369321126379013e+09;4.993305738459540367e+09;4.993239954051093102e+09;4.993171896823155403e+09;4.993101493708046913e+09;4.993028669608819962e+09;4.992953347359745026e+09;4.992875447686852455e+09;4.992794889168410301e+09;4.992711588195542336e+09;4.992625458932951927e+09;4.992536413279685974e+09;4.992444360830149651e+09;4.992349208835318565e+09;4.992250862164112091e+09;4.992149223265047073e+09;4.992044192128215790e+09;4.991935666247584343e+09;4.991823540583541870e+09;4.991707707525976181e+09;4.991588056857640266e+09;4.991464475717993736e+09;4.991336848567530632e+09;4.991205057152570724e+09;4.991068980470551491e+09;4.990928494735860825e+09;4.990783473346302032e+09;4.990633786849998474e+09;4.990479302913065910e+09;4.990319886287814140e+09;4.990155398781612396e+09;4.989985699226446152e+09;4.989810643449161530e+09;4.989630084242425919e+09
4.986029006863873482e+09;4.986026898078634262e+09;4.986024710804837227e+09;4.986022442129659653e+09;4.986020089032844543e+09;4.986017648382738113e+09;4.986015116932265282e+09;4.986012491314726830e+09;4.986009768039441109e+09;4.986006943487277031e+09;4.986004013905928612e+09;4.986000975405151367e+09;4.985997823951717377e+09;4.985994555364340782e+09;4.985991165308196068e+09;4.985987649289510727e+09;4.985984002649745941e+09;4.985980220559713364e+09;4.985976298013433456e+09;4.985972229821795464e+09;4.985968010606019974e+09;4.985963634790836334e+09;4.985959096597497940e+09;4.985954390036506653e+09;4.985949508900119781e+09;4.985944446754605293e+09;4.985939196932200432e+09;4.985933752522878647e+09;4.985928106365730286e+09;4.985922251040169716e+09;4.985916178856780052e+09;4.985909881847829819e+09;4.985903351757597923e+09;4.985896580032269478e+09;4.985889557809577942e+09;4.985882275908001900e+09;4.985874724815749168e+09;4.985866894679365158e+09;4.985858775291874886e+09;4.985850356080613136e+09;4.985841626094793320e+09;4.985832573992436409e+09;4.985823188027162552e+09;4.985813456034348488e+09;4.985803365417044640e+09;4.985792903131337166e+09;4.985782055671361923e+09;4.985770809053812981e+09;4.985759148802046776e+09;4.985747059929594040e+09;4.985734526923454285e+09;4.985721533726612091e+09;4.985708063720263481e+09;4.985694099705471039e+09;4.985679623884287834e+09;4.985664617840430260e+09;4.985649062519385338e+09;4.985632938207959175e+09;4.985616224513384819e+09;4.985598900341746330e+09;4.985580943875978470e+09;4.985562332553241730e+09;4.985543043041747093e+09;4.985523051217033386e+09;4.985502332137642860e+09;4.985480860020226479e+09;4.985458608214148521e+09;4.985435549175370216e+09;4.985411654439844131e+09;4.985386894596374512e+09;4.985361239258776665e+09;4.985334657037563324e+09;4.985307115510957718e+09;4.985278581195467949e+09;4.985249019515672684e+09;4.985218394773750305e+09;4.985186670118157387e+09;4.985153807511911392e+09;4.985119767700319290e+09;4.985084510178124428e+09;4.985047993156192780e+09;4.985010173527606010e+09;4.984971006833362579e+09;4.984930447227505684e+09;4.984888447441833496e+09;4.984844958750115395e+09;4.984799930931995392e+09;4.984753312236255646e+09;4.984705049343921661e+09;4.984655087330860138e+09;4.984603369630038261e+09;4.984549837993547440e+09;4.984494432454161644e+09;4.984437091286746979e+09;4.984377750969413757e+09;4.984316346144378662e+09;4.984252809578657150e+09;4.984187072124590874e+09;4.984119062680260658e+09;4.984048708149762154e+09;4.983975933403367996e+09;4.983900661237717628e+09;4.983822812335951805e+09;4.983742305227803230e+09;4.983659056249855042e+09;4.983572979505762100e+09;4.983483986826636314e+09;4.983391987731570244e+09;4.983296889388268471e+09;4.983198596573991776e+09;4.983097011636669159e+09;4.982992034456180573e+09;4.982883562406167030e+09;4.982771490315865517e+09;4.982655710432618141e+09;4.982536112384411812e+09;4.982412583143108368e+09;4.982285006988006592e+09;4.982153265469727516e+09;4.982017237374862671e+09;4.981876798690848351e+09;4.981731822571580887e+09;4.981582179303365707e+09;4.981427736271765709e+09;4.981268357928673744e+09;4.981103905760259628e+09;4.980934238255481720e+09;4.980759210875267982e+09
4.976962132778337479e+09;4.976960101205636978e+09;4.976957994009713173e+09;4.976955808383437157e+09;4.976953541416075706e+09;4.976951190089524269e+09;4.976948751274365425e+09;4.976946221725852013e+09;4.976943598079668045e+09;4.976940876847581863e+09;4.976938054413028717e+09;4.976935127026333809e+09;4.976932090799986839e+09;4.976928941703580856e+09;4.976925675558718681e+09;4.976922288033613205e+09;4.976918774637541771e+09;4.976915130715205193e+09;4.976911351440711975e+09;4.976907431811506271e+09;4.976903366642009735e+09;4.976899150557050705e+09;4.976894777985104561e+09;4.976890243151297569e+09;4.976885540070124626e+09;4.976880662537936211e+09;4.976875604125229836e+09;4.976870358168624878e+09;4.976864917762551308e+09;4.976859275750756264e+09;4.976853424717370987e+09;4.976847356977880478e+09;4.976841064569584846e+09;4.976834539241953850e+09;4.976827772446476936e+09;4.976820755326326370e+09;4.976813478705597878e+09;4.976805933078275681e+09;4.976798108596769333e+09;4.976789995060154915e+09;4.976781581902000427e+09;4.976772858177831650e+09;4.976763812552209854e+09;4.976754433285350800e+09;4.976744708219470978e+09;4.976734624764515877e+09;4.976724169883701324e+09;4.976713330078357697e+09;4.976702091372549057e+09;4.976690439297111511e+09;4.976678358873225212e+09;4.976665834595616341e+09;4.976652850415139198e+09;4.976639389720933914e+09;4.976625435322148323e+09;4.976610969428999901e+09;4.976595973633425713e+09;4.976580428889188766e+09;4.976564315491467476e+09;4.976547613055846214e+09;4.976530300496835709e+09;4.976512356005743980e+09;4.976493757028097153e+09;4.976474480240439415e+09;4.976454501526535034e+09;4.976433795953095436e+09;4.976412337744760513e+09;4.976390100258716583e+09;4.976367055958583832e+09;4.976343176387718201e+09;4.976318432142004013e+09;4.976292792842023849e+09;4.976266227104677200e+09;4.976238702514101028e+09;4.976210185592244148e+09;4.976180641768568993e+09;4.976150035349462509e+09;4.976118329486903191e+09;4.976085486146620750e+09;4.976051466075760841e+09;4.976016228769965172e+09;4.975979732439860344e+09;4.975941933977174759e+09;4.975902788920224190e+09;4.975862251418949127e+09;4.975820274199537277e+09;4.975776808528428078e+09;4.975731804176096916e+09;4.975685209380193710e+09;4.975636970808458328e+09;4.975587033521084785e+09;4.975535340932916641e+09;4.975481834775076866e+09;4.975426455056526184e+09;4.975369140025125504e+09;4.975309826128545761e+09;4.975248447974880219e+09;4.975184938293110847e+09;4.975119227893316269e+09;4.975051245626803398e+09;4.974980918346004486e+09;4.974908170864367485e+09;4.974832925916220665e+09;4.974755104116404533e+09;4.974674623920116425e+09;4.974591401582672119e+09;4.974505351119317055e+09;4.974416384265131950e+09;4.974324410435099602e+09;4.974229336684280396e+09;4.974131067668142319e+09;4.974029505603115082e+09;4.973924550227488518e+09;4.973816098762303352e+09;4.973704045872924805e+09;4.973588283630495071e+09;4.973468701474164009e+09;4.973345186173386574e+09;4.973217621790758133e+09;4.973085889645253181e+09;4.972949868275923729e+09;4.972809433406041145e+09;4.972664457907820702e+09;4.972514811767524719e+09;4.972360362051300049e+09;4.972200972871397018e+09;4.972036505353104591e+09;4.971866817602270126e+09
4.967879400278466225e+09;4.967877442539080620e+09;4.967875411916935921e+09;4.967873305706011772e+09;4.967871121100410461e+09;4.967868855190660477e+09;4.967866504959941864e+09;4.967864067280157089e+09;4.967861538907938957e+09;4.967858916480405807e+09;4.967856196510762215e+09;4.967853375383968353e+09;4.967850449351888657e+09;4.967847414528625488e+09;4.967844266885437965e+09;4.967841002245590210e+09;4.967837616279084206e+09;4.967834104496994972e+09;4.967830462245884895e+09;4.967826684701741219e+09;4.967822766864014626e+09;4.967818703549100876e+09;4.967814489383934021e+09;4.967810118799123764e+09;4.967805586021991730e+09;4.967800885069256783e+09;4.967796009739579201e+09;4.967790953605827332e+09;4.967785710007045746e+09;4.967780272040143967e+09;4.967774632551374435e+09;4.967768784127522469e+09;4.967762719086691856e+09;4.967756429468893051e+09;4.967749907026368141e+09;4.967743143213431358e+09;4.967736129176103592e+09;4.967728855741443634e+09;4.967721313406374931e+09;4.967713492326353073e+09;4.967705382303498268e+09;4.967696972774495125e+09;4.967688252798007965e+09;4.967679211041750908e+09;4.967669835769164085e+09;4.967660114825663567e+09;4.967650035624456406e+09;4.967639585131978989e+09;4.967628749852803230e+09;4.967617515814275742e+09;4.967605868550400734e+09;4.967593793085595131e+09;4.967581273917729378e+09;4.967568295000731468e+09;4.967554839726853371e+09;4.967540890908143044e+09;4.967526430757718086e+09;4.967511440870247841e+09;4.967495902202156067e+09;4.967479795051067352e+09;4.967463099034862518e+09;4.967445793070137978e+09;4.967427855350082397e+09;4.967409263321815491e+09;4.967389993663223267e+09;4.967370022259076118e+09;4.967349324176678658e+09;4.967327873640976906e+09;4.967305644008934975e+09;4.967282607743471146e+09;4.967258736386749268e+09;4.967234000532842636e+09;4.967208369799888611e+09;4.967181812801592827e+09;4.967154297118242264e+09;4.967125789266936302e+09;4.967096254671498299e+09;4.967065657631623268e+09;4.967033961291522026e+09;4.967001127608002663e+09;4.966967117318018913e+09;4.966931889905595779e+09;4.966895403568325043e+09;4.966857615183250427e+09;4.966818480272283554e+09;4.966777952967137337e+09;4.966735985973682404e+09;4.966692530535997391e+09;4.966647536399792671e+09;4.966600951775479317e+09;4.966552723300928116e+09;4.966502796003587723e+09;4.966451113262491226e+09;4.966397616769710541e+09;4.966342246491625786e+09;4.966284940629784584e+09;4.966225635581547737e+09;4.966164265900487900e+09;4.966100764256500244e+09;4.966035061395746231e+09;4.965967086100467682e+09;4.965896765148605347e+09;4.965824023273288727e+09;4.965748783122318268e+09;4.965670965217512131e+09;4.965590487914053917e+09;4.965507267359892845e+09;4.965421217455075264e+09;4.965332249811287880e+09;4.965240273711303711e+09;4.965145196068736076e+09;4.965046921387855530e+09;4.964945351723590851e+09;4.964840386641752243e+09;4.964731923179527283e+09;4.964619855806187630e+09;4.964504076384149551e+09;4.964384474130284309e+09;4.964260935577717781e+09;4.964133344537822723e+09;4.964001582062728882e+09;4.963865526408260345e+09;4.963725052997273445e+09;4.963580034383489609e+09;4.963430340215802193e+09;4.963275837203177452e+09;4.963116389080013275e+09;4.962951856572061539e+09
4.958779490923891068e+09;4.958777603812335968e+09;4.958775646439974785e+09;4.958773616197612762e+09;4.958771510379677773e+09;4.958769326180692673e+09;4.958767060691564560e+09;4.958764710895953178e+09;4.958762273666200638e+09;4.958759745759394646e+09;4.958757123813087463e+09;4.958754404341030121e+09;4.958751583728603363e+09;4.958748658228202820e+09;4.958745623954421997e+09;4.958742476879014969e+09;4.958739212825815201e+09;4.958735827465285301e+09;4.958732316309081078e+09;4.958728674704258919e+09;4.958724897827406883e+09;4.958720980678460121e+09;4.958716918074392319e+09;4.958712704642704010e+09;4.958708334814544678e+09;4.958703802817759514e+09;4.958699102669629097e+09;4.958694228169367790e+09;4.958689172890373230e+09;4.958683930172192574e+09;4.958678493112287521e+09;4.958672854557394028e+09;4.958667007094761848e+09;4.958660943042973518e+09;4.958654654442486763e+09;4.958648133045932770e+09;4.958641370308012962e+09;4.958634357375100136e+09;4.958627085074538231e+09;4.958619543903522491e+09;4.958611724017684937e+09;4.958603615219299316e+09;4.958595206945115089e+09;4.958586488253798485e+09;4.958577447812981606e+09;4.958568073885922432e+09;4.958558354317769051e+09;4.958548276521330833e+09;4.958537827462519646e+09;4.958526993645326614e+09;4.958515761096200943e+09;4.958504115348259926e+09;4.958492041424761772e+09;4.958479523822232246e+09;4.958466546493092537e+09;4.958453092827769279e+09;4.958439145636316299e+09;4.958424687129537582e+09;4.958409698899499893e+09;4.958394161899689674e+09;4.958378056424479485e+09;4.958361362088074684e+09;4.958344057802986145e+09;4.958326121757916451e+09;4.958307531394987106e+09;4.958288263386526108e+09;4.958268293611223221e+09;4.958247597129725456e+09;4.958226148159587860e+09;4.958203920049742699e+09;4.958180885254302979e+09;4.958157015305758476e+09;4.958132280787711143e+09;4.958106651306810379e+09;4.958080095464300156e+09;4.958052580826878548e+09;4.958024073896924973e+09;4.957994540082277298e+09;4.957963943665255547e+09;4.957932247771316528e+09;4.957899414336928368e+09;4.957865404077055931e+09;4.957830176452007294e+09;4.957793689633724213e+09;4.957755900471605301e+09;4.957716764457768440e+09;4.957676235691802979e+09;4.957634266845050812e+09;4.957590809124385834e+09;4.957545812235584259e+09;4.957499224346152306e+09;4.957450992047851562e+09;4.957401060318723679e+09;4.957349372484736443e+09;4.957295870181188583e+09;4.957240493313608170e+09;4.957183180018405914e+09;4.957123866623284340e+09;4.957062487607312202e+09;4.956998975560766220e+09;4.956933261144822121e+09;4.956865273050928116e+09;4.956794937960209846e+09;4.956722180502553940e+09;4.956646923215704918e+09;4.956569086504271507e+09;4.956488588598667145e+09;4.956405345513989449e+09;4.956319271009068489e+09;4.956230276545420647e+09;4.956138271246270180e+09;4.956043161855792999e+09;4.955944852698404312e+09;4.955843245638219833e+09;4.955738240038683891e+09;4.955629732722511292e+09;4.955517617931751251e+09;4.955401787288212776e+09;4.955282129754158974e+09;4.955158531593323708e+09;4.955030876332248688e+09;4.954899044722101212e+09;4.954762914700731277e+09;4.954622361355345726e+09;4.954477256885441780e+09;4.954327470566343307e+09;4.954172868713138580e+09;4.954013314645278931e+09
4.949661142664606094e+09;4.949659323140507698e+09;4.949657435865200043e+09;4.949655478322142601e+09;4.949653447901834488e+09;4.949651341898345947e+09;4.949649157505839348e+09;4.949646891814854622e+09;4.949644541808659554e+09;4.949642104359163284e+09;4.949639576223054886e+09;4.949636954037384987e+09;4.949634234315431595e+09;4.949631413442062378e+09;4.949628487669123650e+09;4.949625453110652924e+09;4.949622305737792015e+09;4.949619041373733521e+09;4.949615655688281059e+09;4.949612144192352295e+09;4.949608502232288361e+09;4.949604724983841896e+09;4.949600807446142197e+09;4.949596744435273170e+09;4.949592530577766418e+09;4.949588160303792953e+09;4.949583627840153694e+09;4.949578927203002930e+09;4.949574052190382004e+09;4.949568996374428749e+09;4.949563753093363762e+09;4.949558315443237305e+09;4.949552676269311905e+09;4.949546828157238960e+09;4.949540763423937798e+09;4.949534474108072281e+09;4.949527951960384369e+09;4.949521188433577538e+09;4.949514174671888351e+09;4.949506901500381470e+09;4.949499359413873672e+09;4.949491538565425873e+09;4.949483428754609108e+09;4.949475019415264130e+09;4.949466299603008270e+09;4.949457257982189178e+09;4.949447882812625885e+09;4.949438161935736656e+09;4.949428082760437965e+09;4.949417632248429298e+09;4.949406796899248123e+09;4.949395562734655380e+09;4.949383915282691956e+09;4.949371839561233521e+09;4.949359320061137199e+09;4.949346340728694916e+09;4.949332884947882652e+09;4.949318935521842957e+09;4.949304474654000282e+09;4.949289483928640366e+09;4.949273944290883064e+09;4.949257836026200294e+09;4.949241138739342690e+09;4.949223831332755089e+09;4.949205891984351158e+09;4.949187298124817848e+09;4.949168026414294243e+09;4.949148052718457222e+09;4.949127352084111214e+09;4.949105898714036942e+09;4.949083665941477776e+09;4.949060626203760147e+09;4.949036751015554428e+09;4.949012010941429138e+09;4.948986375567812920e+09;4.948959813474378586e+09;4.948932292204841614e+09;4.948903778237126350e+09;4.948874236953015327e+09;4.948843632607111931e+09;4.948811928295320511e+09;4.948779085922701836e+09;4.948745066170780182e+09;4.948709828464226723e+09;4.948673330937112808e+09;4.948635530398556709e+09;4.948596382297794342e+09;4.948555840688825607e+09;4.948513858194527626e+09;4.948470385970233917e+09;4.948425373666940689e+09;4.948378769393934250e+09;4.948330519681151390e+09;4.948280569440890312e+09;4.948228861929420471e+09;4.948175338707920074e+09;4.948119939603281975e+09;4.948062602668472290e+09;4.948003264142683983e+09;4.947941858411054611e+09;4.947878317964297295e+09;4.947812573358028412e+09;4.947744553171844482e+09;4.947674183968344688e+09;4.947601390251857758e+09;4.947526094427216530e+09;4.947448216758312225e+09;4.947367675326647758e+09;4.947284385989831924e+09;4.947198262340093613e+09;4.947109215662838936e+09;4.947017154895197868e+09;4.946921986584697723e+09;4.946823614848083496e+09;4.946721941330196381e+09;4.946616865163126945e+09;4.946508282925428391e+09;4.946396088601686478e+09;4.946280173542275429e+09;4.946160426423388481e+09;4.946036733207357407e+09;4.945908977103394508e+09;4.945777038528555870e+09;4.945640795069161415e+09;4.945500121442612648e+09;4.945354889459609985e+09;4.945204967986819267e+09;4.945050222910087585e+09
4.940523158899028778e+09;4.940521404079062462e+09;4.940519583910805702e+09;4.940517695966540337e+09;4.940515737728746414e+09;4.940513706586894989e+09;4.940511599833995819e+09;4.940509414663086891e+09;4.940507148163604736e+09;4.940504797317541122e+09;4.940502358995589256e+09;4.940499829953089714e+09;4.940497206825780869e+09;4.940494486125465393e+09;4.940491664235545158e+09;4.940488737406328201e+09;4.940485701750205994e+09;4.940482553236655235e+09;4.940479287687070847e+09;4.940475900769452095e+09;4.940472387992782593e+09;4.940468744701381683e+09;4.940464966068936348e+09;4.940461047092356682e+09;4.940456982585451126e+09;4.940452767172362328e+09;4.940448395280755043e+09;4.940443861134818077e+09;4.940439158747969627e+09;4.940434281915381432e+09;4.940429224206225395e+09;4.940423978955569267e+09;4.940418539256176949e+09;4.940412897949917793e+09;4.940407047618816376e+09;4.940400980576036453e+09;4.940394688856293678e+09;4.940388164206235886e+09;4.940381398074183464e+09;4.940374381599850655e+09;4.940367105603575706e+09;4.940359560575132370e+09;4.940351736662372589e+09;4.940343623659368515e+09;4.940335210994189262e+09;4.940326487716385841e+09;4.940317442483967781e+09;4.940308063550047874e+09;4.940298338749032021e+09;4.940288255482463837e+09;4.940277800704307556e+09;4.940266960905925751e+09;4.940255722100514412e+09;4.940244069807085991e+09;4.940231989034070969e+09;4.940219464262279510e+09;4.940206479427577972e+09;4.940193017902821541e+09;4.940179062479524612e+09;4.940164595348860741e+09;4.940149598082175255e+09;4.940134051610989571e+09;4.940117936206397057e+09;4.940101231458070755e+09;4.940083916252487183e+09;4.940065968750750542e+09;4.940047366365827560e+09;4.940028085739147186e+09;4.940008102716672897e+09;4.939987392324378014e+09;4.939965928743125916e+09;4.939943685282908440e+09;4.939920634356636047e+09;4.939896747453140259e+09;4.939871995109701157e+09;4.939846346883978844e+09;4.939819771325233459e+09;4.939792235945029259e+09;4.939763707187434196e+09;4.939734150398386955e+09;4.939703529794641495e+09;4.939671808432142258e+09;4.939638948173737526e+09;4.939604909656321526e+09;4.939569652257450104e+09;4.939533134061441422e+09;4.939495311824794769e+09;4.939456140941186905e+09;4.939415575405969620e+09;4.939373567779953957e+09;4.939330069153043747e+09;4.939285029107037544e+09;4.939238395678169250e+09;4.939190115319210052e+09;4.939140132860993385e+09;4.939088391473741531e+09;4.939034832627799034e+09;4.938979396054159164e+09;4.938922019704616547e+09;4.938862639711468697e+09;4.938801190347172737e+09;4.938737603983484268e+09;4.938671811050531387e+09;4.938603739995606422e+09;4.938533317241707802e+09;4.938460467146068573e+09;4.938385111958386421e+09;4.938307171779098511e+09;4.938226564517449379e+09;4.938143205849567413e+09;4.938057009176636696e+09;4.937967885582757950e+09;4.937875743793262482e+09;4.937780490132719040e+09;4.937682028483281136e+09;4.937580260243055344e+09;4.937475084284624100e+09;4.937366396913764954e+09;4.937254091828334808e+09;4.937138060077429771e+09;4.937018190020847321e+09;4.936894367288666725e+09;4.936766474741250992e+09;4.936634392429666519e+09;4.936497997556248665e+09;4.936357164435702324e+09;4.936211764456584930e+09;4.936061666043190002e+09
4.931364417318645477e+09;4.931362724468561172e+09;4.931360968572022438e+09;4.931359147286358833e+09;4.931357258182211876e+09;4.931355298740480423e+09;4.931353266348896980e+09;4.931351158298713684e+09;4.931348971781128883e+09;4.931346703883629799e+09;4.931344351586249352e+09;4.931341911757618904e+09;4.931339381150858879e+09;4.931336756399495125e+09;4.931334034013013840e+09;4.931331210372366905e+09;4.931328281725317001e+09;4.931325244181620598e+09;4.931322093708035469e+09;4.931318826123097420e+09;4.931315437091786385e+09;4.931311922120038033e+09;4.931308276548933029e+09;4.931304495548782349e+09;4.931300574112992287e+09;4.931296507051739693e+09;4.931292288985361099e+09;4.931287914337539673e+09;4.931283377328351021e+09;4.931278671966914177e+09;4.931273792043900490e+09;4.931268731123791695e+09;4.931263482536780357e+09;4.931258039370553970e+09;4.931252394461618423e+09;4.931246540386516571e+09;4.931240469452547073e+09;4.931234173688462257e+09;4.931227644834541321e+09;4.931220874332550049e+09;4.931213853315328598e+09;4.931206572596020699e+09;4.931199022656886101e+09;4.931191193637927055e+09;4.931183075325049400e+09;4.931174657137731552e+09;4.931165928116573334e+09;4.931156876910217285e+09;4.931147491761964798e+09;4.931137760496009827e+09;4.931127670503126144e+09;4.931117208726114273e+09;4.931106361644529343e+09;4.931095115259305954e+09;4.931083455076607704e+09;4.931071366091335297e+09;4.931058832770205498e+09;4.931045839034270287e+09;4.931032368240891457e+09;4.931018403165344238e+09;4.931003925981751442e+09;4.930988918243600845e+09;4.930973360863679886e+09;4.930957234093459129e+09;4.930940517501977921e+09;4.930923189954100609e+09;4.930905229588253975e+09;4.930886613793559074e+09;4.930867319186462402e+09;4.930847321586674690e+09;4.930826595992603302e+09;4.930805116556142807e+09;4.930782856556895256e+09;4.930759788375813484e+09;4.930735883468137741e+09;4.930711112335910797e+09;4.930685444499650002e+09;4.930658848469696045e+09;4.930631291716629028e+09;4.930602740641420364e+09;4.930573160544713974e+09;4.930542515595651627e+09;4.930510768800091743e+09;4.930477881968173981e+09;4.930443815681406021e+09;4.930408529259056091e+09;4.930371980724116325e+09;4.930334126768608093e+09;4.930294922718373299e+09;4.930254322497347832e+09;4.930212278591296196e+09;4.930168742011098862e+09;4.930123662255453110e+09;4.930076987273187637e+09;4.930028663425062180e+09;4.929978635445188522e+09;4.929926846401994705e+09;4.929873237658788681e+09;4.929817748834000587e+09;4.929760317760971069e+09;4.929700880447524071e+09;4.929639371035138130e+09;4.929575721757960320e+09;4.929509862901366234e+09;4.929441722760530472e+09;4.929371227598590851e+09;4.929298301604736328e+09;4.929222866852181435e+09;4.929144843255861282e+09;4.929064148530280113e+09;4.928980698146997452e+09;4.928894405292373657e+09;4.928805180825094223e+09;4.928712933233800888e+09;4.928617568594747543e+09;4.928518990529564857e+09;4.928417100163084984e+09;4.928311796081376076e+09;4.928202974289753914e+09;4.928090528171233177e+09;4.927974348444991112e+09;4.927854323125122070e+09;4.927730337479735374e+09;4.927602273990207672e+09;4.927470012310839653e+09;4.927333429228844643e+09;4.927192398624675751e+09;4.927046791432717323e+09
4.922183878450670242e+09;4.922182244977944374e+09;4.922180550664655685e+09;4.922178793249672890e+09;4.922176970388222694e+09;4.922175079648781776e+09;4.922173118509940147e+09;4.922171084357086182e+09;4.922168974479002953e+09;4.922166786064339638e+09;4.922164516197949409e+09;4.922162161857061386e+09;4.922159719907468796e+09;4.922157187099331856e+09;4.922154560063055038e+09;4.922151835304908752e+09;4.922149009202479362e+09;4.922146078000072479e+09;4.922143037803824425e+09;4.922139884576695442e+09;4.922136614133346558e+09;4.922133222134641647e+09;4.922129704082326889e+09;4.922126055313033104e+09;4.922122270992503166e+09;4.922118346109391212e+09;4.922114275468880653e+09;4.922110053686136246e+09;4.922105675179492950e+09;4.922101134163393021e+09;4.922096424641146660e+09;4.922091540397372246e+09;4.922086474990188599e+09;4.922081221743252754e+09;4.922075773737376213e+09;4.922070123801932335e+09;4.922064264505998611e+09;4.922058188149181366e+09;4.922051886752122879e+09;4.922045352046688080e+09;4.922038575465895653e+09;4.922031548133414268e+09;4.922024260852855682e+09;4.922016704096570969e+09;4.922008867994199753e+09;4.922000742320779800e+09;4.921992316484597206e+09;4.921983579514418602e+09;4.921974520046637535e+09;4.921965126311754227e+09;4.921955386120561600e+09;4.921945286849904060e+09;4.921934815427976608e+09;4.921923958319152832e+09;4.921912701508429527e+09;4.921901030485370636e+09;4.921888930227543831e+09;4.921876385183542252e+09;4.921863379255440712e+09;4.921849895780833244e+09;4.921835917514270782e+09;4.921821426608242989e+09;4.921806404593590736e+09;4.921790832359424591e+09;4.921774690132444382e+09;4.921757957455792427e+09;4.921740613167212486e+09;4.921722635376740456e+09;4.921704001443801880e+09;4.921684687953769684e+09;4.921664670693753242e+09;4.921643924628097534e+09;4.921622423872971535e+09;4.921600141670586586e+09;4.921577050362685204e+09;4.921553121363504410e+09;4.921528325132016182e+09;4.921502631143697739e+09;4.921476007861572266e+09;4.921448422706748009e+09;4.921419842028231621e+09;4.921390231072238922e+09;4.921359553950829506e+09;4.921327773609971046e+09;4.921294851797051430e+09;4.921260749027723312e+09;4.921225424552204132e+09;4.921188836321048737e+09;4.921150940950307846e+09;4.921111693686038971e+09;4.921071048368656158e+09;4.921028957396169662e+09;4.920985371687411308e+09;4.920940240644538879e+09;4.920893512115093231e+09;4.920845132353572845e+09;4.920795045982627869e+09;4.920743195953742027e+09;4.920689523507539749e+09;4.920633968133759499e+09;4.920576467530796051e+09;4.920516957564873695e+09;4.920455372229063988e+09;4.920391643601754189e+09;4.920325701805132866e+09;4.920257474963184357e+09;4.920186889159583092e+09;4.920113868395464897e+09;4.920038334546859741e+09;4.919960207322162628e+09;4.919879404219366074e+09;4.919795840483298302e+09;4.919709429062745094e+09;4.919620080567649841e+09;4.919527703226145744e+09;4.919432202841780663e+09;4.919333482750797272e+09;4.919231443779307365e+09;4.919125984200830460e+09;4.919016999693833351e+09;4.918904383299413681e+09;4.918788025379327774e+09;4.918667813574051857e+09;4.918543632761197090e+09;4.918415365014215469e+09;4.918282889561321259e+09;4.918146082744796753e+09;4.918004817980615616e+09
4.912980593815038681e+09;4.912979017261632919e+09;4.912977381982584953e+09;4.912975685794992447e+09;4.912973926435141563e+09;4.912972101555589676e+09;4.912970208722039223e+09;4.912968245410174370e+09;4.912966209002398491e+09;4.912964096784378052e+09;4.912961905941501617e+09;4.912959633555265427e+09;4.912957276599449158e+09;4.912954831936150551e+09;4.912952296311803818e+09;4.912949666352855682e+09;4.912946938561522484e+09;4.912944109311183929e+09;4.912941174841711044e+09;4.912938131254673958e+09;4.912934974508304596e+09;4.912931700412293434e+09;4.912928304622432709e+09;4.912924782635050774e+09;4.912921129781283379e+09;4.912917341221093178e+09;4.912913411937135696e+09;4.912909336728356361e+09;4.912905110203442574e+09;4.912900726773994446e+09;4.912896180647428513e+09;4.912891465819750786e+09;4.912886576067979813e+09;4.912881504942372322e+09;4.912876245758350372e+09;4.912870791588163376e+09;4.912865135252304077e+09;4.912859269310572624e+09;4.912853186052975655e+09;4.912846877490064621e+09;4.912840335343300819e+09;4.912833551034810066e+09;4.912826515676951408e+09;4.912819220061531067e+09;4.912811654648609161e+09;4.912803809555041313e+09;4.912795674542543411e+09;4.912787239005476952e+09;4.912778491958184242e+09;4.912769422021945000e+09;4.912760017411558151e+09;4.912750265921429634e+09;4.912740154911307335e+09;4.912729671291588783e+09;4.912718801508074760e+09;4.912707531526393890e+09;4.912695846815891266e+09;4.912683732333078384e+09;4.912671172504543304e+09;4.912658151209439278e+09;4.912644651761377335e+09;4.912630656889944077e+09;4.912616148721514702e+09;4.912601108759705544e+09;4.912585517865188599e+09;4.912569356234973907e+09;4.912552603381134987e+09;4.912535238109016418e+09;4.912517238494840622e+09;4.912498581862638474e+09;4.912479244760791779e+09;4.912459202937806129e+09;4.912438431317645073e+09;4.912416903974245071e+09;4.912394594105698586e+09;4.912371474007587433e+09;4.912347515045895576e+09;4.912322687629114151e+09;4.912296961179941177e+09;4.912270304106175423e+09;4.912242683771148682e+09;4.912214066463434219e+09;4.912184417365966797e+09;4.912153700524641037e+09;4.912121878816166878e+09;4.912088913915416718e+09;4.912054766262176514e+09;4.912019395027263641e+09;4.911982758078060150e+09;4.911944811943554878e+09;4.911905511778803825e+09;4.911864811328708649e+09;4.911822662891490936e+09;4.911779017281412125e+09;4.911733823791152954e+09;4.911687030153663635e+09;4.911638582503446579e+09;4.911588425337539673e+09;4.911536501475899696e+09;4.911482752021499634e+09;4.911427116319941521e+09;4.911369531918736458e+09;4.911309934526207924e+09;4.911248257970119476e+09;4.911184434155904770e+09;4.911118393024686813e+09;4.911050062511041641e+09;4.910979368500461578e+09;4.910906234786728859e+09;4.910830583028983116e+09;4.910752332708796501e+09;4.910671401086915970e+09;4.910587703160133362e+09;4.910501151617935181e+09;4.910411656799158096e+09;4.910319126648704529e+09;4.910223466674115181e+09;4.910124579902337074e+09;4.910022366836529732e+09;4.909916725412882805e+09;4.909807550957642555e+09;4.909694736144308090e+09;4.909578170950922966e+09;4.909457742617656708e+09;4.909333335604537964e+09;4.909204831549511909e+09;4.909072109226766586e+09;4.908935044505286217e+09
4.903753713614752769e+09;4.903752191650217056e+09;4.903750612988708496e+09;4.903748975522369385e+09;4.903747277065312386e+09;4.903745515350716591e+09;4.903743688027893066e+09;4.903741792659200668e+09;4.903739826716888428e+09;4.903737787579678535e+09;4.903735672529523849e+09;4.903733478747910500e+09;4.903731203312302589e+09;4.903728843192232132e+09;4.903726395245489120e+09;4.903723856213929176e+09;4.903721222719326973e+09;4.903718491258979797e+09;4.903715658201182365e+09;4.903712719780564308e+09;4.903709672093186378e+09;4.903706511091572762e+09;4.903703232579516411e+09;4.903699832206639290e+09;4.903696305462895393e+09;4.903692647672777176e+09;4.903688853989336014e+09;4.903684919388051987e+09;4.903680838660429955e+09;4.903676606407384872e+09;4.903672217032473564e+09;4.903667664734725952e+09;4.903662943501461983e+09;4.903658047100625992e+09;4.903652969073077202e+09;4.903647702724438667e+09;4.903642241116791725e+09;4.903636577060021400e+09;4.903630703102945328e+09;4.903624611524076462e+09;4.903618294322081566e+09;4.903611743206021309e+09;4.903604949585123062e+09;4.903597904558314323e+09;4.903590598903422356e+09;4.903583023065996170e+09;4.903575167147739410e+09;4.903567020894645691e+09;4.903558573684648514e+09;4.903549814515033722e+09;4.903540731989334106e+09;4.903531314303791046e+09;4.903521549233556747e+09;4.903511424118294716e+09;4.903500925847475052e+09;4.903490040845135689e+09;4.903478755054172516e+09;4.903467053920305252e+09;4.903454922375365257e+09;4.903442344820254326e+09;4.903429305107327461e+09;4.903415786522294998e+09;4.903401771765601158e+09;4.903387242933277130e+09;4.903372181497302055e+09;4.903356568285296440e+09;4.903340383459849358e+09;4.903323606497110367e+09;4.903306216164941788e+09;4.903288190500431061e+09;4.903269506786805153e+09;4.903250141529857635e+09;4.903230070433640480e+09;4.903209268375677109e+09;4.903187709381475449e+09;4.903165366598508835e+09;4.903142212269575119e+09;4.903118217705451012e+09;4.903093353257040024e+09;4.903067588286833763e+09;4.903040891139797211e+09;4.903013229113564491e+09;4.902984568428102493e+09;4.902954874194684982e+09;4.902924110384263039e+09;4.902892239795299530e+09;4.902859224020860672e+09;4.902825023415250778e+09;4.902789597059896469e+09;4.902752902728835106e+09;4.902714896853442192e+09;4.902675534486711502e+09;4.902634769266934395e+09;4.902592553380787849e+09;4.902548837526041985e+09;4.902503570873546600e+09;4.902456701028885841e+09;4.902408173993484497e+09;4.902357934125205040e+09;4.902305924098572731e+09;4.902252084864538193e+09;4.902196355609786987e+09;4.902138673715797424e+09;4.902078974717354774e+09;4.902017192260834694e+09;4.901953258062186241e+09;4.901887101864521027e+09;4.901818651395572662e+09;4.901747832324742317e+09;4.901674568220096588e+09;4.901598780505084991e+09;4.901520388415080070e+09;4.901439308953840256e+09;4.901355456849848747e+09;4.901268744512513161e+09;4.901179081988422394e+09;4.901086376917462349e+09;4.900990534488999367e+09;4.900891457398118019e+09;4.900789045801803589e+09;4.900683197275387764e+09;4.900573806768917084e+09;4.900460766563755035e+09;4.900343966229395866e+09;4.900223292580379486e+09;4.900098629633427620e+09;4.899969858564901352e+09;4.899836857668442726e+09
4.894502493884170532e+09;4.894501024299070358e+09;4.894499499963865280e+09;4.894497918842753410e+09;4.894496278824516296e+09;4.894494577719800949e+09;4.894492813258154869e+09;4.894490983085157394e+09;4.894489084759263992e+09;4.894487115748648643e+09;4.894485073427886963e+09;4.894482955074542046e+09;4.894480757865580559e+09;4.894478478873754501e+09;4.894476115063756943e+09;4.894473663288269997e+09;4.894471120283892632e+09;4.894468482666961670e+09;4.894465746929072380e+09;4.894462909432639122e+09;4.894459966406151772e+09;4.894456913939349174e+09;4.894453747978122711e+09;4.894450464319427490e+09;4.894447058605731010e+09;4.894443526319618225e+09;4.894439862777862549e+09;4.894436063125557899e+09;4.894432122329861641e+09;4.894428035173651695e+09;4.894423796248908997e+09;4.894419399949833870e+09;4.894414840465848923e+09;4.894410111774145126e+09;4.894405207632264137e+09;4.894400121570169449e+09;4.894394846882205009e+09;4.894389376618700027e+09;4.894383703577368736e+09;4.894377820294328690e+09;4.894371719034867287e+09;4.894365391783983231e+09;4.894358830236432076e+09;4.894352025786636353e+09;4.894344969518078804e+09;4.894337652192561150e+09;4.894330064238922119e+09;4.894322195741516113e+09;4.894314036428253174e+09;4.894305575658298492e+09;4.894296802409373283e+09;4.894287705264629364e+09;4.894278272399160385e+09;4.894268491566078186e+09;4.894258350082087517e+09;4.894247834812774658e+09;4.894236932157315254e+09;4.894225628032713890e+09;4.894213907857733727e+09;4.894201756536110878e+09;4.894189158439519882e+09;4.894176097389880180e+09;4.894162556641147614e+09;4.894148518860744476e+09;4.894133966110258102e+09;4.894118879825769424e+09;4.894103240797533989e+09;4.894087029149164200e+09;4.894070224316198349e+09;4.894052805024159431e+09;4.894034749266022682e+09;4.894016034278991699e+09;4.893996636520869255e+09;4.893976531645706177e+09;4.893955694478837013e+09;4.893934098991362572e+09;4.893911718274005890e+09;4.893888524510365486e+09;4.893864488949435234e+09;4.893839581877705574e+09;4.893813772590433121e+09;4.893787029362413406e+09;4.893759319418095589e+09;4.893730608901032448e+09;4.893700862842753410e+09;4.893670045131022453e+09;4.893638118477386475e+09;4.893605044384258270e+09;4.893570783111293793e+09;4.893535293641098022e+09;4.893498533644551277e+09;4.893460459445332527e+09;4.893421025983994484e+09;4.893380186781449318e+09;4.893337893901808739e+09;4.893294097914884567e+09;4.893248747857936859e+09;4.893201791197084427e+09;4.893153173788124084e+09;4.893102839836893082e+09;4.893050731859237671e+09;4.892996790640405655e+09;4.892940955194186211e+09;4.892883162721517563e+09;4.892823348568794250e+09;4.892761446185742378e+09;4.892697387083115578e+09;4.892631100789915085e+09;4.892562514810446739e+09;4.892491554581043243e+09;4.892418143426641464e+09;4.892342202517057419e+09;4.892263650823244095e+09;4.892182405073155403e+09;4.892098379707728386e+09;4.892011486836694717e+09;4.891921636194224358e+09;4.891828735094683647e+09;4.891732688388259888e+09;4.891633398416739464e+09;4.891530764969134331e+09;4.891424685237589836e+09;4.891315053773265839e+09;4.891201762442336082e+09;4.891084700382250786e+09;4.890963753958029747e+09;4.890838806718900681e+09;4.890709739355026245e+09
4.885226303024967194e+09;4.885224883724517822e+09;4.885223411543267250e+09;4.885221884514614105e+09;4.885220300599086761e+09;4.885218657681668282e+09;4.885216953569048882e+09;4.885215185986689568e+09;4.885213352575908661e+09;4.885211450890769958e+09;4.885209478394825935e+09;4.885207432457939148e+09;4.885205310352712631e+09;4.885203109251002312e+09;4.885200826220232964e+09;4.885198458219549179e+09;4.885196002095922470e+09;4.885193454579998016e+09;4.885190812281922340e+09;4.885188071686861992e+09;4.885185229150585175e+09;4.885182280894653320e+09;4.885179223001583099e+09;4.885176051409852982e+09;4.885172761908605576e+09;4.885169350132326126e+09;4.885165811555172920e+09;4.885162141485273361e+09;4.885158335058673859e+09;4.885154387233158112e+09;4.885150292781907082e+09;4.885146046286745071e+09;4.885141642131400108e+09;4.885137074494326591e+09;4.885132337341423035e+09;4.885127424418427467e+09;4.885122329243062019e+09;4.885117045096956253e+09;4.885111565017204285e+09;4.885105881787764549e+09;4.885099987930500984e+09;4.885093875695851326e+09;4.885087537053365707e+09;4.885080963681766510e+09;4.885074146958800316e+09;4.885067077950631142e+09;4.885059747401017189e+09;4.885052145720065117e+09;4.885044262972629547e+09;4.885036088866369247e+09;4.885027612739372253e+09;4.885018823547411919e+09;4.885009709850867271e+09;4.885000259801113129e+09;4.884990461126564980e+09;4.884980301118277550e+09;4.884969766615123749e+09;4.884958843988464355e+09;4.884947519126391411e+09;4.884935777417563438e+09;4.884923603734423637e+09;4.884910982416006088e+09;4.884897897250269890e+09;4.884884331455869675e+09;4.884870267663399696e+09;4.884855687896160126e+09;4.884840573550341606e+09;4.884824905374628067e+09;4.884808663449391365e+09;4.884791827165092468e+09;4.884774375200322151e+09;4.884756285499116898e+09;4.884737535247752190e+09;4.884718100850956917e+09;4.884697957907436371e+09;4.884677081184895515e+09;4.884655444594370842e+09;4.884633021163968086e+09;4.884609783012011528e+09;4.884585701319497108e+09;4.884560746301989555e+09;4.884534887180809975e+09;4.884508092153689384e+09;4.884480328364694595e+09;4.884451561873611450e+09;4.884421757624567032e+09;4.884390879414221764e+09;4.884358889859090805e+09;4.884325750362502098e+09;4.884291421080730438e+09;4.884255860888628006e+09;4.884219027344622612e+09;4.884180876655157089e+09;4.884141363638472557e+09;4.884100441687885284e+09;4.884058062734494209e+09;4.884014177209312439e+09;4.883968734004878998e+09;4.883921680436328888e+09;4.883872962202006340e+09;4.883822523343546867e+09;4.883770306205533028e+09;4.883716251394641876e+09;4.883660297738430023e+09;4.883602382243643761e+09;4.883542440054212570e+09;4.883480404408823967e+09;4.883416206598177910e+09;4.883349775921903610e+09;4.883281039645263672e+09;4.883209922955471992e+09;4.883136348917870522e+09;4.883060238431834221e+09;4.882981510186518669e+09;4.882900080616441727e+09;4.882815863856911659e+09;4.882728771699413300e+09;4.882638713546791077e+09;4.882545596368540764e+09;4.882449324655968666e+09;4.882349800377359390e+09;4.882246922933260918e+09;4.882140589111725807e+09;4.882030693043712616e+09;4.881917126158564568e+09;4.881799777139643669e+09;4.881678531880184174e+09;4.881553273439176559e+09
4.875924627666492462e+09;4.875923256664487839e+09;4.875921834577415466e+09;4.875920359505182266e+09;4.875918829477226257e+09;4.875917242450049400e+09;4.875915596304381371e+09;4.875913888842517853e+09;4.875912117785382271e+09;4.875910280769583702e+09;4.875908375344238281e+09;4.875906398967846870e+09;4.875904349004967690e+09;4.875902222722728729e+09;4.875900017287297249e+09;4.875897729760167122e+09;4.875895357094361305e+09;4.875892896130484581e+09;4.875890343592575073e+09;4.875887696083887100e+09;4.875884950082491875e+09;4.875882101936725616e+09;4.875879147860493660e+09;4.875876083928328514e+09;4.875872906070417404e+09;4.875869610067321777e+09;4.875866191544558525e+09;4.875862645967060089e+09;4.875858968633289337e+09;4.875855154669305801e+09;4.875851199022506714e+09;4.875847096455248833e+09;4.875842841538207054e+09;4.875838428643429756e+09;4.875833851937297821e+09;4.875829105373167992e+09;4.875824182683692932e+09;4.875819077373065948e+09;4.875813782708831787e+09;4.875808291713457108e+09;4.875802597155718803e+09;4.875796691541665077e+09;4.875790567105326653e+09;4.875784215799216270e+09;4.875777629284317017e+09;4.875770798919946671e+09;4.875763715753149986e+09;4.875756370507783890e+09;4.875748753573274612e+09;4.875740854992974281e+09;4.875732664452166557e+09;4.875724171265728951e+09;4.875715364365282059e+09;4.875706232286065102e+09;4.875696763153324127e+09;4.875686944668330193e+09;4.875676764093866348e+09;4.875666208239436150e+09;4.875655263445818901e+09;4.875643915569351196e+09;4.875632149965606689e+09;4.875619951472579956e+09;4.875607304393566132e+09;4.875594192479237556e+09;4.875580598909499168e+09;4.875566506274630547e+09;4.875551896555920601e+09;4.875536751105895996e+09;4.875521050627773285e+09;4.875504775154571533e+09;4.875487904027467728e+09;4.875470415873749733e+09;4.875452288584039688e+09;4.875433499289013863e+09;4.875414024335458755e+09;4.875393839261769295e+09;4.875372918772835732e+09;4.875351236714284897e+09;4.875328766046051025e+09;4.875305478815501213e+09;4.875281346129681587e+09;4.875256338127118111e+09;4.875230423948888779e+09;4.875203571709115028e+09;4.875175748464722633e+09;4.875146920184712410e+09;4.875117051718667030e+09;4.875086106764629364e+09;4.875054047836449623e+09;4.875020836230365753e+09;4.874986431991114616e+09;4.874950793877280235e+09;4.874913879326120377e+09;4.874875644417810440e+09;4.874836043839012146e+09;4.874795030845855713e+09;4.874752557226517677e+09;4.874708573263018608e+09;4.874663027692644119e+09;4.874615867668767929e+09;4.874567038721121788e+09;4.874516484715658188e+09;4.874464147813898087e+09;4.874409968431783676e+09;4.874353885198122025e+09;4.874295834912658691e+09;4.874235752503633499e+09;4.874173570985101700e+09;4.874109221413772583e+09;4.874042632845638275e+09;4.873973732292223930e+09;4.873902444676542282e+09;4.873828692788912773e+09;4.873752397242469788e+09;4.873673476428382874e+09;4.873591846471149445e+09;4.873507421183500290e+09;4.873420112021348000e+09;4.873329828038487434e+09;4.873236475841506958e+09;4.873139959544338226e+09;4.873040180723016739e+09;4.872937038370431900e+09;4.872830428851067543e+09;4.872720245855838776e+09;4.872606380357094765e+09;4.872488720563692093e+09;4.872367151876245499e+09
4.866597077793122292e+09;4.866595753206073761e+09;4.866594379259909630e+09;4.866592954118478775e+09;4.866591475877509117e+09;4.866589942562186241e+09;4.866588352124518394e+09;4.866586702440628052e+09;4.866584991307999611e+09;4.866583216442608833e+09;4.866581375475832939e+09;4.866579465951460838e+09;4.866577485322443962e+09;4.866575430947511673e+09;4.866573300087810516e+09;4.866571089903274536e+09;4.866568797448943138e+09;4.866566419671139717e+09;4.866563953403467178e+09;4.866561395362758636e+09;4.866558742144752502e+09;4.866555990219737053e+09;4.866553135927948952e+09;4.866550175474900246e+09;4.866547104926387787e+09;4.866543920203583717e+09;4.866540617077606201e+09;4.866537191164263725e+09;4.866533637918307304e+09;4.866529952627699852e+09;4.866526130407577515e+09;4.866522166194003105e+09;4.866518054737556458e+09;4.866513790596649170e+09;4.866509368130656242e+09;4.866504781492751122e+09;4.866500024622565269e+09;4.866495091238567352e+09;4.866489974830136299e+09;4.866484668649460793e+09;4.866479165703083992e+09;4.866473458743161201e+09;4.866467540258546829e+09;4.866461402465415001e+09;4.866455037297677040e+09;4.866448436397012711e+09;4.866441591102686882e+09;4.866434492440892220e+09;4.866427131113817215e+09;4.866419497488395691e+09;4.866411581584571838e+09;4.866403373063346863e+09;4.866394861214297295e+09;4.866386034942784309e+09;4.866376882756752968e+09;4.866367392753039360e+09;4.866357552603446007e+09;4.866347349540053368e+09;4.866336770340451241e+09;4.866325801312304497e+09;4.866314428277400970e+09;4.866302636555450439e+09;4.866290410947191238e+09;4.866277735717092514e+09;4.866264594575491905e+09;4.866250970660296440e+09;4.866236846518136978e+09;4.866222204084890366e+09;4.866207024665790558e+09;4.866191288914916992e+09;4.866174976814097404e+09;4.866158067651309013e+09;4.866140539998407364e+09;4.866122371688387871e+09;4.866103539791882515e+09;4.866084020593244553e+09;4.866063789565854073e+09;4.866042821346950531e+09;4.866021089711662292e+09;4.865998567546627045e+09;4.865975226822836876e+09;4.865951038567845345e+09;4.865925972837397575e+09;4.865899998686387062e+09;4.865873084139175415e+09;4.865845196159240723e+09;4.865816300618281364e+09;4.865786362264448166e+09;4.865755344690315247e+09;4.865723210299710274e+09;4.865689920274449348e+09;4.865655434539976120e+09;4.865619711730703354e+09;4.865582709154541969e+09;4.865544382756937027e+09;4.865504687084189415e+09;4.865463575246356010e+09;4.865420998879361153e+09;4.865376908106745720e+09;4.865331251500709534e+09;4.865283976042700768e+09;4.865235027083421707e+09;4.865184348302436829e+09;4.865131881667150497e+09;4.865077567391391754e+09;4.865021343893591881e+09;4.864963147754432678e+09;4.864902913674195290e+09;4.864840574429587364e+09;4.864776060830356598e+09;4.864709301675492287e+09;4.864640223709094048e+09;4.864568751575992584e+09;4.864494807777102470e+09;4.864418312624547005e+09;4.864339184196502686e+09;4.864257338292018890e+09;4.864172688385475159e+09;4.864085145581117630e+09;4.863994618567333221e+09;4.863901013570951462e+09;4.863804234311471939e+09;4.863704181955284119e+09;4.863600755069877625e+09;4.863493849578117371e+09;4.863383358712597847e+09;4.863269172970081329e+09;4.863151180066024780e+09
4.857243391089599609e+09;4.857242111131087303e+09;4.857240783473256111e+09;4.857239406341398239e+09;4.857237977895048141e+09;4.857236496225465775e+09;4.857234959353189468e+09;4.857233365225413322e+09;4.857231711713255882e+09;4.857229996609025002e+09;4.857228217623282433e+09;4.857226372381845474e+09;4.857224458422711372e+09;4.857222473192778587e+09;4.857220414044541359e+09;4.857218278232683182e+09;4.857216062910387039e+09;4.857213765125722885e+09;4.857211381817742348e+09;4.857208909812557220e+09;4.857206345819160461e+09;4.857203686425199509e+09;4.857200928092524529e+09;4.857198067152700424e+09;4.857195099802089691e+09;4.857192022097145081e+09;4.857188829949210167e+09;4.857185519119298935e+09;4.857182085212672234e+09;4.857178523673157692e+09;4.857174829777343750e+09;4.857170998628601074e+09;4.857167025150745392e+09;4.857162904081647873e+09;4.857158629966526031e+09;4.857154197151062012e+09;4.857149599774187088e+09;4.857144831760786057e+09;4.857139886813951492e+09;4.857134758407155037e+09;4.857129439776019096e+09;4.857123923909889221e+09;4.857118203543098450e+09;4.857112271145943642e+09;4.857106118915327072e+09;4.857099738765165329e+09;4.857093122316343307e+09;4.857086260886543274e+09;4.857079145479517937e+09;4.857071766774151802e+09;4.857064115113147736e+09;4.857056180491318703e+09;4.857047952543501854e+09;4.857039420532071114e+09;4.857030573334214211e+09;4.857021399428494453e+09;4.857011886881268501e+09;4.857002023332602501e+09;4.856991795981685638e+09;4.856981191571845055e+09;4.856970196375099182e+09;4.856958796176280022e+09;4.856946976256600380e+09;4.856934721376791000e+09;4.856922015759709358e+09;4.856908843072458267e+09;4.856895186407986641e+09;4.856881028266113281e+09;4.856866350534109116e+09;4.856851134466598511e+09;4.856835360665054321e+09;4.856819009056551933e+09;4.856802058872146606e+09;4.856784488624488831e+09;4.856766276084936142e+09;4.856747398260027885e+09;4.856727831367418289e+09;4.856707550811112404e+09;4.856686531156108856e+09;4.856664746102456093e+09;4.856642168458587646e+09;4.856618770114110947e+09;4.856594522011885643e+09;4.856569394119579315e+09;4.856543355400317192e+09;4.856516373783029556e+09;4.856488416131802559e+09;4.856459448214900970e+09;4.856429434672859192e+09;4.856398338986103058e+09;4.856366123441904068e+09;4.856332749100566864e+09;4.856298175761178017e+09;4.856262361926532745e+09;4.856225264767602921e+09;4.856186840087203979e+09;4.856147042283288002e+09;4.856105824311357498e+09;4.856063137646590233e+09;4.856018932245092392e+09;4.855973156504879951e+09;4.855925757226067543e+09;4.855876679570689201e+09;4.855825867021908760e+09;4.855773261342775345e+09;4.855718802534523010e+09;4.855662428794333458e+09;4.855604076472731590e+09;4.855543680030573845e+09;4.855481171995538712e+09;4.855416482918381691e+09;4.855349541328716278e+09;4.855280273690592766e+09;4.855208604357680321e+09;4.855134455528214455e+09;4.855057747199741364e+09;4.854978397123538017e+09;4.854896320758991241e+09;4.854811431227648735e+09;4.854723639267251015e+09;4.854632853185647964e+09;4.854538978814529419e+09;4.854441919463287354e+09;4.854341575872638702e+09;4.854237846168456078e+09;4.854130625815512657e+09;4.854019807571290970e+09;4.853905281439971924e+09
4.847863436462349892e+09;4.847862199437693596e+09;4.847860916310660362e+09;4.847859585365783691e+09;4.847858204823913574e+09;4.847856772839953423e+09;4.847855287500405312e+09;4.847853746820822716e+09;4.847852148743244171e+09;4.847850491133456230e+09;4.847848771778211594e+09;4.847846988382312775e+09;4.847845138565602303e+09;4.847843219859868050e+09;4.847841229705581665e+09;4.847839165448573112e+09;4.847837024336576462e+09;4.847834803515567780e+09;4.847832500026178360e+09;4.847830110799700737e+09;4.847827632654191971e+09;4.847825062290323257e+09;4.847822396287053108e+09;4.847819631097272873e+09;4.847816763043148994e+09;4.847813788311417580e+09;4.847810702948461533e+09;4.847807502855176926e+09;4.847804183781724930e+09;4.847800741322129250e+09;4.847797170908538818e+09;4.847793467805442810e+09;4.847789627103577614e+09;4.847785643713726997e+09;4.847781512360175133e+09;4.847777227574071884e+09;4.847772783686445236e+09;4.847768174821070671e+09;4.847763394887056351e+09;4.847758437571109772e+09;4.847753296329699516e+09;4.847747964380796432e+09;4.847742434695416451e+09;4.847736699988858223e+09;4.847730752711626053e+09;4.847724585040081978e+09;4.847718188866806030e+09;4.847711555790547371e+09;4.847704677105957985e+09;4.847697543792870522e+09;4.847690146505353928e+09;4.847682475560309410e+09;4.847674520925721169e+09;4.847666272208608627e+09;4.847657718642424583e+09;4.847648849074251175e+09;4.847639651951431274e+09;4.847630115307904243e+09;4.847620226749961853e+09;4.847609973441756248e+09;4.847599342090198517e+09;4.847588318929432869e+09;4.847576889704976082e+09;4.847565039657115936e+09;4.847552753504063606e+09;4.847540015424508095e+09;4.847526809039598465e+09;4.847513117394536018e+09;4.847498922939486504e+09;4.847484207510083199e+09;4.847468952307283401e+09;4.847453137876739502e+09;4.847436744087514877e+09;4.847419750110279083e+09;4.847402134394929886e+09;4.847383874647539139e+09;4.847364947806772232e+09;4.847345330019664764e+09;4.847324996616765976e+09;4.847303922086695671e+09;4.847282080050003052e+09;4.847259443232476234e+09;4.847235983437706947e+09;4.847211671519116402e+09;4.847186477351249695e+09;4.847160369800433159e+09;4.847133316694796562e+09;4.847105284793655396e+09;4.847076239756144524e+09;4.847046146109355927e+09;4.847014967215633392e+09;4.846982665239365578e+09;4.846949201113045692e+09;4.846914534502737045e+09;4.846878623772860527e+09;4.846841425950340271e+09;4.846802896688211441e+09;4.846762990228497505e+09;4.846721659364545822e+09;4.846678855402748108e+09;4.846634528123716354e+09;4.846588625742817879e+09;4.846541094870200157e+09;4.846491880470285416e+09;4.846440925820705414e+09;4.846388172470752716e+09;4.846333560199337959e+09;4.846277026972480774e+09;4.846218508900327682e+09;4.846157940193838120e+09;4.846095253120893478e+09;4.846030377962188721e+09;4.845963242966719627e+09;4.845893774306870461e+09;4.845821896033262253e+09;4.845747530029330254e+09;4.845670595965631485e+09;4.845591011253854752e+09;4.845508691000757217e+09;4.845423547961801529e+09;4.845335492494776726e+09;4.845244432513175011e+09;4.845150273439605713e+09;4.845052918159021378e+09;4.844952266972034454e+09;4.844848217548176765e+09;4.844740664879162788e+09;4.844629501232240677e+09
4.838457216703729630e+09;4.838456021004741669e+09;4.838454780740761757e+09;4.838453494253258705e+09;4.838452159822220802e+09;4.838450775663808823e+09;4.838449339928023338e+09;4.838447850696278572e+09;4.838446305978885651e+09;4.838444703712431908e+09;4.838443041757007599e+09;4.838441317893516541e+09;4.838439529820628166e+09;4.838437675151890755e+09;4.838435751412481308e+09;4.838433756036082268e+09;4.838431686361425400e+09;4.838429539628905296e+09;4.838427312976899147e+09;4.838425003438102722e+09;4.838422607935604095e+09;4.838420123278954506e+09;4.838417546159966469e+09;4.838414873148437500e+09;4.838412100687721252e+09;4.838409225090112686e+09;4.838406242532079697e+09;4.838403149049343109e+09;4.838399940531750679e+09;4.838396612718019485e+09;4.838393161190224648e+09;4.838389581368164062e+09;4.838385868503490448e+09;4.838382017673617363e+09;4.838378023775493622e+09;4.838373881519062996e+09;4.838369585420543671e+09;4.838365129795496941e+09;4.838360508751638412e+09;4.838355716181374550e+09;4.838350745754109383e+09;4.838345590908320427e+09;4.838340244843310356e+09;4.838334700510680199e+09;4.838328950605608940e+09;4.838322987557695389e+09;4.838316803521585464e+09;4.838310390367283821e+09;4.838303739670152664e+09;4.838296842700496674e+09;4.838289690412898064e+09;4.838282273435171127e+09;4.838274582056969643e+09;4.838266606217974663e+09;4.838258335495759010e+09;4.838249759093269348e+09;4.838240865825825691e+09;4.838231644107816696e+09;4.838222081938886642e+09;4.838212166889769554e+09;4.838201886087616920e+09;4.838191226200903893e+09;4.838180173423884392e+09;4.838168713460528374e+09;4.838156831508032799e+09;4.838144512239798546e+09;4.838131739787937164e+09;4.838118497725176811e+09;4.838104769046408653e+09;4.838090536149507523e+09;4.838075780815732002e+09;4.838060484189549446e+09;4.838044626757856369e+09;4.838028188328632355e+09;4.838011148009078979e+09;4.837993484183045387e+09;4.837975174488005638e+09;4.837956195791217804e+09;4.837936524165529251e+09;4.837916134864336014e+09;4.837895002295978546e+09;4.837873099997589111e+09;4.837850400608179092e+09;4.837826875841073990e+09;4.837802496455851555e+09;4.837777232229432106e+09;4.837751051926606178e+09;4.837723923269930840e+09;4.837695812908870697e+09;4.837666686388366699e+09;4.837636508116661072e+09;4.837605241332530975e+09;4.837572848071833611e+09;4.837539289133381844e+09;4.837504524044145584e+09;4.837468511023961067e+09;4.837431206949314117e+09;4.837392567316781044e+09;4.837352546205688477e+09;4.837311096240148544e+09;4.837268168550609589e+09;4.837223712734663010e+09;4.837177676817385674e+09;4.837130007211079597e+09;4.837080648674427032e+09;4.837029544271203995e+09;4.836976635328348160e+09;4.836921861393671989e+09;4.836865160192966461e+09;4.836806467586744308e+09;4.836745717526498795e+09;4.836682842010604858e+09;4.836617771039686203e+09;4.836550432571821213e+09;4.836480752477274895e+09;4.836408654492886543e+09;4.836334060176337242e+09;4.836256888859928131e+09;4.836177057604322433e+09;4.836094481151954651e+09;4.836009071880303383e+09;4.835920739755031586e+09;4.835829392282945633e+09;4.835734934464955330e+09;4.835637268748851776e+09;4.835536294982140541e+09;4.835431910364852905e+09;4.835324009402316093e+09
4.829024870273808479e+09;4.829023714373926163e+09;4.829022515389789581e+09;4.829021271717828751e+09;4.829019981694915771e+09;4.829018643596266747e+09;4.829017255633067131e+09;4.829015815950204849e+09;4.829014322623759270e+09;4.829012773658494949e+09;4.829011166985251427e+09;4.829009500458189964e+09;4.829007771851996422e+09;4.829005978858966827e+09;4.829004119085953712e+09;4.829002190051244736e+09;4.829000189181349754e+09;4.828998113807569504e+09;4.828995961162564278e+09;4.828993728376722336e+09;4.828991412474387169e+09;4.828989010370066643e+09;4.828986518864331245e+09;4.828983934639708519e+09;4.828981254256337166e+09;4.828978474147590637e+09;4.828975590615343094e+09;4.828972599825309753e+09;4.828969497802006721e+09;4.828966280423667908e+09;4.828962943416957855e+09;4.828959482351445198e+09;4.828955892633926392e+09;4.828952169502576828e+09;4.828948308020833015e+09;4.828944303071105003e+09;4.828940149348224640e+09;4.828935841352809906e+09;4.828931373384145737e+09;4.828926739533074379e+09;4.828921933674480438e+09;4.828916949459601402e+09;4.828911780308024406e+09;4.828906419399455070e+09;4.828900859665141106e+09;4.828895093779129028e+09;4.828889114149049759e+09;4.828882912906793594e+09;4.828876481898708344e+09;4.828869812675568581e+09;4.828862896482167244e+09;4.828855724246589661e+09;4.828848286569141388e+09;4.828840573710874557e+09;4.828832575581808090e+09;4.828824281728666306e+09;4.828815681322369576e+09;4.828806763144987106e+09;4.828797515576323509e+09;4.828787926580156326e+09;4.828777983689927101e+09;4.828767673994035721e+09;4.828756984120726585e+09;4.828745900222423553e+09;4.828734407959637642e+09;4.828722492484454155e+09;4.828710138423345566e+09;4.828697329859674454e+09;4.828684050315559387e+09;4.828670282733216286e+09;4.828656009455823898e+09;4.828641212207815170e+09;4.828625872074556351e+09;4.828609969481524467e+09;4.828593484172897339e+09;4.828576395189499855e+09;4.828558680846234322e+09;4.828540318708882332e+09;4.828521285570185661e+09;4.828501557425521851e+09;4.828481109447727203e+09;4.828459915961437225e+09;4.828437950416732788e+09;4.828415185362075806e+09;4.828391592416757584e+09;4.828367142242457390e+09;4.828341804514409065e+09;4.828315547891631126e+09;4.828288339986683846e+09;4.828260147334683418e+09;4.828230935361671448e+09;4.828200668352255821e+09;4.828169309416650772e+09;4.828136820457061768e+09;4.828103162133282661e+09;4.828068293827814102e+09;4.828032173610196114e+09;4.827994758200702667e+09;4.827956002933493614e+09;4.827915861719027519e+09;4.827874287005869865e+09;4.827831229741936684e+09;4.827786639335131645e+09;4.827740463613342285e+09;4.827692648783887863e+09;4.827643139392442703e+09;4.827591878281401634e+09;4.827538806547667503e+09;4.827483863500020027e+09;4.827426986615900993e+09;4.827368111497881889e+09;4.827307171829487801e+09;4.827244099330740929e+09;4.827178823713335991e+09;4.827111272635252953e+09;4.827041371655217171e+09;4.826969044186770439e+09;4.826894211451968193e+09;4.826816792434935570e+09;4.826736703835098267e+09;4.826653860020185471e+09;4.826568172979111671e+09;4.826479552274638176e+09;4.826387904995980263e+09;4.826293135711221695e+09;4.826195146419729233e+09;4.826093836504472733e+09;4.825989102684419632e+09
4.819566672183188438e+09;4.819565554632667542e+09;4.819564395424905777e+09;4.819563193009232521e+09;4.819561945777423859e+09;4.819560652061578751e+09;4.819559310131912231e+09;4.819557918194454193e+09;4.819556474388717651e+09;4.819554976785212517e+09;4.819553423382946014e+09;4.819551812106733322e+09;4.819550140804528236e+09;4.819548407244569778e+09;4.819546609112442017e+09;4.819544744008044243e+09;4.819542809442481041e+09;4.819540802834764481e+09;4.819538721508419991e+09;4.819536562688064575e+09;4.819534323495705605e+09;4.819532000947053909e+09;4.819529591947563171e+09;4.819527093288473129e+09;4.819524501642616272e+09;4.819521813560092926e+09;4.819519025463783264e+09;4.819516133644776344e+09;4.819513134257485390e+09;4.819510023314774513e+09;4.819506796682770729e+09;4.819503450075540543e+09;4.819499979049604416e+09;4.819496378998227119e+09;4.819492645145491600e+09;4.819488772540256500e+09;4.819484756049760818e+09;4.819480590353151321e+09;4.819476269934664726e+09;4.819471789076667786e+09;4.819467141852396011e+09;4.819462322118492126e+09;4.819457323507203102e+09;4.819452139418463707e+09;4.819446763011507988e+09;4.819441187196387291e+09;4.819435404625120163e+09;4.819429407682481766e+09;4.819423188476572990e+09;4.819416738829119682e+09;4.819410050265280724e+09;4.819403114003266335e+09;4.819395920943565369e+09;4.819388461657774925e+09;4.819380726377219200e+09;4.819372704980967522e+09;4.819364386983656883e+09;4.819355761522844315e+09;4.819346817345969200e+09;4.819337542796870232e+09;4.819327925801935196e+09;4.819317953855820656e+09;4.819307614006560326e+09;4.819296892840554237e+09;4.819285776466711998e+09;4.819274250500358582e+09;4.819262300046594620e+09;4.819249909683128357e+09;4.819237063442635536e+09;4.819223744794550896e+09;4.819209936626387596e+09;4.819195621224490166e+09;4.819180780254179955e+09;4.819165394739436150e+09;4.819149445041924477e+09;4.819132910839550972e+09;4.819115771104233742e+09;4.819098004079256058e+09;4.819079587255971909e+09;4.819060497349800110e+09;4.819040710275692940e+09;4.819020201122948647e+09;4.818998944129345894e+09;4.818976912654681206e+09;4.818954079153577805e+09;4.818930415147767067e+09;4.818905891197584152e+09;4.818880476872803688e+09;4.818854140722908974e+09;4.818826850246543884e+09;4.818798571860452652e+09;4.818769270867574692e+09;4.818738911424603462e+09;4.818707456508745193e+09;4.818674867883926392e+09;4.818641106066288948e+09;4.818606130288924217e+09;4.818569898466094971e+09;4.818532367156697273e+09;4.818493491527156830e+09;4.818453225313546181e+09;4.818411520783276558e+09;4.818368328695970535e+09;4.818323598263835907e+09;4.818277277111431122e+09;4.818229311234827995e+09;4.818179644960199356e+09;4.818128220901911736e+09;4.818074979920008659e+09;4.818019861077247620e+09;4.817962801595582008e+09;4.817903736812231064e+09;4.817842600135233879e+09;4.817779322998641968e+09;4.817713834817210197e+09;4.817646062940802574e+09;4.817575932608433723e+09;4.817503366901849747e+09;4.817428286698977470e+09;4.817350610626999855e+09;4.817270255015180588e+09;4.817187133847501755e+09;4.817101158715119362e+09;4.817012238768543243e+09;4.816920280669887543e+09;4.816825188544815063e+09;4.816726863934505463e+09;4.816625205747591019e+09
4.810083033969051361e+09;4.810081953390457153e+09;4.810080832530535698e+09;4.810079669889658928e+09;4.810078463912548065e+09;4.810077212986179352e+09;4.810075915437668800e+09;4.810074569532036781e+09;4.810073173469974518e+09;4.810071725385407448e+09;4.810070223343089104e+09;4.810068665336003304e+09;4.810067049282773018e+09;4.810065373024894714e+09;4.810063634323904037e+09;4.810061830858458519e+09;4.810059960221220016e+09;4.810058019915837288e+09;4.810056007353528023e+09;4.810053919849813461e+09;4.810051754620905876e+09;4.810049508780179977e+09;4.810047179334310532e+09;4.810044763179434776e+09;4.810042257097102165e+09;4.810039657750080109e+09;4.810036961678029060e+09;4.810034165293001175e+09;4.810031264874840736e+09;4.810028256566323280e+09;4.810025136368162155e+09;4.810021900133960724e+09;4.810018543564723015e+09;4.810015062203436852e+09;4.810011451429312706e+09;4.810007706451875687e+09;4.810003822304828644e+09;4.809999793839730263e+09;4.809995615719405174e+09;4.809991282411175728e+09;4.809986788179834366e+09;4.809982127080396652e+09;4.809977292950547218e+09;4.809972279402938843e+09;4.809967079817047119e+09;4.809961687330977440e+09;4.809956094832797050e+09;4.809950294951670647e+09;4.809944280048691750e+09;4.809938042207392693e+09;4.809931573223917961e+09;4.809924864596939087e+09;4.809917907517101288e+09;4.809910692856328011e+09;4.809903211156540871e+09;4.809895452618207932e+09;4.809887407088409424e+09;4.809879064048537254e+09;4.809870412601620674e+09;4.809861441459245682e+09;4.809852138928030968e+09;4.809842492895695686e+09;4.809832490816703796e+09;4.809822119697431564e+09;4.809811366080914497e+09;4.809800216031060219e+09;4.809788655116444588e+09;4.809776668393615723e+09;4.809764240389842033e+09;4.809751355085376740e+09;4.809737995895238876e+09;4.809724145650371552e+09;4.809709786578344345e+09;4.809694900283435822e+09;4.809679467726214409e+09;4.809663469202426910e+09;4.809646884321488380e+09;4.809629691984166145e+09;4.809611870359812737e+09;4.809593396862948418e+09;4.809574248129136086e+09;4.809554399990380287e+09;4.809533827449735641e+09;4.809512504655390739e+09;4.809490404874003410e+09;4.809467500463459969e+09;4.809443762844878197e+09;4.809419162474081993e+09;4.809393668812202454e+09;4.809367250295816422e+09;4.809339874306257248e+09;4.809311507138294220e+09;4.809282113968154907e+09;4.809251658820758820e+09;4.809220104536482811e+09;4.809187412736958504e+09;4.809153543790458679e+09;4.809118456776474953e+09;4.809082109449580193e+09;4.809044458202775002e+09;4.809005458030075073e+09;4.808965062488438606e+09;4.808923223659155846e+09;4.808879892108482361e+09;4.808835016847775459e+09;4.808788545292886734e+09;4.808740423223167419e+09;4.808690594739643097e+09;4.808639002222908020e+09;4.808585586290208817e+09;4.808530285752217293e+09;4.808473037569154739e+09;4.808413776806565285e+09;4.808352436590486526e+09;4.808288948062297821e+09;4.808223240333086014e+09;4.808155240437662125e+09;4.808084873288187981e+09;4.808012061627455711e+09;4.807936725981898308e+09;4.807858784614290237e+09;4.807778153476154327e+09;4.807694746160010338e+09;4.807608473851411819e+09;4.807519245280709267e+09;4.807426966674899101e+09;4.807331541709115982e+09;4.807232871458203316e+09
4.800574502764498711e+09;4.800573457848386765e+09;4.800572373978271484e+09;4.800571249703818321e+09;4.800570083520792961e+09;4.800568873869169235e+09;4.800567619130922318e+09;4.800566317628041267e+09;4.800564967620234489e+09;4.800563567302637100e+09;4.800562114803454399e+09;4.800560608181444168e+09;4.800559045423442841e+09;4.800557424441651344e+09;4.800555743070903778e+09;4.800553999065839767e+09;4.800552190097923279e+09;4.800550313752449989e+09;4.800548367525279999e+09;4.800546348819677353e+09;4.800544254942827225e+09;4.800542083102339745e+09;4.800539830402636528e+09;4.800537493841116905e+09;4.800535070304293633e+09;4.800532556563720703e+09;4.800529949271795273e+09;4.800527244957406044e+09;4.800524440021459579e+09;4.800521530732199669e+09;4.800518513220359802e+09;4.800515383474210739e+09;4.800512137334351540e+09;4.800508770488401413e+09;4.800505278465341568e+09;4.800501656629949570e+09;4.800497900176694870e+09;4.800494004123688698e+09;4.800489963306295395e+09;4.800485772370548248e+09;4.800481425766321182e+09;4.800476917740312576e+09;4.800472242328740120e+09;4.800467393349806786e+09;4.800462364395856857e+09;4.800457148825436592e+09;4.800451739754768372e+09;4.800446130049286842e+09;4.800440312314661026e+09;4.800434278887578964e+09;4.800428021826210022e+09;4.800421532900420189e+09;4.800414803581545830e+09;4.800407825031892776e+09;4.800400588093923569e+09;4.800393083279002190e+09;4.800385300755855560e+09;4.800377230338608742e+09;4.800368861474425316e+09;4.800360183230797768e+09;4.800351184282416344e+09;4.800341852897557259e+09;4.800332176924160957e+09;4.800322143775355339e+09;4.800311740414593697e+09;4.800300953340329170e+09;4.800289768570157051e+09;4.800278171624584198e+09;4.800266147510201454e+09;4.800253680702378273e+09;4.800240755127504349e+09;4.800227354144587517e+09;4.800213460526435852e+09;4.800199056440215111e+09;4.800184123427446365e+09;4.800168642383483887e+09;4.800152593536375999e+09;4.800135956425141335e+09;4.800118709877462387e+09;4.800100831986738205e+09;4.800082300088548660e+09;4.800063090736495972e+09;4.800043179677362442e+09;4.800022541825707436e+09;4.800001151237714767e+09;4.799978981084501266e+09;4.799956003624618530e+09;4.799932190176016808e+09;4.799907511087268829e+09;4.799881935708123207e+09;4.799855432359363556e+09;4.799827968302020073e+09;4.799799509705871582e+09;4.799770021617230415e+09;4.799739467926081657e+09;4.799707811332543373e+09;4.799675013312553406e+09;4.799641034082994461e+09;4.799605832566024780e+09;4.799569366352856636e+09;4.799531591666674614e+09;4.799492463325135231e+09;4.799451934701972008e+09;4.799409957688178062e+09;4.799366482652320862e+09;4.799321458400445938e+09;4.799274832135224342e+09;4.799226549414553642e+09;4.799176554109607697e+09;4.799124788362253189e+09;4.799071192541953087e+09;4.799015705202156067e+09;4.798958263036122322e+09;4.798898800832342148e+09;4.798837251429378510e+09;4.798773545670381546e+09;4.798707612357053757e+09;4.798639378203343391e+09;4.798568767788661957e+09;4.798495703510854721e+09;4.798420105538755417e+09;4.798341891764533997e+09;4.798260977755702019e+09;4.798177276706963539e+09;4.798090699391851425e+09;4.798001154114113808e+09;4.797908546659063339e+09;4.797812780244763374e+09
4.791041759470587730e+09;4.791040748971370697e+09;4.791039700799280167e+09;4.791038613551533699e+09;4.791037485773226738e+09;4.791036315955400467e+09;4.791035102533118248e+09;4.791033843883316994e+09;4.791032538322661400e+09;4.791031184105414391e+09;4.791029779421028137e+09;4.791028322391795158e+09;4.791026811070404053e+09;4.791025243437333107e+09;4.791023617398187637e+09;4.791021930780993462e+09;4.791020181333295822e+09;4.791018366719225883e+09;4.791016484516422272e+09;4.791014532212874413e+09;4.791012507203592300e+09;4.791010406787264824e+09;4.791008228162680626e+09;4.791005968425053596e+09;4.791003624562285423e+09;4.791001193450997353e+09;4.790998671852518082e+09;4.790996056408585548e+09;4.790993343637061119e+09;4.790990529927418709e+09;4.790987611535982132e+09;4.790984584581178665e+09;4.790981445038463593e+09;4.790978188735171318e+09;4.790974811345100403e+09;4.790971308382986069e+09;4.790967675198704720e+09;4.790963906971330643e+09;4.790959998703010559e+09;4.790955945212481499e+09;4.790951741128555298e+09;4.790947380883232117e+09;4.790942858704648972e+09;4.790938168609771729e+09;4.790933304396792412e+09;4.790928259637336731e+09;4.790923027668351173e+09;4.790917601583761215e+09;4.790911974225760460e+09;4.790906138175908089e+09;4.790900085745899200e+09;4.790893808967959404e+09;4.790887299584948540e+09;4.790880549040245056e+09;4.790873548467095375e+09;4.790866288677805901e+09;4.790858760152425766e+09;4.790850953027153969e+09;4.790842857082348824e+09;4.790834461730131149e+09;4.790825756001615524e+09;4.790816728533657074e+09;4.790807367555323601e+09;4.790797660873787880e+09;4.790787595859861374e+09;4.790777159433038712e+09;4.790766338046134949e+09;4.790755117669380188e+09;4.790743483774019241e+09;4.790731421315528870e+09;4.790718914716205597e+09;4.790705947847251892e+09;4.790692504010426521e+09;4.790678565919023514e+09;4.790664115678426743e+09;4.790649134765939713e+09;4.790633604010258675e+09;4.790617503570158958e+09;4.790600812912708282e+09;4.790583510790840149e+09;4.790565575220295906e+09;4.790546983456009865e+09;4.790527711967748642e+09;4.790507736415266037e+09;4.790487031622641563e+09;4.790465571552124023e+09;4.790443329277145386e+09;4.790420276954882622e+09;4.790396385797877312e+09;4.790371626045229912e+09;4.790345966932935715e+09;4.790319376663614273e+09;4.790291822375514984e+09;4.790263270110856056e+09;4.790233684783427238e+09;4.790203030145568848e+09;4.790171268754344940e+09;4.790138361937136650e+09;4.790104269756463051e+09;4.790068950974176407e+09;4.790032363014923096e+09;4.789994461928933144e+09;4.789955202354176521e+09;4.789914537477817535e+09;4.789872418997037888e+09;4.789828797079183578e+09;4.789783620321355820e+09;4.789736835709261894e+09;4.789688388575571060e+09;4.789638222557634354e+09;4.789586279554627419e+09;4.789532499684092522e+09;4.789476821238121986e+09;4.789419180638727188e+09;4.789359512392998695e+09;4.789297749047601700e+09;4.789233821142910957e+09;4.789167657166698456e+09;4.789099183507363319e+09;4.789028324406884193e+09;4.788955001913318634e+09;4.788879135833096504e+09;4.788800643682859421e+09;4.788719440641199112e+09;4.788635439500020027e+09;4.788548550615832329e+09;4.788458681860723495e+09;4.788365738573345184e+09
4.781485616047731400e+09;4.781484638779760361e+09;4.781483625076057434e+09;4.781482573579765320e+09;4.781481482883591652e+09;4.781480351528003693e+09;4.781479177999226570e+09;4.781477960727303505e+09;4.781476698083983421e+09;4.781475388380580902e+09;4.781474029865737915e+09;4.781472620723116875e+09;4.781471159069009781e+09;4.781469642949862480e+09;4.781468070339677811e+09;4.781466439137350082e+09;4.781464747163926125e+09;4.781462992159738541e+09;4.781461171781399727e+09;4.781459283598775864e+09;4.781457325091773033e+09;4.781455293647051811e+09;4.781453186554573059e+09;4.781451001004092216e+09;4.781448734081505775e+09;4.781446382764977455e+09;4.781443943921052933e+09;4.781441414300599098e+09;4.781438790534501076e+09;4.781436069129368782e+09;4.781433246462956429e+09;4.781430318779507637e+09;4.781427282184834480e+09;4.781424132641343117e+09;4.781420865962805748e+09;4.781417477808975220e+09;4.781413963679962158e+09;4.781410318910525322e+09;4.781406538664006233e+09;4.781402617926226616e+09;4.781398551499011040e+09;4.781394333993578911e+09;4.781389959823699951e+09;4.781385423198582649e+09;4.781380718115529060e+09;4.781375838352364540e+09;4.781370777459517479e+09;4.781365528752002716e+09;4.781360085300894737e+09;4.781354439924739838e+09;4.781348585180528641e+09;4.781342513354438782e+09;4.781336216452200890e+09;4.781329686189225197e+09;4.781322913980316162e+09;4.781315890929132462e+09;4.781308607817181587e+09;4.781301055092622757e+09;4.781293222858496666e+09;4.781285100860737801e+09;4.781276678475754738e+09;4.781267944697523117e+09;4.781258888124412537e+09;4.781249496945480347e+09;4.781239758926367760e+09;4.781229661394759178e+09;4.781219191225370407e+09;4.781208334824538231e+09;4.781197078114144325e+09;4.781185406515343666e+09;4.781173304931497574e+09;4.781160757730823517e+09;4.781147748728371620e+09;4.781134261167547226e+09;4.781120277701064110e+09;4.781105780371364594e+09;4.781090750590399742e+09;4.781075169118988037e+09;4.781059016045381546e+09;4.781042270763410568e+09;4.781024911949932098e+09;4.781006917541669846e+09;4.780988264711445808e+09;4.780968929843790054e+09;4.780948888509867668e+09;4.780928115441755295e+09;4.780906584506101608e+09;4.780884268677082062e+09;4.780861140008708954e+09;4.780837169606393814e+09;4.780812327597929955e+09;4.780786583103696823e+09;4.780759904206205368e+09;4.780732257918932915e+09;4.780703610154507637e+09;4.780673925692111015e+09;4.780643168144226074e+09;4.780611299922673225e+09;4.780578282203954697e+09;4.780544074893935204e+09;4.780508636591706276e+09;4.780471924552878380e+09;4.780433894652167320e+09;4.780394501345282555e+09;4.780353697630129814e+09;4.780311435007328987e+09;4.780267663440255165e+09;4.780222331314130783e+09;4.780175385394827843e+09;4.780126770786778450e+09;4.780076430890454292e+09;4.780024307359206200e+09;4.779970340055570602e+09;4.779914467006952286e+09;4.779856624360877991e+09;4.779796746339681625e+09;4.779734765194765091e+09;4.779670611160324097e+09;4.779604212406667709e+09;4.779535494993171692e+09;4.779464382820845604e+09;4.779390797584426880e+09;4.779314658724291801e+09;4.779235883378005981e+09;4.779154386331601143e+09;4.779070079970619202e+09;4.778982874230948448e+09;4.778892676549473763e+09
4.771907011951235771e+09;4.771906066785096169e+09;4.771905086378438950e+09;4.771904069418795586e+09;4.771903014544894218e+09;4.771901920344915390e+09;4.771900785354611397e+09;4.771899608055294037e+09;4.771898386871937752e+09;4.771897120171006203e+09;4.771895806258358002e+09;4.771894443376955032e+09;4.771893029704569817e+09;4.771891563351395607e+09;4.771890042357532501e+09;4.771888464690409660e+09;4.771886828242096901e+09;4.771885130826584816e+09;4.771883370176836967e+09;4.771881543941844940e+09;4.771879649683593750e+09;4.771877684873768806e+09;4.771875646890506744e+09;4.771873533014966965e+09;4.771871340427734375e+09;4.771869066205175400e+09;4.771866707315601349e+09;4.771864260615331650e+09;4.771861722844579697e+09;4.771859090623243332e+09;4.771856360446488380e+09;4.771853528680186272e+09;4.771850591556256294e+09;4.771847545167741776e+09;4.771844385463804245e+09;4.771841108244424820e+09;4.771837709155078888e+09;4.771834183681067467e+09;4.771830527141749382e+09;4.771826734684521675e+09;4.771822801278616905e+09;4.771818721708680153e+09;4.771814490568088531e+09;4.771810102252095222e+09;4.771805550950672150e+09;4.771800830641175270e+09;4.771795935080737114e+09;4.771790857798302650e+09;4.771785592086553574e+09;4.771780130993420601e+09;4.771774467313426018e+09;4.771768593578632355e+09;4.771762502049281120e+09;4.771756184704269409e+09;4.771749633231073380e+09;4.771742839015552521e+09;4.771735793131289482e+09;4.771728486328600883e+09;4.771720909023214340e+09;4.771713051284559250e+09;4.771704902823620796e+09;4.771696452980558395e+09;4.771687690711712837e+09;4.771678604576348305e+09;4.771669182722968102e+09;4.771659412875054359e+09;4.771649282316573143e+09;4.771638777876791000e+09;4.771627885914862633e+09;4.771616592303713799e+09;4.771604882413635254e+09;4.771592741095166206e+09;4.771580152661678314e+09;4.771567100871262550e+09;4.771553568908173561e+09;4.771539539363696098e+09;4.771524994216477394e+09;4.771509914812216759e+09;4.771494281842905998e+09;4.771478075325338364e+09;4.771461274579121590e+09;4.771443858203996658e+09;4.771425804056624413e+09;4.771407089226665497e+09;4.771387690012260437e+09;4.771367581894836426e+09;4.771346739513270378e+09;4.771325136637426376e+09;4.771302746140919685e+09;4.771279539973319054e+09;4.771255489131561279e+09;4.771230563630763054e+09;4.771204732474263191e+09;4.771177963623009682e+09;4.771150223964237213e+09;4.771121479279423714e+09;4.771091694211550713e+09;4.771060832231640816e+09;4.771028855604593277e+09;4.770995725354379654e+09;4.770961401228370667e+09;4.770925841661146164e+09;4.770889003737471581e+09;4.770850843154665947e+09;4.770811314184242249e+09;4.770770369632860184e+09;4.770727960802659988e+09;4.770684037450914383e+09;4.770638547748975754e+09;4.770591438240695953e+09;4.770542653800140381e+09;4.770492137588715553e+09;4.770439831011760712e+09;4.770385673674481392e+09;4.770329603337391853e+09;4.770271555871202469e+09;4.770211465211194038e+09;4.770149263311154366e+09;4.770084880096725464e+09;4.770018243418449402e+09;4.769949279004342079e+09;4.769877910412014008e+09;4.769804058980559349e+09;4.769727643782028198e+09;4.769648581572576523e+09;4.769566786743432999e+09;4.769482171271548271e+09;4.769394644670013428e+09
4.762307009743500710e+09;4.762306095602455139e+09;4.762305147376134872e+09;4.762304163794979095e+09;4.762303143542229652e+09;4.762302085252195358e+09;4.762300987508453369e+09;4.762299848841975212e+09;4.762298667729119301e+09;4.762297442589724541e+09;4.762296171784929276e+09;4.762294853615050316e+09;4.762293486317323685e+09;4.762292068063560486e+09;4.762290596957784653e+09;4.762289071033676147e+09;4.762287488252017975e+09;4.762285846498004913e+09;4.762284143578437805e+09;4.762282377218865395e+09;4.762280545060590744e+09;4.762278644657582283e+09;4.762276673473230362e+09;4.762274628877091408e+09;4.762272508141377449e+09;4.762270308437396049e+09;4.762268026831916809e+09;4.762265660283274651e+09;4.762263205637425423e+09;4.762260659623876572e+09;4.762258018851335526e+09;4.762255279803414345e+09;4.762252438834007263e+09;4.762249492162564278e+09;4.762246435869216919e+09;4.762243265889689445e+09;4.762239978010087013e+09;4.762236567861419678e+09;4.762233030914024353e+09;4.762229362471683502e+09;4.762225557665678024e+09;4.762221611448481560e+09;4.762217518587365150e+09;4.762213273657659531e+09;4.762208871035894394e+09;4.762204304892639160e+09;4.762199569185070038e+09;4.762194657649382591e+09;4.762189563792797089e+09;4.762184280885463715e+09;4.762178801951931000e+09;4.762173119762396812e+09;4.762167226823718071e+09;4.762161115370014191e+09;4.762154777352949142e+09;4.762148204431862831e+09;4.762141387963329315e+09;4.762134318990544319e+09;4.762126988232287407e+09;4.762119386071547508e+09;4.762111502543753624e+09;4.762103327324642181e+09;4.762094849717703819e+09;4.762086058641262054e+09;4.762076942615121841e+09;4.762067489746744156e+09;4.762057687717095375e+09;4.762047523765914917e+09;4.762036984676620483e+09;4.762026056760704994e+09;4.762014725841644287e+09;4.762002977238355637e+09;4.761990795748038292e+09;4.761978165628685951e+09;4.761965070580879211e+09;4.761951493729157448e+09;4.761937417602784157e+09;4.761922824115979195e+09;4.761907694547600746e+09;4.761892009520153046e+09;4.761875748978310585e+09;4.761858892166743279e+09;4.761841417607411385e+09;4.761823303076171875e+09;4.761804525578750610e+09;4.761785061326140404e+09;4.761764885709244728e+09;4.761743973272928238e+09;4.761722297689412117e+09;4.761699831730892181e+09;4.761676547241609573e+09;4.761652415109132767e+09;4.761627405234942436e+09;4.761601486504398346e+09;4.761574626755896568e+09;4.761546792749409676e+09;4.761517950134247780e+09;4.761488063416123390e+09;4.761457095923537254e+09;4.761425009773383141e+09;4.761391765835913658e+09;4.761357323698931694e+09;4.761321641631294250e+09;4.761284676545735359e+09;4.761246383960970879e+09;4.761206717963065147e+09;4.761165631166235924e+09;4.761123074672836304e+09;4.761078998032754898e+09;4.761033349202184677e+09;4.760986074501666069e+09;4.760937118573554039e+09;4.760886424338905334e+09;4.760833932953683853e+09;4.760779583764478683e+09;4.760723314263553619e+09;4.760665060043510437e+09;4.760604754751285553e+09;4.760542330041709900e+09;4.760477715530667305e+09;4.760410838747653961e+09;4.760341625088097572e+09;4.760269997765090942e+09;4.760195877760971069e+09;4.760119183778349876e+09;4.760039832191007614e+09;4.759957736994436264e+09;4.759872809756122589e+09
4.752686789921818733e+09;4.752685905778476715e+09;4.752684988666939735e+09;4.752684037359181404e+09;4.752683050581480980e+09;4.752682027012766838e+09;4.752680965282887459e+09;4.752679863970786095e+09;4.752678721602594376e+09;4.752677536649747849e+09;4.752676307526862144e+09;4.752675032589735985e+09;4.752673710133099556e+09;4.752672338388423920e+09;4.752670915521519661e+09;4.752669439630206108e+09;4.752667908741683960e+09;4.752666320810078621e+09;4.752664673713598251e+09;4.752662965251863480e+09;4.752661193142948151e+09;4.752659355020391464e+09;4.752657448430123329e+09;4.752655470827169418e+09;4.752653419572430611e+09;4.752651291929111481e+09;4.752649085059220314e+09;4.752646796019835472e+09;4.752644421759240150e+09;4.752641959112986565e+09;4.752639404799742699e+09;4.752636755417033195e+09;4.752634007436808586e+09;4.752631157200873375e+09;4.752628200916159630e+09;4.752625134649786949e+09;4.752621954323985100e+09;4.752618655710843086e+09;4.752615234426859856e+09;4.752611685927233696e+09;4.752608005500147820e+09;4.752604188260636330e+09;4.752600229144294739e+09;4.752596122900912285e+09;4.752591864087655067e+09;4.752587447062228203e+09;4.752582865975627899e+09;4.752578114764751434e+09;4.752573187144719124e+09;4.752568076600899696e+09;4.752562776380743980e+09;4.752557279485258102e+09;4.752551578660216331e+09;4.752545666387093544e+09;4.752539534873642921e+09;4.752533176044262886e+09;4.752526581529872894e+09;4.752519742657607079e+09;4.752512650440114975e+09;4.752505295564411163e+09;4.752497668380553246e+09;4.752489758889792442e+09;4.752481556732349396e+09;4.752473051174860954e+09;4.752464231097404480e+09;4.752455084980059624e+09;4.752445600889060020e+09;4.752435766462535858e+09;4.752425568895800591e+09;4.752414994926119804e+09;4.752404030817070007e+09;4.752392662342375755e+09;4.752380874769279480e+09;4.752368652841387749e+09;4.752355980760967255e+09;4.752342842170775414e+09;4.752329220135310173e+09;4.752315097121473312e+09;4.752300454978741646e+09;4.752285274918713570e+09;4.752269537494086266e+09;4.752253222577006340e+09;4.752236309336858749e+09;4.752218776217401505e+09;4.752200600913265228e+09;4.752181760345868111e+09;4.752162230638587952e+09;4.752141987091375351e+09;4.752121004154663086e+09;4.752099255402538300e+09;4.752076713505332947e+09;4.752053350201484680e+09;4.752029136268671989e+09;4.752004041494296074e+09;4.751978034645194054e+09;4.751951083436719894e+09;4.751923154501069069e+09;4.751894213354846954e+09;4.751864224365977287e+09;4.751833150719880104e+09;4.751800954384922028e+09;4.751767596077086449e+09;4.751733035224035263e+09;4.751697229928378105e+09;4.751660136930269241e+09;4.751621711569227219e+09;4.751581907745387077e+09;4.751540677879923820e+09;4.751497972874887466e+09;4.751453742072293282e+09;4.751407933212602615e+09;4.751360492392574310e+09;4.751311364022400856e+09;4.751260490782272339e+09;4.751207813578372955e+09;4.751153271498241425e+09;4.751096801765559196e+09;4.751038339694435120e+09;4.750977818643156052e+09;4.750915169967412949e+09;4.750850322973084450e+09;4.750783204868518829e+09;4.750713740716479301e+09;4.750641853385553360e+09;4.750567463501377106e+09;4.750490489397370338e+09;4.750410847065191269e+09;4.750328450104996681e+09
4.743047645007703781e+09;4.743046789880836487e+09;4.743045902866456985e+09;4.743044982776684761e+09;4.743044028379420280e+09;4.743043038396790504e+09;4.743042011503424644e+09;4.743040946324681282e+09;4.743039841434870720e+09;4.743038695355311394e+09;4.743037506552408218e+09;4.743036273435629845e+09;4.743034994355374336e+09;4.743033667600787163e+09;4.743032291397539139e+09;4.743030863905468941e+09;4.743029383216118813e+09;4.743027847350250244e+09;4.743026254255272865e+09;4.743024601802416801e+09;4.743022887784087181e+09;4.743021109910879135e+09;4.743019265808536530e+09;4.743017353014914513e+09;4.743015368976687431e+09;4.743013311046067238e+09;4.743011176477244377e+09;4.743008962422866821e+09;4.743006665930316925e+09;4.743004283937808990e+09;4.743001813270463943e+09;4.742999250636095047e+09;4.742996592620978355e+09;4.742993835685413361e+09;4.742990976159090042e+09;4.742988010236355782e+09;4.742984933971311569e+09;4.742981743272658348e+09;4.742978433898432732e+09;4.742975001450558662e+09;4.742971441369162560e+09;4.742967748926686287e+09;4.742963919221896172e+09;4.742959947173512459e+09;4.742955827513763428e+09;4.742951554781648636e+09;4.742947123315956116e+09;4.742942527248107910e+09;4.742937760494653702e+09;4.742932816749605179e+09;4.742927689476434708e+09;4.742922371899838448e+09;4.742916856997232437e+09;4.742911137489888191e+09;4.742905205833864212e+09;4.742899054210529327e+09;4.742892674516882896e+09;4.742886058355423927e+09;4.742879197023775101e+09;4.742872081503941536e+09;4.742864702451173782e+09;4.742857050182505608e+09;4.742849114664915085e+09;4.742840885503077507e+09;4.742832351926687241e+09;4.742823502777507782e+09;4.742814326495815277e+09;4.742804811106524467e+09;4.742794944204903603e+09;4.742784712941720963e+09;4.742774104008019447e+09;4.742763103619367599e+09;4.742751697499687195e+09;4.742739870864455223e+09;4.742727608403561592e+09;4.742714894263508797e+09;4.742701712029129028e+09;4.742688044704769135e+09;4.742673874694905281e+09;4.742659183784154892e+09;4.742643953116795540e+09;4.742628163175618172e+09;4.742611793760158539e+09;4.742594823964416504e+09;4.742577232153855324e+09;4.742558995941807747e+09;4.742540092165266037e+09;4.742520496859961510e+09;4.742500185234778404e+09;4.742479131645609856e+09;4.742457309568377495e+09;4.742434691571450233e+09;4.742411249287408829e+09;4.742386953383974075e+09;4.742361773534397125e+09;4.742335678386957169e+09;4.742308635533931732e+09;4.742280611479657173e+09;4.742251571608066559e+09;4.742221480149242401e+09;4.742190300145550728e+09;4.742157993416792870e+09;4.742124520524758339e+09;4.742089840737000465e+09;4.742053911989955902e+09;4.742016690851231575e+09;4.741978132481332779e+09;4.741938190594537735e+09;4.741896817419169426e+09;4.741853963657131195e+09;4.741809578442795753e+09;4.741763609301187515e+09;4.741716002105557442e+09;4.741666701034253120e+09;4.741615648527035713e+09;4.741562785240740776e+09;4.741508050004356384e+09;4.741451379773515701e+09;4.741392709584507942e+09;4.741331972507678986e+09;4.741269099600328445e+09;4.741204019859207153e+09;4.741136660172487259e+09;4.741066945271322250e+09;4.740994797681002617e+09;4.740920137671751022e+09;4.740842883209187508e+09;4.740762949904454231e+09
4.733390972949132919e+09;4.733390145900742531e+09;4.733389288010692596e+09;4.733388398129928589e+09;4.733387475066691399e+09;4.733386517584888458e+09;4.733385524402498245e+09;4.733384494189832687e+09;4.733383425567797661e+09;4.733382317106043816e+09;4.733381167321084976e+09;4.733379974674365997e+09;4.733378737570131302e+09;4.733377454353425980e+09;4.733376123307840347e+09;4.733374742653255463e+09;4.733373310543476105e+09;4.733371825063862801e+09;4.733370284228717804e+09;4.733368685978706360e+09;4.733367028178177834e+09;4.733365308612279892e+09;4.733363524984129906e+09;4.733361674911704063e+09;4.733359755924830437e+09;4.733357765461812973e+09;4.733355700866162300e+09;4.733353559383121490e+09;4.733351338155973434e+09;4.733349034222436905e+09;4.733346644510663986e+09;4.733344165835334778e+09;4.733341594893458366e+09;4.733338928260094643e+09;4.733336162383872032e+09;4.733333293582406044e+09;4.733330318037503242e+09;4.733327231790243149e+09;4.733324030735825539e+09;4.733320710618276596e+09;4.733317267024963379e+09;4.733313695380936623e+09;4.733309990942984581e+09;4.733306148793587685e+09;4.733302163834640503e+09;4.733298030780850410e+09;4.733293744153057098e+09;4.733289298271212578e+09;4.733284687247166634e+09;4.733279904977166176e+09;4.733274945134158134e+09;4.733269801159754753e+09;4.733264466255950928e+09;4.733258933376605988e+09;4.733253195218556404e+09;4.733247244212479591e+09;4.733241072513421059e+09;4.733234671991037369e+09;4.733228034219446182e+09;4.733221150466847420e+09;4.733214011684650421e+09;4.733206608496396065e+09;4.733198931186180115e+09;4.733190969686775208e+09;4.733182713567357063e+09;4.733174152020836830e+09;4.733165273850658417e+09;4.733156067457419395e+09;4.733146520824844360e+09;4.733136621505368233e+09;4.733126356605361938e+09;4.733115712769732475e+09;4.733104676166166306e+09;4.733093232468859673e+09;4.733081366841708183e+09;4.733069063920972824e+09;4.733056307797517776e+09;4.733043081998411179e+09;4.733029369468001366e+09;4.733015152548488617e+09;4.733000412959825516e+09;4.732985131779125214e+09;4.732969289419436455e+09;4.732952865607889175e+09;4.732935839363315582e+09;4.732918188973086357e+09;4.732899891969490051e+09;4.732880925105311394e+09;4.732861264328865051e+09;4.732840884758278847e+09;4.732819760655173302e+09;4.732797865397593498e+09;4.732775171452292442e+09;4.732751650346282005e+09;4.732727272637716293e+09;4.732702007886042595e+09;4.732675824621409416e+09;4.732648690313403130e+09;4.732620571338989258e+09;4.732591432949822426e+09;4.732561239238733292e+09;4.732529953105501175e+09;4.732497536221958160e+09;4.732463948996264458e+09;4.732429150536508560e+09;4.732393098613595963e+09;4.732355749623368263e+09;4.732317058547991753e+09;4.732276978916722298e+09;4.732235462765895844e+09;4.732192460598170280e+09;4.732147921341238022e+09;4.732101792305712700e+09;4.732054019142399788e+09;4.732004545799009323e+09;4.731953314476058960e+09;4.731900265582387924e+09;4.731845337689793587e+09;4.731788467487407684e+09;4.731729589735247612e+09;4.731668637217399597e+09;4.731605540694608688e+09;4.731540228856412888e+09;4.731472628272845268e+09;4.731402663345660210e+09;4.731330256259137154e+09;4.731255326930592537e+09;4.731177792960515022e+09
4.723718269892774582e+09;4.723717470025282860e+09;4.723716640328608513e+09;4.723715779691362381e+09;4.723714886960784912e+09;4.723713960941286087e+09;4.723713000392797470e+09;4.723712004029150963e+09;4.723710970516397476e+09;4.723709898470979691e+09;4.723708786457948685e+09;4.723707632989047050e+09;4.723706436520744324e+09;4.723705195452138901e+09;4.723703908122939110e+09;4.723702572811179161e+09;4.723701187731019020e+09;4.723699751030290604e+09;4.723698260788149834e+09;4.723696715012484550e+09;4.723695111637320518e+09;4.723693448520087242e+09;4.723691723438755035e+09;4.723689934089000702e+09;4.723688078081106186e+09;4.723686152936862946e+09;4.723684156086285591e+09;4.723682084864266396e+09;4.723679936507088661e+09;4.723677708148779869e+09;4.723675396817398071e+09;4.723672999431133270e+09;4.723670512794282913e+09;4.723667933593121529e+09;4.723665258391514778e+09;4.723662483626542091e+09;4.723659605603780746e+09;4.723656620492596626e+09;4.723653524321109772e+09;4.723650312971090317e+09;4.723646982172640800e+09;4.723643527498687744e+09;4.723639944359249115e+09;4.723636227995562553e+09;4.723632373473975182e+09;4.723628375679584503e+09;4.723624229309719086e+09;4.723619928867161751e+09;4.723615468653124809e+09;4.723610842760001183e+09;4.723606045063898087e+09;4.723601069216773987e+09;4.723595908638534546e+09;4.723590556508618355e+09;4.723585005757468224e+09;4.723579249057612419e+09;4.723573278814514160e+09;4.723567087157060623e+09;4.723560665927712440e+09;4.723554006672408104e+09;4.723547100630064011e+09;4.723539938721714020e+09;4.723532511539359093e+09;4.723524809334374428e+09;4.723516822005540848e+09;4.723508539086765289e+09;4.723499949734314919e+09;4.723491042713675499e+09;4.723481806385952950e+09;4.723472228693907738e+09;4.723462297147467613e+09;4.723451998808827400e+09;4.723441320277082443e+09;4.723430247672332764e+09;4.723418766619370461e+09;4.723406862230777740e+09;4.723394519089605331e+09;4.723381721231398582e+09;4.723368452125830650e+09;4.723354694657652855e+09;4.723340431107156754e+09;4.723325643130058289e+09;4.723310311736758232e+09;4.723294417271000862e+09;4.723277939388024330e+09;4.723260857031927109e+09;4.723243148412538528e+09;4.723224790981619835e+09;4.723205761408344269e+09;4.723186035554175377e+09;4.723165588447112083e+09;4.723144394255129814e+09;4.723122426259072304e+09;4.723099656824752808e+09;4.723076057374375343e+09;4.723051598357305527e+09;4.723026249219952583e+09;4.722999978375183105e+09;4.722972753170744896e+09;4.722944539857175827e+09;4.722915303554817200e+09;4.722885008220217705e+09;4.722853616611648560e+09;4.722821090254060745e+09;4.722787389403133392e+09;4.722752473008722305e+09;4.722716298677451134e+09;4.722678822634698868e+09;4.722639999685739517e+09;4.722599783176262856e+09;4.722558124952095985e+09;4.722514975318324089e+09;4.722470282997626305e+09;4.722423995087951660e+09;4.722376057019597054e+09;4.722326412511542320e+09;4.722275003527190208e+09;4.722221770229468346e+09;4.722166650935350418e+09;4.722109582069806099e+09;4.722050498119139671e+09;4.721989331583875656e+09;4.721926012930947304e+09;4.721860470545674324e+09;4.721792630683072090e+09;4.721722417418750763e+09;4.721649752599463463e+09;4.721574555793303490e+09
4.714031122387537956e+09;4.714030348841122627e+09;4.714029546446080208e+09;4.714028714127454758e+09;4.714027850770327568e+09;4.714026955218276024e+09;4.714026026271905899e+09;4.714025062687216759e+09;4.714024063173951149e+09;4.714023026393922806e+09;4.714021950959170341e+09;4.714020835430187225e+09;4.714019678313979149e+09;4.714018478062086105e+09;4.714017233068536758e+09;4.714015941667744637e+09;4.714014602132246017e+09;4.714013212670521736e+09;4.714011771424489021e+09;4.714010276467202187e+09;4.714008725800180435e+09;4.714007117350835800e+09;4.714005448969771385e+09;4.714003718427875519e+09;4.714001923413439751e+09;4.714000061529124260e+09;4.713998130288774490e+09;4.713996127114190102e+09;4.713994049331722260e+09;4.713991894168806076e+09;4.713989658750275612e+09;4.713987340094676018e+09;4.713984935110283852e+09;4.713982440591152191e+09;4.713979853212893486e+09;4.713977169528347015e+09;4.713974385963088036e+09;4.713971498810839653e+09;4.713968504228588104e+09;4.713965398231660843e+09;4.713962176688545227e+09;4.713958835315551758e+09;4.713955369671285629e+09;4.713951775150920868e+09;4.713948046980275154e+09;4.713944180209717751e+09;4.713940169707719803e+09;4.713936010154430389e+09;4.713931696034727097e+09;4.713927221631288528e+09;4.713922581017271042e+09;4.713917768048771858e+09;4.713912776357055664e+09;4.713907599340477943e+09;4.713902230156167984e+09;4.713896661711381912e+09;4.713890886654610634e+09;4.713884897366339684e+09;4.713878685949534416e+09;4.713872244219779015e+09;4.713865563695095062e+09;4.713858635585425377e+09;4.713851450781723022e+09;4.713843999844781876e+09;4.713836272993543625e+09;4.713828260093191147e+09;4.713819950642706871e+09;4.713811333762095451e+09;4.713802398179233551e+09;4.713793132216174126e+09;4.713783523775119781e+09;4.713773560323901176e+09;4.713763228881042480e+09;4.713752516000244141e+09;4.713741407754521370e+09;4.713729889719774246e+09;4.713717946957822800e+09;4.713705563998988152e+09;4.713692724824120522e+09;4.713679412846074104e+09;4.713665610890609741e+09;4.713651301176768303e+09;4.713636465296680450e+09;4.713621084194719315e+09;4.713605138146080971e+09;4.713588606734789848e+09;4.713571468831067085e+09;4.713553702567990303e+09;4.713535285317623138e+09;4.713516193666388512e+09;4.713496403389863014e+09;4.713475889426810265e+09;4.713454625852611542e+09;4.713432585851909637e+09;4.713409741690665245e+09;4.713386064687407494e+09;4.713361525183825493e+09;4.713336092514571190e+09;4.713309734976457596e+09;4.713282419796757698e+09;4.713254113100920677e+09;4.713224779879446983e+09;4.713194383954063416e+09;4.713162887943110466e+09;4.713130253226295471e+09;4.713096439908530235e+09;4.713061406783174515e+09;4.713025111294476509e+09;4.712987509499266624e+09;4.712948556027926445e+09;4.712908204044698715e+09;4.712866405207143784e+09;4.712823109625033379e+09;4.712778265818449974e+09;4.712731820675242424e+09;4.712683719407776833e+09;4.712633905509078979e+09;4.712582320708280563e+09;4.712528904925466537e+09;4.712473596225900650e+09;4.712416330773725510e+09;4.712357042784979820e+09;4.712295664480184555e+09;4.712232126036342621e+09;4.712166355538494110e+09;4.712098278930777550e+09;4.712027819967061996e+09;4.711954900161144257e+09
4.704331199084926605e+09;4.704330451035093307e+09;4.704329675086557388e+09;4.704328870199662209e+09;4.704328035296135902e+09;4.704327169257532120e+09;4.704326270923855782e+09;4.704325339091955185e+09;4.704324372513948441e+09;4.704323369895564079e+09;4.704322329894393921e+09;4.704321251118187904e+09;4.704320132122910500e+09;4.704318971410898209e+09;4.704317767428859711e+09;4.704316518565804482e+09;4.704315223150917053e+09;4.704313879451353073e+09;4.704312485669932365e+09;4.704311039942820549e+09;4.704309540336964607e+09;4.704307984847656250e+09;4.704306371395819664e+09;4.704304697825274467e+09;4.704302961899924278e+09;4.704301161300827026e+09;4.704299293623079300e+09;4.704297356372725487e+09;4.704295346963442802e+09;4.704293262713198662e+09;4.704291100840668678e+09;4.704288858461652756e+09;4.704286532585272789e+09;4.704284120110078812e+09;4.704281617819998741e+09;4.704279022380132675e+09;4.704276330332442284e+09;4.704273538091203690e+09;4.704270641938398361e+09;4.704267638018860817e+09;4.704264522335281372e+09;4.704261290743045807e+09;4.704257938944864273e+09;4.704254462485222816e+09;4.704250856744668961e+09;4.704247116933843613e+09;4.704243238087313652e+09;4.704239215057218552e+09;4.704235042506701469e+09;4.704230714903044701e+09;4.704226226510632515e+09;4.704221571383635521e+09;4.704216743358469963e+09;4.704211736045957565e+09;4.704206542823229790e+09;4.704201156825428963e+09;4.704195570936937332e+09;4.704189777782552719e+09;4.704183769718132973e+09;4.704177538821099281e+09;4.704171076880526543e+09;4.704164375386930466e+09;4.704157425521659851e+09;4.704150218146042824e+09;4.704142743790083885e+09;4.704134992640789986e+09;4.704126954530183792e+09;4.704118618922824860e+09;4.704109974902990341e+09;4.704101011161462784e+09;4.704091715981783867e+09;4.704082077226198196e+09;4.704072082321048737e+09;4.704061718241744995e+09;4.704050971497306824e+09;4.704039828114310265e+09;4.704028273620443344e+09;4.704016293027486801e+09;4.704003870813809395e+09;4.703990990906320572e+09;4.703977636661869049e+09;4.703963790848065376e+09;4.703949435623585701e+09;4.703934552517874718e+09;4.703919122410206795e+09;4.703903125508206367e+09;4.703886541325762749e+09;4.703869348660202026e+09;4.703851525568994522e+09;4.703833049345633507e+09;4.703813896494984627e+09;4.703794042707982063e+09;4.703773462835436821e+09;4.703752130861440659e+09;4.703730019875859261e+09;4.703707102046246529e+09;4.703683348588937759e+09;4.703658729739524841e+09;4.703633214722540855e+09;4.703606771720397949e+09;4.703579367841687202e+09;4.703550969088596344e+09;4.703521540323674202e+09;4.703491045235818863e+09;4.703459446305535316e+09;4.703426704769396782e+09;4.703392780583795547e+09;4.703357632387960434e+09;4.703321217466148376e+09;4.703283491709174156e+09;4.703244409575196266e+09;4.703203924049731255e+09;4.703161986604942322e+09;4.703118547158266068e+09;4.703073554030312538e+09;4.703026953902030945e+09;4.702978691771287918e+09;4.702928710908644676e+09;4.702876952812659264e+09;4.702823357164394379e+09;4.702767861781433105e+09;4.702710402571237564e+09;4.702650913483948708e+09;4.702589326464666367e+09;4.702525571405185699e+09;4.702459576095240593e+09;4.702391266173306465e+09;4.702320565076900482e+09
4.694620242004858971e+09;4.694619518660151482e+09;4.694618768337218285e+09;4.694617990030662537e+09;4.694617182697700500e+09;4.694616345256728172e+09;4.694615476585908890e+09;4.694614575521699905e+09;4.694613640857265472e+09;4.694612671340924263e+09;4.694611665674438477e+09;4.694610622511295319e+09;4.694609540454998970e+09;4.694608418057084084e+09;4.694607253815319061e+09;4.694606046171639442e+09;4.694604793510138512e+09;4.694603494154875755e+09;4.694602146367698669e+09;4.694600748345934868e+09;4.694599298220005989e+09;4.694597794050971031e+09;4.694596233827935219e+09;4.694594615465443611e+09;4.694592936800714493e+09;4.694591195590787888e+09;4.694589389509544373e+09;4.694587516144753456e+09;4.694585572994734764e+09;4.694583557465243340e+09;4.694581466865957260e+09;4.694579298407011032e+09;4.694577049195286751e+09;4.694574716230692863e+09;4.694572296402220726e+09;4.694569786483832359e+09;4.694567183130356789e+09;4.694564482873041153e+09;4.694561682115087509e+09;4.694558777126938820e+09;4.694555764041501045e+09;4.694552638849062920e+09;4.694549397392140388e+09;4.694546035360101700e+09;4.694542548283595085e+09;4.694538931528774261e+09;4.694535180291357040e+09;4.694531289590454102e+09;4.694527254262153625e+09;4.694523068952900887e+09;4.694518728112693787e+09;4.694514225987967491e+09;4.694509556614261627e+09;4.694504713808647156e+09;4.694499691161904335e+09;4.694494482030348778e+09;4.694489079527447701e+09;4.694483476515206337e+09;4.694477665595126152e+09;4.694471639098917961e+09;4.694465389078911781e+09;4.694458907298159599e+09;4.694452185220141411e+09;4.694445213998184204e+09;4.694437984464510918e+09;4.694430487118893623e+09;4.694422712116999626e+09;4.694414649258288383e+09;4.694406287973508835e+09;4.694397617311895370e+09;4.694388625927773476e+09;4.694379302066926956e+09;4.694369633552329063e+09;4.694359607769593239e+09;4.694349211651856422e+09;4.694338431664192200e+09;4.694327253787631035e+09;4.694315663502526283e+09;4.694303645771515846e+09;4.694291185021988869e+09;4.694278265127882957e+09;4.694264869391049385e+09;4.694250980522031784e+09;4.694236580620238304e+09;4.694221651153553009e+09;4.694206172937361717e+09;4.694190126112968445e+09;4.694173490125348091e+09;4.694156243700323105e+09;4.694138364821084976e+09;4.694119830704027176e+09;4.694100617773980141e+09;4.694080701638692856e+09;4.694060057062715530e+09;4.694038657940491676e+09;4.694016477268853188e+09;4.693993487118741035e+09;4.693969658606170654e+09;4.693944961862606049e+09;4.693919366004456520e+09;4.693892839101891518e+09;4.693865348146941185e+09;4.693836859020834923e+09;4.693807336460558891e+09;4.693776744024618149e+09;4.693745044058215141e+09;4.693712197657488823e+09;4.693678164633056641e+09;4.693642903472872734e+09;4.693606371304202080e+09;4.693568523854989052e+09;4.693529315414357185e+09;4.693488698792480469e+09;4.693446625279612541e+09;4.693403044604521751e+09;4.693357904892114639e+09;4.693311152620426178e+09;4.693262732576858521e+09;4.693212587813870430e+09;4.693160659603850365e+09;4.693106887393507004e+09;4.693051208757553101e+09;4.692993559351799011e+09;4.692933872865760803e+09;4.692872080974554062e+09;4.692808113290475845e+09;4.692741897313896179e+09;4.692673358383783340e+09
4.684900057438264847e+09;4.684899358038055420e+09;4.684898632551846504e+09;4.684897880007436752e+09;4.684897099396447182e+09;4.684896289672967911e+09;4.684895449752190590e+09;4.684894578508946419e+09;4.684893674776221275e+09;4.684892737343604088e+09;4.684891764955654144e+09;4.684890756310289383e+09;4.684889710057000160e+09;4.684888624795097351e+09;4.684887499071826935e+09;4.684886331380468369e+09;4.684885120158310890e+09;4.684883863784626007e+09;4.684882560578469276e+09;4.684881208796512604e+09;4.684879806630689621e+09;4.684878352205834389e+09;4.684876843577207565e+09;4.684875278727930069e+09;4.684873655566295624e+09;4.684871971923044205e+09;4.684870225548501968e+09;4.684868414109607697e+09;4.684866535186854362e+09;4.684864586271122932e+09;4.684862564760353088e+09;4.684860467956150055e+09;4.684858293060283661e+09;4.684856037170956612e+09;4.684853697279028893e+09;4.684851270264151573e+09;4.684848752890607834e+09;4.684846141803109169e+09;4.684843433522479057e+09;4.684840624441054344e+09;4.684837710818057060e+09;4.684834688774686813e+09;4.684831554289130211e+09;4.684828303191315651e+09;4.684824931157593727e+09;4.684821433705045700e+09;4.684817806185790062e+09;4.684814043780975342e+09;4.684810141494563103e+09;4.684806094146948814e+09;4.684801896368288994e+09;4.684797542591675758e+09;4.684793027045992851e+09;4.684788343748577118e+09;4.684783486497603416e+09;4.684778448864210129e+09;4.684773224184381485e+09;4.684767805550482750e+09;4.684762185802564621e+09;4.684756357519368172e+09;4.684750313008989334e+09;4.684744044299252510e+09;4.684737543127757072e+09;4.684730800931584358e+09;4.684723808836633682e+09;4.684716557646683693e+09;4.684709037831990242e+09;4.684701239517518044e+09;4.684693152470931053e+09;4.684684766089954376e+09;4.684676069389507294e+09;4.684667050988342285e+09;4.684657699095252991e+09;4.684648001494890213e+09;4.684637945533011436e+09;4.684627518101428032e+09;4.684616705622286797e+09;4.684605494032043457e+09;4.684593868764802933e+09;4.684581814735164642e+09;4.684569316320652962e+09;4.684556357343439102e+09;4.684542921051602364e+09;4.684528990099879265e+09;4.684514546529732704e+09;4.684499571748895645e+09;4.684484046510261536e+09;4.684467950890285492e+09;4.684451264266580582e+09;4.684433965295052528e+09;4.684416031886286736e+09;4.684397441181297302e+09;4.684378169526619911e+09;4.684358192448742867e+09;4.684337484627811432e+09;4.684316019870663643e+09;4.684293771083153725e+09;4.684270710241758347e+09;4.684246808364441872e+09;4.684222035480838776e+09;4.684196360601636887e+09;4.684169751687278748e+09;4.684142175615878105e+09;4.684113598150376320e+09;4.684083983904964447e+09;4.684053296310734749e+09;4.684021497580592155e+09;4.683988548673401833e+09;4.683954409257263184e+09;4.683919037672264099e+09;4.683882390892238617e+09;4.683844424485890388e+09;4.683805092577157021e+09;4.683764347804800034e+09;4.683722141281318665e+09;4.683678422551083565e+09;4.683633139547767639e+09;4.683586238551104546e+09;4.683537664142886162e+09;4.683487359162437439e+09;4.683435264661213875e+09;4.683381319856973648e+09;4.683325462087191582e+09;4.683267626761921883e+09;4.683207747316115379e+09;4.683145755161303520e+09;4.683081579636860847e+09;4.683015147960662842e+09
4.675172506559110641e+09;4.675171830371654510e+09;4.675171128963233948e+09;4.675170401393816948e+09;4.675169646688387871e+09;4.675168863835660934e+09;4.675168051786717415e+09;4.675167209453627586e+09;4.675166335707955360e+09;4.675165429379324913e+09;4.675164489253837585e+09;4.675163514072424889e+09;4.675162502529235840e+09;4.675161453269881248e+09;4.675160364889601707e+09;4.675159235931435585e+09;4.675158064884331703e+09;4.675156850181049347e+09;4.675155590196170807e+09;4.675154283243885040e+09;4.675152927575810432e+09;4.675151521378651619e+09;4.675150062771817207e+09;4.675148549804914474e+09;4.675146980455217361e+09;4.675145352624965668e+09;4.675143664138588905e+09;4.675141912739892006e+09;4.675140096089035034e+09;4.675138211759481430e+09;4.675136257234810829e+09;4.675134229905398369e+09;4.675132127065005302e+09;4.675129945907226562e+09;4.675127683521820068e+09;4.675125336890904427e+09;4.675122902884992599e+09;4.675120378258920670e+09;4.675117759647629738e+09;4.675115043561748505e+09;4.675112226383073807e+09;4.675109304359879494e+09;4.675106273601999283e+09;4.675103130075834274e+09;4.675099869599086761e+09;4.675096487835391998e+09;4.675092980288682938e+09;4.675089342297404289e+09;4.675085569028506279e+09;4.675081655471238136e+09;4.675077596430719376e+09;4.675073386521262169e+09;4.675069020159488678e+09;4.675064491557217598e+09;4.675059794714067459e+09;4.675054923409819603e+09;4.675049871196536064e+09;4.675044631390386581e+09;4.675039197063179970e+09;4.675033561033638000e+09;4.675027715858345032e+09;4.675021653822420120e+09;4.675015366929831505e+09;4.675008846893422127e+09;4.675002085124548912e+09;4.674995072722475052e+09;4.674987800463254929e+09;4.674980258788398743e+09;4.674972437793067932e+09;4.674964327213920593e+09;4.674955916416543961e+09;4.674947194382490158e+09;4.674938149695858002e+09;4.674928770529483795e+09;4.674919044630652428e+09;4.674908959306385040e+09;4.674898501408245087e+09;4.674887657316595078e+09;4.674876412924531937e+09;4.674864753621102333e+09;4.674852664274191856e+09;4.674840129212751389e+09;4.674827132208543777e+09;4.674813656457368851e+09;4.674799684559595108e+09;4.674785198500294685e+09;4.674770179628618240e+09;4.674754608636655807e+09;4.674738465537710190e+09;4.674721729643836975e+09;4.674704379542877197e+09;4.674686393074710846e+09;4.674667747306954384e+09;4.674648418509962082e+09;4.674628382131078720e+09;4.674607612768293381e+09;4.674586084143148422e+09;4.674563769072913170e+09;4.674540639442100525e+09;4.674516666173204422e+09;4.674491819196724892e+09;4.674466067420431137e+09;4.674439378697916031e+09;4.674411719796372414e+09;4.674383056363572121e+09;4.674353352894194603e+09;4.674322572695250511e+09;4.674290677850857735e+09;4.674257629186192513e+09;4.674223386230658531e+09;4.674187907180360794e+09;4.674151148859747887e+09;4.674113066682515144e+09;4.674073614611768723e+09;4.674032745119481087e+09;4.673990409145067215e+09;4.673946556053412437e+09;4.673901133592063904e+09;4.673854087847742081e+09;4.673805363202156067e+09;4.673754902287179947e+09;4.673702645939303398e+09;4.673648533153505325e+09;4.673592501036439896e+09;4.673534484759065628e+09;4.673474417508717537e+09;4.673412230440532684e+09;4.673347852628452301e+09
4.665439495820312500e+09;4.665438842140886307e+09;4.665438164079314232e+09;4.665437460726774216e+09;4.665436731140625000e+09;4.665435974343156815e+09;4.665435189320251465e+09;4.665434375020062447e+09;4.665433530351631165e+09;4.665432654183394432e+09;4.665431745341696739e+09;4.665430802609269142e+09;4.665429824723537445e+09;4.665428810375000954e+09;4.665427758205486298e+09;4.665426666806321144e+09;4.665425534716490746e+09;4.665424360420708656e+09;4.665423142347366333e+09;4.665421878866498947e+09;4.665420568287587166e+09;4.665419208857373238e+09;4.665417798757481575e+09;4.665416336102052689e+09;4.665414818935256958e+09;4.665413245228692055e+09;4.665411612878723145e+09;4.665409919703692436e+09;4.665408163441073418e+09;4.665406341744460106e+09;4.665404452180521011e+09;4.665402492225760460e+09;4.665400459263231277e+09;4.665398350579076767e+09;4.665396163359039307e+09;4.665393894684663773e+09;4.665391541529557228e+09;4.665389100755445480e+09;4.665386569108015060e+09;4.665383943212711334e+09;4.665381219570329666e+09;4.665378394552438736e+09;4.665375464396708488e+09;4.665372425201967239e+09;4.665369272923221588e+09;4.665366003366305351e+09;4.665362612182581902e+09;4.665359094863210678e+09;4.665355446733400345e+09;4.665351662946374893e+09;4.665347738477121353e+09;4.665343668115971565e+09;4.665339446461875916e+09;4.665335067915521622e+09;4.665330526672211647e+09;4.665325816714387894e+09;4.665320931804030418e+09;4.665315865474710464e+09;4.665310611023405075e+09;4.665305161502037048e+09;4.665299509708640099e+09;4.665293648178377151e+09;4.665287569174075127e+09;4.665281264676621437e+09;4.665274726374852180e+09;4.665267945655249596e+09;4.665260913591217995e+09;4.665253620932000160e+09;4.665246058091265678e+09;4.665238215135276794e+09;4.665230081770664215e+09;4.665221647331906319e+09;4.665212900768192291e+09;4.665203830630068779e+09;4.665194425055535316e+09;4.665184671755698204e+09;4.665174558000029564e+09;4.665164070601079941e+09;4.665153195898761749e+09;4.665141919744130135e+09;4.665130227482619286e+09;4.665118103936791420e+09;4.665105533388561249e+09;4.665092499560895920e+09;4.665078985598844528e+09;4.665064974050161362e+09;4.665050446845232010e+09;4.665035385276457787e+09;4.665019769976996422e+09;4.665003580898957253e+09;4.664986797290870667e+09;4.664969397674566269e+09;4.664951359821437836e+09;4.664932660727969170e+09;4.664913276590651512e+09;4.664893182780129433e+09;4.664872353814764977e+09;4.664850763333402634e+09;4.664828384067477226e+09;4.664805187812343597e+09;4.664781145397950172e+09;4.664756226658703804e+09;4.664730400402605057e+09;4.664703634379668236e+09;4.664675895249550819e+09;4.664647148548405647e+09;4.664617358655027390e+09;4.664586488756158829e+09;4.664554500811055183e+09;4.664521355515304565e+09;4.664487012263834953e+09;4.664451429113193512e+09;4.664414562743000984e+09;4.664376368416703224e+09;4.664336799941515923e+09;4.664295809627673149e+09;4.664253348246860504e+09;4.664209364989976883e+09;4.664163807424157143e+09;4.664116621449056625e+09;4.664067751252459526e+09;4.664017139265192032e+09;4.663964726115445137e+09;4.663910450582295418e+09;4.663854249548763275e+09;4.663796057954160690e+09;4.663735808745924950e+09;4.663673432830836296e+09
4.655702967207558632e+09;4.655702335356728554e+09;4.655701679937300682e+09;4.655701000070735931e+09;4.655700294845798492e+09;4.655699563317317009e+09;4.655698804504951477e+09;4.655698017391898155e+09;4.655697200923501968e+09;4.655696354005858421e+09;4.655695475504394531e+09;4.655694564242323875e+09;4.655693618999092102e+09;4.655692638508760452e+09;4.655691621458328247e+09;4.655690566485955238e+09;4.655689472179224968e+09;4.655688337073194504e+09;4.655687159648514748e+09;4.655685938329361916e+09;4.655684671481389999e+09;4.655683357409564018e+09;4.655681994355887413e+09;4.655680580497138023e+09;4.655679113942358017e+09;4.655677592730467796e+09;4.655676014827619553e+09;4.655674378124510765e+09;4.655672680433609962e+09;4.655670919486308098e+09;4.655669092929876328e+09;4.655667198324435234e+09;4.655665233139659882e+09;4.655663194751554489e+09;4.655661080438952446e+09;4.655658887379959106e+09;4.655656612648259163e+09;4.655654253209293365e+09;4.655651805916253090e+09;4.655649267506057739e+09;4.655646634594972610e+09;4.655643903674321175e+09;4.655641071105852127e+09;4.655638133116977692e+09;4.655635085795981407e+09;4.655631925086808205e+09;4.655628646783928871e+09;4.655625246526841164e+09;4.655621719794415474e+09;4.655618061899114609e+09;4.655614267980924606e+09;4.655610333001093864e+09;4.655606251735689163e+09;4.655602018768881798e+09;4.655597628486010551e+09;4.655593075066431999e+09;4.655588352476047516e+09;4.655583454459695816e+09;4.655578374533117294e+09;4.655573105974823952e+09;4.655567641817520142e+09;4.655561974839359283e+09;4.655556097554789543e+09;4.655550002205239296e+09;4.655543680749268532e+09;4.655537124852633476e+09;4.655530325877824783e+09;4.655523274873334885e+09;4.655515962562531471e+09;4.655508379332262993e+09;4.655500515220933914e+09;4.655492359906277657e+09;4.655483902692694664e+09;4.655475132498256683e+09;4.655466037841119766e+09;4.655456606825713158e+09;4.655446827128263474e+09;4.655436685982032776e+09;4.655426170161991119e+09;4.655415265969011307e+09;4.655403959213634491e+09;4.655392235199217796e+09;4.655380078704648972e+09;4.655367473966495514e+09;4.655354404660611153e+09;4.655340853883168221e+09;4.655326804131144524e+09;4.655312237282196045e+09;4.655297134573994637e+09;4.655281476582871437e+09;4.655265243201880455e+09;4.655248413618277550e+09;4.655230966290270805e+09;4.655212878923156738e+09;4.655194128444809914e+09;4.655174690980445862e+09;4.655154541826738358e+09;4.655133655425224304e+09;4.655112005334982872e+09;4.655089564204603195e+09;4.655066303743441582e+09;4.655042194692138672e+09;4.655017206792387962e+09;4.654991308755919456e+09;4.654964468232813835e+09;4.654936651778954506e+09;4.654907824822784424e+09;4.654877951631258965e+09;4.654846995275066376e+09;4.654814917592965126e+09;4.654781679155511856e+09;4.654747239227825165e+09;4.654711555731786728e+09;4.654674585207247734e+09;4.654636282772652626e+09;4.654596602084757805e+09;4.654555495297742844e+09;4.654512913021414757e+09;4.654468804278785706e+09;4.654423116462875366e+09;4.654375795292840958e+09;4.654326784769326210e+09;4.654276027129226685e+09;4.654223462799683571e+09;4.654169030351519585e+09;4.654112666452013969e+09;4.654054305817014694e+09;4.653993881162563324e+09
4.645964888425370216e+09;4.645964277747387886e+09;4.645963644289973259e+09;4.645962987203960419e+09;4.645962305608568192e+09;4.645961598590226173e+09;4.645960865201353073e+09;4.645960104459122658e+09;4.645959315344108582e+09;4.645958496798964500e+09;4.645957647727013588e+09;4.645956766990756035e+09;4.645955853410404205e+09;4.645954905762283325e+09;4.645953922777221680e+09;4.645952903138854980e+09;4.645951845481856346e+09;4.645950748390202522e+09;4.645949610395186424e+09;4.645948429973559380e+09;4.645947205545482635e+09;4.645945935472410202e+09;4.645944618054957390e+09;4.645943251530624390e+09;4.645941834071476936e+09;4.645940363781763077e+09;4.645938838695332527e+09;4.645937256773110390e+09;4.645935615900370598e+09;4.645933913883979797e+09;4.645932148449463844e+09;4.645930317238053322e+09;4.645928417803569794e+09;4.645926447609190941e+09;4.645924404024148941e+09;4.645922284320261002e+09;4.645920085668345451e+09;4.645917805134533882e+09;4.645915439676409721e+09;4.645912986139075279e+09;4.645910441250948906e+09;4.645907801619585991e+09;4.645905063727188110e+09;4.645902223926076889e+09;4.645899278433898926e+09;4.645896223328747749e+09;4.645893054544055939e+09;4.645889767863358498e+09;4.645886358914785385e+09;4.645882823165433884e+09;4.645879155915557861e+09;4.645875352292448997e+09;4.645871407244188309e+09;4.645867315533187866e+09;4.645863071729436874e+09;4.645858670203575134e+09;4.645854105119658470e+09;4.645849370427772522e+09;4.645844459856279373e+09;4.645839366903870583e+09;4.645834084831322670e+09;4.645828606652946472e+09;4.645822925127815247e+09;4.645817032750558853e+09;4.645810921742026329e+09;4.645804584039449692e+09;4.645798011286423683e+09;4.645791194822414398e+09;4.645784125672040939e+09;4.645776794533911705e+09;4.645769191769119263e+09;4.645761307389353752e+09;4.645753131044622421e+09;4.645744652010547638e+09;4.645735859175290108e+09;4.645726741026004791e+09;4.645717285634885788e+09;4.645707480644731522e+09;4.645697313254062653e+09;4.645686770201799393e+09;4.645675837751404762e+09;4.645664501674511909e+09;4.645652747234164238e+09;4.645640559167321205e+09;4.645627921667056084e+09;4.645614818364033699e+09;4.645601232307522774e+09;4.645587145945787430e+09;4.645572541105911255e+09;4.645557398973029137e+09;4.645541700068923950e+09;4.645525424230033875e+09;4.645508550584778786e+09;4.645491057530299187e+09;4.645472922708483696e+09;4.645454122981325150e+09;4.645434634405676842e+09;4.645414432207176208e+09;4.645393490753611565e+09;4.645371783527483940e+09;4.645349283097877502e+09;4.645325961091567993e+09;4.645301788163469315e+09;4.645276733966238022e+09;4.645250767119190216e+09;4.645223855176431656e+09;4.645195964594207764e+09;4.645167060697535515e+09;4.645137107645982742e+09;4.645106068398749352e+09;4.645073904678903580e+09;4.645040576936896324e+09;4.645006044313227654e+09;4.644970264600391388e+09;4.644933194204034805e+09;4.644894788103300095e+09;4.644854999810485840e+09;4.644813781329849243e+09;4.644771083115720749e+09;4.644726854029859543e+09;4.644681041298099518e+09;4.644633590466203690e+09;4.644584445355122566e+09;4.644533548015457153e+09;4.644480838681330681e+09;4.644426255723582268e+09;4.644369735602301598e+09;4.644311212818799019e+09
4.636227243088000298e+09;4.636226652949359894e+09;4.636226040796883583e+09;4.636225405809906006e+09;4.636224747137193680e+09;4.636224063895844460e+09;4.636223355170062065e+09;4.636222620009973526e+09;4.636221857430368423e+09;4.636221066409343719e+09;4.636220245886993408e+09;4.636219394763974190e+09;4.636218511900021553e+09;4.636217596112500191e+09;4.636216646174737930e+09;4.636215660814496040e+09;4.636214638712191582e+09;4.636213578499222755e+09;4.636212478756064415e+09;4.636211338010477066e+09;4.636210154735500336e+09;4.636208927347436905e+09;4.636207654203762054e+09;4.636206333600948334e+09;4.636204963772196770e+09;4.636203542885138512e+09;4.636202069039363861e+09;4.636200540263955116e+09;4.636198954514848709e+09;4.636197309672159195e+09;4.636195603537384033e+09;4.636193833830512047e+09;4.636191998186995506e+09;4.636190094154669762e+09;4.636188119190508842e+09;4.636186070657303810e+09;4.636183945820178986e+09;4.636181741843015671e+09;4.636179455784762383e+09;4.636177084595538139e+09;4.636174625112653732e+09;4.636172074056545258e+09;4.636169428026378632e+09;4.636166683495736122e+09;4.636163836807920456e+09;4.636160884171280861e+09;4.636157821654211044e+09;4.636154645180135727e+09;4.636151350522135735e+09;4.636147933297561646e+09;4.636144388962276459e+09;4.636140712804878235e+09;4.636136899940577507e+09;4.636132945304938316e+09;4.636128843647339821e+09;4.636124589524262428e+09;4.636120177292316437e+09;4.636115601101028442e+09;4.636110854885377884e+09;4.636105932358032227e+09;4.636100827001432419e+09;4.636095532059461594e+09;4.636090040528913498e+09;4.636084345150653839e+09;4.636078438400445938e+09;4.636072312479512215e+09;4.636065959304767609e+09;4.636059370498655319e+09;4.636052537378730774e+09;4.636045450946858406e+09;4.636038101877999306e+09;4.636030480508728027e+09;4.636022576825263023e+09;4.636014380451172829e+09;4.636005880634647369e+09;4.635997066235347748e+09;4.635987925710823059e+09;4.635978447102565765e+09;4.635968618021464348e+09;4.635958425632956505e+09;4.635947856641553879e+09;4.635936897275012016e+09;4.635925533267932892e+09;4.635913749844823837e+09;4.635901531702700615e+09;4.635888862993114471e+09;4.635875727303646088e+09;4.635862107638808250e+09;4.635847986400382996e+09;4.635833345367181778e+09;4.635818165674244881e+09;4.635802427791290283e+09;4.635786111500712395e+09;4.635769195874793053e+09;4.635751659252396584e+09;4.635733479214854240e+09;4.635714632561306000e+09;4.635695095283308029e+09;4.635674842538722992e+09;4.635653848624920845e+09;4.635632086951287270e+09;4.635609530010963440e+09;4.635586149351909637e+09;4.635561915547142029e+09;4.635536798164318085e+09;4.635510765734463692e+09;4.635483785720029831e+09;4.635455824482109070e+09;4.635426847246887207e+09;4.635396818071377754e+09;4.635365699808281898e+09;4.635333454070143700e+09;4.635300041192651749e+09;4.635265420197239876e+09;4.635229548752795219e+09;4.635192383136729240e+09;4.635153878195093155e+09;4.635113987302128792e+09;4.635072662318859100e+09;4.635029853551038742e+09;4.634985509706366539e+09;4.634939577850888252e+09;4.634892003364709854e+09;4.634842729897062302e+09;4.634791699320560455e+09;4.634738851684897423e+09;4.634684125169830322e+09;4.634627456037536621e+09
4.626492020986962318e+09;4.626491450775011063e+09;4.626490859292032242e+09;4.626490245745014191e+09;4.626489609311403275e+09;4.626488949138043404e+09;4.626488264339980125e+09;4.626487553999337196e+09;4.626486817164074898e+09;4.626486052846707344e+09;4.626485260023013115e+09;4.626484437630651474e+09;4.626483584567750931e+09;4.626482699691450119e+09;4.626481781816388130e+09;4.626480829713108063e+09;4.626479842106425285e+09;4.626478817673748016e+09;4.626477755043315887e+09;4.626476652792375565e+09;4.626475509445291519e+09;4.626474323471587181e+09;4.626473093283941269e+09;4.626471817236047745e+09;4.626470493620466232e+09;4.626469120666344643e+09;4.626467696537069321e+09;4.626466219327899933e+09;4.626464687063339233e+09;4.626463097694638252e+09;4.626461449097024918e+09;4.626459739066926956e+09;4.626457965319080353e+09;4.626456125483474731e+09;4.626454217102272987e+09;4.626452237626582146e+09;4.626450184413107872e+09;4.626448054720638275e+09;4.626445845706502914e+09;4.626443554422817230e+09;4.626441177812652588e+09;4.626438712705997467e+09;4.626436155815652847e+09;4.626433503732901573e+09;4.626430752923126221e+09;4.626427899721137047e+09;4.626424940326447487e+09;4.626421870798318863e+09;4.626418687050648689e+09;4.626415384846675873e+09;4.626411959793484688e+09;4.626408407336352348e+09;4.626404722752848625e+09;4.626400901146740913e+09;4.626396937441708565e+09;4.626392826374832153e+09;4.626388562489792824e+09;4.626384140129936218e+09;4.626379553430994987e+09;4.626374796313667297e+09;4.626369862475783348e+09;4.626364745384374619e+09;4.626359438267318726e+09;4.626353934104835510e+09;4.626348225620550156e+09;4.626342305272355080e+09;4.626336165242900848e+09;4.626329797429821968e+09;4.626323193435572624e+09;4.626316344556951523e+09;4.626309241774233818e+09;4.626301875740010262e+09;4.626294236767634392e+09;4.626286314819170952e+09;4.626278099493166924e+09;4.626269580011796951e+09;4.626260745207715988e+09;4.626251583510450363e+09;4.626242082932373047e+09;4.626232231054166794e+09;4.626222015009858131e+09;4.626211421471391678e+09;4.626200436632691383e+09;4.626189046193199158e+09;4.626177235340929031e+09;4.626164988735038757e+09;4.626152290487703323e+09;4.626139124145642281e+09;4.626125472670930862e+09;4.626111318421272278e+09;4.626096643129736900e+09;4.626081427883794785e+09;4.626065653103818893e+09;4.626049298520918846e+09;4.626032343154146194e+09;4.626014765287042618e+09;4.625996542443516731e+09;4.625977651363061905e+09;4.625958067975275993e+09;4.625937767373682022e+09;4.625916723788818359e+09;4.625894910560694695e+09;4.625872300110365868e+09;4.625848863910943985e+09;4.625824572457726479e+09;4.625799395237639427e+09;4.625773300697917938e+09;4.625746256213949203e+09;4.625718228056462288e+09;4.625689181357801437e+09;4.625659080077567101e+09;4.625627886967301369e+09;4.625595563534560204e+09;4.625562070006038666e+09;4.625527365290019989e+09;4.625491406938001633e+09;4.625454151105533600e+09;4.625415552512231827e+09;4.625375564401146889e+09;4.625334138497200966e+09;4.625291224964996338e+09;4.625246772365818024e+09;4.625200727613874435e+09;4.625153035931874275e+09;4.625103640805864334e+09;4.625052483939332962e+09;4.624999505206739426e+09;4.624944642606282234e+09
4.616761208503614426e+09;4.616760657625346184e+09;4.616760086196787834e+09;4.616759493451774597e+09;4.616758878595579147e+09;4.616758240803895950e+09;4.616757579221719742e+09;4.616756892962227821e+09;4.616756181105561256e+09;4.616755442697638512e+09;4.616754676748867989e+09;4.616753882232817650e+09;4.616753058084877014e+09;4.616752203200805664e+09;4.616751316435297966e+09;4.616750396600437164e+09;4.616749442464129448e+09;4.616748452748455048e+09;4.616747426127978325e+09;4.616746361227983475e+09;4.616745256622667313e+09;4.616744110833214760e+09;4.616742922325865746e+09;4.616741689509865761e+09;4.616740410735384941e+09;4.616739084291292191e+09;4.616737708402921677e+09;4.616736281229722023e+09;4.616734800862794876e+09;4.616733265322438240e+09;4.616731672555447578e+09;4.616730020432468414e+09;4.616728306745180130e+09;4.616726529203346252e+09;4.616724685431870461e+09;4.616722772967597008e+09;4.616720789256089211e+09;4.616718731648323059e+09;4.616716597397171974e+09;4.616714383653787613e+09;4.616712087463891029e+09;4.616709705763909340e+09;4.616707235376947403e+09;4.616704673008657455e+09;4.616702015242903709e+09;4.616699258537386894e+09;4.616696399218893051e+09;4.616693433478680611e+09;4.616690357367385864e+09;4.616687166789984703e+09;4.616683857500453949e+09;4.616680425096262932e+09;4.616676865012712479e+09;4.616673172516995430e+09;4.616669342702149391e+09;4.616665370480687141e+09;4.616661250578104973e+09;4.616656977526082993e+09;4.616652545655471802e+09;4.616647949089079857e+09;4.616643181734133720e+09;4.616638237274540901e+09;4.616633109162830353e+09;4.616627790611873627e+09;4.616622274586265564e+09;4.616616553793439865e+09;4.616610620674460411e+09;4.616604467394551277e+09;4.616598085833216667e+09;4.616591467574079514e+09;4.616584603894420624e+09;4.616577485754236221e+09;4.616570103785064697e+09;4.616562448278404236e+09;4.616554509173628807e+09;4.616546276045710564e+09;4.616537738092354774e+09;4.616528884120827675e+09;4.616519702534268379e+09;4.616510181317660332e+09;4.616500308023239136e+09;4.616490069755497932e+09;4.616479453155711174e+09;4.616468444385935783e+09;4.616457029112541199e+09;4.616445192489197731e+09;4.616432919139373779e+09;4.616420193138198853e+09;4.616406997993910789e+09;4.616393316628611565e+09;4.616379131358490944e+09;4.616364423873511314e+09;4.616349175216358185e+09;4.616333365760900497e+09;4.616316975189939499e+09;4.616299982472334862e+09;4.616282365839538574e+09;4.616264102761301994e+09;4.616245169920915604e+09;4.616225543189558983e+09;4.616205197600094795e+09;4.616184107320095062e+09;4.616162245624073029e+09;4.616139584865156174e+09;4.616116096445866585e+09;4.616091750788178444e+09;4.616066517302882195e+09;4.616040364358111382e+09;4.616013259247170448e+09;4.615985168155494690e+09;4.615956056126896858e+09;4.615925887029012680e+09;4.615894623517949104e+09;4.615862227002116203e+09;4.615828657605346680e+09;4.615793874129133224e+09;4.615757834014107704e+09;4.615720493300766945e+09;4.615681806589368820e+09;4.615641726999060631e+09;4.615600206126260757e+09;4.615557194002270699e+09;4.615512639050089836e+09;4.615466488040549278e+09;4.615418686047703743e+09;4.615369176403480530e+09;4.615317900651661873e+09;4.615264798501195908e+09
4.607036779233263969e+09;4.607036247114144325e+09;4.607035695144102097e+09;4.607035122583012581e+09;4.607034528663149834e+09;4.607033912588217735e+09;4.607033273532278061e+09;4.607032610638620377e+09;4.607031923018651962e+09;4.607031209750689507e+09;4.607030469878742218e+09;4.607029702411255836e+09;4.607028906319749832e+09;4.607028080537476540e+09;4.607027223958019257e+09;4.607026335433784485e+09;4.607025413774461746e+09;4.607024457745517731e+09;4.607023466066484451e+09;4.607022437409276009e+09;4.607021370396431923e+09;4.607020263599287033e+09;4.607019115536087990e+09;4.607017924670011520e+09;4.607016689407109261e+09;4.607015408094246864e+09;4.607014079016876221e+09;4.607012700396780014e+09;4.607011270389712334e+09;4.607009787082972527e+09;4.607008248492843628e+09;4.607006652562039375e+09;4.607004997156934738e+09;4.607003280064757347e+09;4.607001498990683556e+09;4.606999651554815292e+09;4.606997735289061546e+09;4.606995747633864403e+09;4.606993685934850693e+09;4.606991547439343452e+09;4.606989329292765617e+09;4.606987028534881592e+09;4.606984642095926285e+09;4.606982166792600632e+09;4.606979599323864937e+09;4.606976936266713142e+09;4.606974174071629524e+09;4.606971309058009148e+09;4.606968337409332275e+09;4.606965255168258667e+09;4.606962058231419563e+09;4.606958742344168663e+09;4.606955303095007896e+09;4.606951735909935951e+09;4.606948036046498299e+09;4.606944198587703705e+09;4.606940218435679436e+09;4.606936090305118561e+09;4.606931808716483116e+09;4.606927367989013672e+09;4.606922762233436584e+09;4.606917985344457626e+09;4.606913030992953300e+09;4.606907892617976189e+09;4.606902563418364525e+09;4.606897036344156265e+09;4.606891304087688446e+09;4.606885359074356079e+09;4.606879193453076363e+09;4.606872799086441040e+09;4.606866167540555000e+09;4.606859290074451447e+09;4.606852157629218102e+09;4.606844760816752434e+09;4.606837089908138275e+09;4.606829134821591377e+09;4.606820885110074043e+09;4.606812329948463440e+09;4.606803458120295525e+09;4.606794258004108429e+09;4.606784717559295654e+09;4.606774824311529160e+09;4.606764565337719917e+09;4.606753927250507355e+09;4.606742896182195663e+09;4.606731457768248558e+09;4.606719597130253792e+09;4.606707298858318329e+09;4.606694546992980003e+09;4.606681325006496429e+09;4.606667615783622742e+09;4.606653401601752281e+09;4.606638664110547066e+09;4.606623384310817719e+09;4.606607542532946587e+09;4.606591118414564133e+09;4.606574090877609253e+09;4.606556438104769707e+09;4.606538137515186310e+09;4.606519165739511490e+09;4.606499498594309807e+09;4.606479111055665970e+09;4.606457977232179642e+09;4.606436070337141037e+09;4.606413362660025597e+09;4.606389825537270546e+09;4.606365429322203636e+09;4.606340143354311943e+09;4.606313935927671432e+09;4.606286774258659363e+09;4.606258624452832222e+09;4.606229451471026421e+09;4.606199219094742775e+09;4.606167889890614510e+09;4.606135425174182892e+09;4.606101784972838402e+09;4.606066927987957001e+09;4.606030811556241989e+09;4.605993391610344887e+09;4.605954622638561249e+09;4.605914457643899918e+09;4.605872848102258682e+09;4.605829743919907570e+09;4.605785093390166283e+09;4.605738843149397850e+09;4.605690938132219315e+09;4.605641321526000977e+09;4.605589934724729538e+09
4.597320684883032799e+09;4.597320170965982437e+09;4.597319637876638412e+09;4.597319084900137901e+09;4.597318511294981956e+09;4.597317916292060852e+09;4.597317299093614578e+09;4.597316658872180939e+09;4.597315994769493103e+09;4.597315305895320892e+09;4.597314591326300621e+09;4.597313850104685783e+09;4.597313081237103462e+09;4.597312283693187714e+09;4.597311456404235840e+09;4.597310598261792183e+09;4.597309708116164207e+09;4.597308784774858475e+09;4.597307827001077652e+09;4.597306833511978149e+09;4.597305802977061272e+09;4.597304734016325951e+09;4.597303625198477745e+09;4.597302475039031029e+09;4.597301281998340607e+09;4.597300044479526520e+09;4.597298760826411247e+09;4.597297429321278572e+09;4.597296048182631493e+09;4.597294615562851906e+09;4.597293129545662880e+09;4.597291588143732071e+09;4.597289989295951843e+09;4.597288330864752769e+09;4.597286610633264542e+09;4.597284826302437782e+09;4.597282975487973213e+09;4.597281055717198372e+09;4.597279064425803185e+09;4.597276998954500198e+09;4.597274856545516968e+09;4.597272634338972092e+09;4.597270329369127274e+09;4.597267938560512543e+09;4.597265458723887444e+09;4.597262886552103043e+09;4.597260218615745544e+09;4.597257451358692169e+09;4.597254581093455315e+09;4.597251603996399879e+09;4.597248516102771759e+09;4.597245313301543236e+09;4.597241991330065727e+09;4.597238545768595695e+09;4.597234972034521103e+09;4.597231265376494408e+09;4.597227420868267059e+09;4.597223433402354240e+09;4.597219297683480263e+09;4.597215008221772194e+09;4.597210559325718880e+09;4.597205945094907761e+09;4.597201159412446022e+09;4.597196195937219620e+09;4.597191048095796585e+09;4.597185709074063301e+09;4.597180171808611870e+09;4.597174428977828979e+09;4.597168472992601395e+09;4.597162295986805916e+09;4.597155889807415962e+09;4.597149246004308701e+09;4.597142355819654465e+09;4.597135210177077293e+09;4.597127799670310974e+09;4.597120114551549911e+09;4.597112144719449997e+09;4.597103879706624031e+09;4.597095308666822433e+09;4.597086420361655235e+09;4.597077203146862984e+09;4.597067644958179474e+09;4.597057733296704292e+09;4.597047455213827133e+09;4.597036797295658112e+09;4.597025745646964073e+09;4.597014285874607086e+09;4.597002403070457458e+09;4.596990081793759346e+09;4.596977306052969933e+09;4.596964059287058830e+09;4.596950324346142769e+09;4.596936083471709251e+09;4.596921318276027679e+09;4.596906009721138000e+09;4.596890138097105026e+09;4.596873682999675751e+09;4.596856623307287216e+09;4.596838937157412529e+09;4.596820601922228813e+09;4.596801594183591843e+09;4.596781889707373619e+09;4.596761463416999817e+09;4.596740289366315842e+09;4.596718340711791992e+09;4.596695589683831215e+09;4.596672007557493210e+09;4.596647564622366905e+09;4.596622230151719093e+09;4.596595972370828629e+09;4.596568758424612045e+09;4.596540554344399452e+09;4.596511325013942719e+09;4.596481034134653091e+09;4.596449644190028191e+09;4.596417116409235001e+09;4.596383410730007172e+09;4.596348485760623932e+09;4.596312298741155624e+09;4.596274805503895760e+09;4.596235960433042526e+09;4.596195716423530579e+09;4.596154024839112282e+09;4.596110835469758034e+09;4.596066096488101959e+09;4.596019754405360222e+09;4.595971754026396751e+09;4.595922038404040337e+09
4.587614846502343178e+09;4.587614350246752739e+09;4.587613835477363586e+09;4.587613301503867149e+09;4.587612747610174179e+09;4.587612173053561211e+09;4.587611577063645363e+09;4.587610958841329575e+09;4.587610317557767868e+09;4.587609652353279114e+09;4.587608962336128235e+09;4.587608246581428528e+09;4.587607504129828453e+09;4.587606733986294746e+09;4.587605935118743896e+09;4.587605106456701279e+09;4.587604246889855385e+09;4.587603355266565323e+09;4.587602430392393112e+09;4.587601471028443336e+09;4.587600475889732361e+09;4.587599443643535614e+09;4.587598372907546997e+09;4.587597262248073578e+09;4.587596110178152084e+09;4.587594915155550003e+09;4.587593675580717087e+09;4.587592389794687271e+09;4.587591056076886177e+09;4.587589672642819405e+09;4.587588237641735077e+09;4.587586749154182434e+09;4.587585205189475060e+09;4.587583603683033943e+09;4.587581942493700027e+09;4.587580219400871277e+09;4.587578432101626396e+09;4.587576578207635880e+09;4.587574655242081642e+09;4.587572660636308670e+09;4.587570591726558685e+09;4.587568445750379562e+09;4.587566219843070030e+09;4.587563911033857346e+09;4.587561516242080688e+09;4.587559032273082733e+09;4.587556455814123154e+09;4.587553783429950714e+09;4.587551011558405876e+09;4.587548136505725861e+09;4.587545154441777229e+09;4.587542061395058632e+09;4.587538853247498512e+09;4.587535525729202271e+09;4.587532074412859917e+09;4.587528494708032608e+09;4.587524781855211258e+09;4.587520930919709206e+09;4.587516936785280228e+09;4.587512794147541046e+09;4.587508497507155418e+09;4.587504041162816048e+09;4.587499419203917503e+09;4.587494625502998352e+09;4.587489653707969666e+09;4.587484497233977318e+09;4.587479149255096436e+09;4.587473602695625305e+09;4.587467850221180916e+09;4.587461884229415894e+09;4.587455696840450287e+09;4.587449279886961937e+09;4.587442624904012680e+09;4.587435723118357658e+09;4.587428565437619209e+09;4.587421142438915253e+09;4.587413444357204437e+09;4.587405461073204041e+09;4.587397182100926399e+09;4.587388596574783325e+09;4.587379693236310959e+09;4.587370460420400620e+09;4.587360886041110992e+09;4.587350957577044487e+09;4.587340662056201935e+09;4.587329986040428162e+09;4.587318915609240532e+09;4.587307436343307495e+09;4.587295533307263374e+09;4.587283191032061577e+09;4.587270393496767998e+09;4.587257124109802246e+09;4.587243365689586639e+09;4.587229100444603920e+09;4.587214309952869415e+09;4.587198975140835762e+09;4.587183076261578560e+09;4.587166592872408867e+09;4.587149503811827660e+09;4.587131787175799370e+09;4.587113420293379784e+09;4.587094379701607704e+09;4.587074641119778633e+09;4.587054179422937393e+09;4.587032968614638329e+09;4.587010981799081802e+09;4.586988191152383804e+09;4.586964567893180847e+09;4.586940082252449036e+09;4.586914703442512512e+09;4.586888399625370979e+09;4.586861137880200386e+09;4.586832884169990540e+09;4.586803603307541847e+09;4.586773258920536995e+09;4.586741813415896416e+09;4.586709227943264961e+09;4.586675462357774734e+09;4.586640475181943893e+09;4.586604223566764832e+09;4.586566663252097130e+09;4.586527748526150703e+09;4.586487432184243202e+09;4.586445665486770630e+09;4.586402398116405487e+09;4.586357578134544373e+09;4.586311151936984062e+09;4.586263064208901405e+09
4.577921146099862099e+09;4.577920666980729103e+09;4.577920169986776352e+09;4.577919654451464653e+09;4.577919119683397293e+09;4.577918564965468407e+09;4.577917989553820610e+09;4.577917392676923752e+09;4.577916773534476280e+09;4.577916131296428680e+09;4.577915465101758003e+09;4.577914774057444572e+09;4.577914057237186432e+09;4.577913313680220604e+09;4.577912542389996529e+09;4.577911742332901001e+09;4.577910912436852455e+09;4.577910051589863777e+09;4.577909158638603210e+09;4.577908232386800766e+09;4.577907271593713760e+09;4.577906274972448349e+09;4.577905241188257217e+09;4.577904168856762886e+09;4.577903056542134285e+09;4.577901902755149841e+09;4.577900705951269150e+09;4.577899464528528214e+09;4.577898176825477600e+09;4.577896841118941307e+09;4.577895455621736526e+09;4.577894018480326653e+09;4.577892527772373199e+09;4.577890981504165649e+09;4.577889377608016014e+09;4.577887713939530373e+09;4.577885988274766922e+09;4.577884198307300568e+09;4.577882341645193100e+09;4.577880415807862282e+09;4.577878418222796440e+09;4.577876346222157478e+09;4.577874197039314270e+09;4.577871967805218697e+09;4.577869655544576645e+09;4.577867257172051430e+09;4.577864769488108635e+09;4.577862189174950600e+09;4.577859512792102814e+09;4.577856736771962166e+09;4.577853857415117264e+09;4.577850870885581017e+09;4.577847773205738068e+09;4.577844560251253128e+09;4.577841227745655060e+09;4.577837771254817009e+09;4.577834186181236267e+09;4.577830467758108139e+09;4.577826611043095589e+09;4.577822610912065506e+09;4.577818462052427292e+09;4.577814158956338882e+09;4.577809695913631439e+09;4.577805067004524231e+09;4.577800266092029572e+09;4.577795286814147949e+09;4.577790122575760841e+09;4.577784766540260315e+09;4.577779211620874405e+09;4.577773450471698761e+09;4.577767475478433609e+09;4.577761278748796463e+09;4.577754852102569580e+09;4.577748187061415672e+09;4.577741274838215828e+09;4.577734106326119423e+09;4.577726672087261200e+09;4.577718962341010094e+09;4.577710966951895714e+09;4.577702675417139053e+09;4.577694076853660583e+09;4.577685159984865189e+09;4.577675913126795769e+09;4.577666324173920631e+09;4.577656380584487915e+09;4.577646069365384102e+09;4.577635377056461334e+09;4.577624289714447021e+09;4.577612792896262169e+09;4.577600871641908646e+09;4.577588510456744194e+09;4.577575693293211937e+09;4.577562403532087326e+09;4.577548623963033676e+09;4.577534336764667511e+09;4.577519523483984947e+09;4.577504165015156746e+09;4.577488241577729225e+09;4.577471732694156647e+09;4.577454617166721344e+09;4.577436873053735733e+09;4.577418477645120621e+09;4.577399407437246323e+09;4.577379638107125282e+09;4.577359144485849380e+09;4.577337900531303406e+09;4.577315879300210953e+09;4.577293052919347763e+09;4.577269392556070328e+09;4.577244868388035774e+09;4.577219449572181702e+09;4.577193104212944984e+09;4.577165799329651833e+09;4.577137500823143959e+09;4.577108173441605568e+09;4.577077780745624542e+09;4.577046285072352409e+09;4.577013647499015808e+09;4.576979827805490494e+09;4.576944784436122894e+09;4.576908474460765839e+09;4.576870853534955978e+09;4.576831875859421730e+09;4.576791494138630867e+09;4.576749659538694382e+09;4.576706321644454002e+09;4.576661428415774345e+09;4.576614926143158913e+09
4.568241418696540833e+09;4.568240956203680038e+09;4.568240476455971718e+09;4.568239978809959412e+09;4.568239462598217010e+09;4.568238927128465652e+09;4.568238371682630539e+09;4.568237795515872002e+09;4.568237197855643272e+09;4.568236577900602341e+09;4.568235934819571495e+09;4.568235267750429153e+09;4.568234575798960686e+09;4.568233858037645340e+09;4.568233113504430771e+09;4.568232341201478004e+09;4.568231540093791962e+09;4.568230709107879639e+09;4.568229847130282402e+09;4.568228953006128311e+09;4.568228025537587166e+09;4.568227063482266426e+09;4.568226065551549911e+09;4.568225030408942223e+09;4.568223956668227196e+09;4.568222842891659737e+09;4.568221687588056564e+09;4.568220489210804939e+09;4.568219246155850410e+09;4.568217956759508133e+09;4.568216619296303749e+09;4.568215231976696014e+09;4.568213792944682121e+09;4.568212300275356293e+09;4.568210751972333908e+09;4.568209145965218544e+09;4.568207480106712341e+09;4.568205752169911385e+09;4.568203959845316887e+09;4.568202100737792969e+09;4.568200172363445282e+09;4.568198172146301270e+09;4.568196097414957047e+09;4.568193945399090767e+09;4.568191713225761414e+09;4.568189397915722847e+09;4.568186996379443169e+09;4.568184505413131714e+09;4.568181921694491386e+09;4.568179241778414726e+09;4.568176462092481613e+09;4.568173578932286263e+09;4.568170588456649780e+09;4.568167486682577133e+09;4.568164269480131149e+09;4.568160932567028999e+09;4.568157471503140450e+09;4.568153881684697151e+09;4.568150158338375092e+09;4.568146296515124321e+09;4.568142291083790779e+09;4.568138136724518776e+09;4.568133827921905518e+09;4.568129358957957268e+09;4.568124723904744148e+09;4.568119916616822243e+09;4.568114930723418236e+09;4.568109759620293617e+09;4.568104396461375237e+09;4.568098834150047302e+09;4.568093065330199242e+09;4.568087082376923561e+09;4.568080877386904716e+09;4.568074442168505669e+09;4.568067768231468201e+09;4.568060846776333809e+09;4.568053668683439255e+09;4.568046224501574516e+09;4.568038504436251640e+09;4.568030498337640762e+09;4.568022195687956810e+09;4.568013585588665009e+09;4.568004656746967316e+09;4.567995397462153435e+09;4.567985795611274719e+09;4.567975838634468079e+09;4.567965513519785881e+09;4.567954806787524223e+09;4.567943704474077225e+09;4.567932192115230560e+09;4.567920254729041100e+09;4.567907876798013687e+09;4.567895042250882149e+09;4.567881734443733215e+09;4.567867936140601158e+09;4.567853629493446350e+09;4.567838796021530151e+09;4.567823416590251923e+09;4.567807471389162064e+09;4.567790939909598351e+09;4.567773800921462059e+09;4.567756032449388504e+09;4.567737611748311996e+09;4.567718515278216362e+09;4.567698718678274155e+09;4.567678196740218163e+09;4.567656923381057739e+09;4.567634871614991188e+09;4.567612013524554253e+09;4.567588320231160164e+09;4.567563761864667892e+09;4.567538307532320023e+09;4.567511925286914825e+09;4.567484582094088554e+09;4.567456243798860550e+09;4.567426875091423035e+09;4.567396439472043991e+09;4.567364899215240479e+09;4.567332215333126068e+09;4.567298347537929535e+09;4.567263254203695297e+09;4.567226892327274323e+09;4.567189217488389969e+09;4.567150183808999062e+09;4.567109743911798477e+09;4.567067848878035545e+09;4.567024448204406738e+09;4.566979489759395599e+09
4.558577444858494759e+09;4.558576998495821953e+09;4.558576535479795456e+09;4.558576055189366341e+09;4.558575556980351448e+09;4.558575040184571266e+09;4.558574504108953476e+09;4.558573948034603119e+09;4.558573371215848923e+09;4.558572772879252434e+09;4.558572152222556114e+09;4.558571508413659096e+09;4.558570840589434624e+09;4.558570147854647636e+09;4.558569429280724525e+09;4.558568683904537201e+09;4.558567910727084160e+09;4.558567108712206841e+09;4.558566276785159111e+09;4.558565413831246376e+09;4.558564518694260597e+09;4.558563590175004959e+09;4.558562627029656410e+09;4.558561627968143463e+09;4.558560591652433395e+09;4.558559516694722176e+09;4.558558401655615807e+09;4.558557245042229652e+09;4.558556045306183815e+09;4.558554800841561317e+09;4.558553509982790947e+09;4.558552171002408028e+09;4.558550782108816147e+09;4.558549341443877220e+09;4.558547847080474854e+09;4.558546297019934654e+09;4.558544689189446449e+09;4.558543021439269066e+09;4.558541291539915085e+09;4.558539497179225922e+09;4.558537635959297180e+09;4.558535705393358231e+09;4.558533702902448654e+09;4.558531625812086105e+09;4.558529471348731041e+09;4.558527236636116982e+09;4.558524918691508293e+09;4.558522514421818733e+09;4.558520020619502068e+09;4.558517433958408356e+09;4.558514750989394188e+09;4.558511968135886192e+09;4.558509081689141273e+09;4.558506087803474426e+09;4.558502982491236687e+09;4.558499761617625237e+09;4.558496420895346642e+09;4.558492955879028320e+09;4.558489361959486008e+09;4.558485634357748985e+09;4.558481768118933678e+09;4.558477758105802536e+09;4.558473598992189407e+09;4.558469285256137848e+09;4.558464811172866821e+09;4.558460170807344437e+09;4.558455358006818771e+09;4.558450366392868996e+09;4.558445189353350639e+09;4.558439820033950806e+09;4.558434251329526901e+09;4.558428475875072479e+09;4.558422486036452293e+09;4.558416273900797844e+09;4.558409831266489983e+09;4.558403149632940292e+09;4.558396220189929008e+09;4.558389033806626320e+09;4.558381581020215988e+09;4.558373852024168968e+09;4.558365836656092644e+09;4.558357524385207176e+09;4.558348904299393654e+09;4.558339965091826439e+09;4.558330695047135353e+09;4.558321082027191162e+09;4.558311113456315041e+09;4.558300776306118965e+09;4.558290057079823494e+09;4.558278941796060562e+09;4.558267415972168922e+09;4.558255464606973648e+09;4.558243072163037300e+09;4.558230222548327446e+09;4.558216899097334862e+09;4.558203084551658630e+09;4.558188761039907455e+09;4.558173910057070732e+09;4.558158512443280220e+09;4.558142548361837387e+09;4.558125997276748657e+09;4.558108837929520607e+09;4.558091048315242767e+09;4.558072605658094406e+09;4.558053486386091232e+09;4.558033666105151176e+09;4.558013119572438240e+09;4.557991820668950081e+09;4.557969742371479034e+09;4.557946856723648071e+09;4.557923134806342125e+09;4.557898546707336426e+09;4.557873061490097046e+09;4.557846647161842346e+09;4.557819270640849113e+09;4.557790897722886086e+09;4.557761493046928406e+09;4.557731020059977531e+09;4.557699440981203079e+09;4.557666716765165329e+09;4.557632807064249992e+09;4.557597670190354347e+09;4.557561263075711250e+09;4.557523541232929230e+09;4.557484458714222908e+09;4.557443968069885254e+09;4.557402020305938721e+09;4.557358564841027260e+09
4.548930943748700142e+09;4.548930513033543587e+09;4.548930066248556137e+09;4.548929602794420242e+09;4.548929122049527168e+09;4.548928623369052887e+09;4.548928106084189415e+09;4.548927569501203537e+09;4.548927012900523186e+09;4.548926435535754204e+09;4.548925836632740974e+09;4.548925215388453484e+09;4.548924570969977379e+09;4.548923902513387680e+09;4.548923209122595787e+09;4.548922489868124008e+09;4.548921743785935402e+09;4.548920969876073837e+09;4.548920167101390839e+09;4.548919334386116982e+09;4.548918470614481926e+09;4.548917574629178047e+09;4.548916645229849815e+09;4.548915681171508789e+09;4.548914681162827492e+09;4.548913643864501953e+09;4.548912567887383461e+09;4.548911451790702820e+09;4.548910294080147743e+09;4.548909093205846786e+09;4.548907847560334206e+09;4.548906555476442337e+09;4.548905215225048065e+09;4.548903825012824059e+09;4.548902382979838371e+09;4.548900887197108269e+09;4.548899335664065361e+09;4.548897726305855751e+09;4.548896056970682144e+09;4.548894325426897049e+09;4.548892529360088348e+09;4.548890666370055199e+09;4.548888733967578888e+09;4.548886729571230888e+09;4.548884650503898621e+09;4.548882493989359856e+09;4.548880257148530960e+09;4.548877936995800972e+09;4.548875530435020447e+09;4.548873034255537987e+09;4.548870445127920151e+09;4.548867759599677086e+09;4.548864974090699196e+09;4.548862084888609886e+09;4.548859088143935204e+09;4.548855979865094185e+09;4.548852755913214684e+09;4.548849411996751785e+09;4.548845943665939331e+09;4.548842346307018280e+09;4.548838615136281967e+09;4.548834745193888664e+09;4.548830731337493896e+09;4.548826568235622406e+09;4.548822250360781670e+09;4.548817771982438087e+09;4.548813127159613609e+09;4.548808309733343124e+09;4.548803313318786621e+09;4.548798131297087669e+09;4.548792756807001114e+09;4.548787182736141205e+09;4.548781401712031364e+09;4.548775406092705727e+09;4.548769187957196236e+09;4.548762739095471382e+09;4.548756050998171806e+09;4.548749114845987320e+09;4.548741921498626709e+09;4.548734461483432770e+09;4.548726724983655930e+09;4.548718701826277733e+09;4.548710381469462395e+09;4.548701752989603996e+09;4.548692805067922592e+09;4.548683525976642609e+09;4.548673903564685822e+09;4.548663925242946625e+09;4.548653577969077110e+09;4.548642848231748581e+09;4.548631722034477234e+09;4.548620184878861427e+09;4.548608221747388840e+09;4.548595817085593224e+09;4.548582954783721924e+09;4.548569618157862663e+09;4.548555789930442810e+09;4.548541452210123062e+09;4.548526586471143723e+09;4.548511173532031059e+09;4.548495193533630371e+09;4.548478625916571617e+09;4.548461449397985458e+09;4.548443641947676659e+09;4.548425180763444901e+09;4.548406042245887756e+09;4.548386201972362518e+09;4.548365634670323372e+09;4.548344314189855576e+09;4.548322213475543976e+09;4.548299304537539482e+09;4.548275558421861649e+09;4.548250945180014610e+09;4.548225433837701797e+09;4.548198992362880707e+09;4.548171587632941246e+09;4.548143185401129723e+09;4.548113750262156487e+09;4.548083245617033958e+09;4.548051633637041092e+09;4.548018875226925850e+09;4.547984929987314224e+09;4.547949756176255226e+09;4.547913310669994354e+09;4.547875548922961235e+09;4.547836424926894188e+09;4.547795891169256210e+09;4.547753898590808868e+09
4.539303566729943275e+09;4.539303151192480087e+09;4.539302720151200294e+09;4.539302273027892113e+09;4.539301809222797394e+09;4.539301328113806725e+09;4.539300829055632591e+09;4.539300311378938675e+09;4.539299774389478683e+09;4.539299217367120743e+09;4.539298639564906120e+09;4.539298040208069801e+09;4.539297418492998123e+09;4.539296773586121559e+09;4.539296104622859955e+09;4.539295410706430435e+09;4.539294690906669617e+09;4.539293944258770943e+09;4.539293169762028694e+09;4.539292366378498077e+09;4.539291533031594276e+09;4.539290668604675293e+09;4.539289771939554214e+09;4.539288841834959984e+09;4.539287877044922829e+09;4.539286876277157784e+09;4.539285838191300392e+09;4.539284761397149086e+09;4.539283644452830315e+09;4.539282485862857819e+09;4.539281284076177597e+09;4.539280037484094620e+09;4.539278744418134689e+09;4.539277403147856712e+09;4.539276011878525734e+09;4.539274568748783112e+09;4.539273071828153610e+09;4.539271519114499092e+09;4.539269908531375885e+09;4.539268237925299644e+09;4.539266505062890053e+09;4.539264707627955437e+09;4.539262843218382835e+09;4.539260909343039513e+09;4.539258903418467522e+09;4.539256822765475273e+09;4.539254664605644226e+09;4.539252426057654381e+09;4.539250104133524895e+09;4.539247695734695435e+09;4.539245197647965431e+09;4.539242606541299820e+09;4.539239918959464073e+09;4.539237131319510460e+09;4.539234239906135559e+09;4.539231240866813660e+09;4.539228130206776619e+09;4.539224903783858299e+09;4.539221557303092957e+09;4.539218086311157227e+09;4.539214486190591812e+09;4.539210752153843880e+09;4.539206879237100601e+09;4.539202862293860435e+09;4.539198695988324165e+09;4.539194374788547516e+09;4.539189892959337234e+09;4.539185244554879189e+09;4.539180423411181450e+09;4.539175423138178825e+09;4.539170237111600876e+09;4.539164858464541435e+09;4.539159280078766823e+09;4.539153494575668335e+09;4.539147494306984901e+09;4.539141271345109940e+09;4.539134817473182678e+09;4.539128124174712181e+09;4.539121182622967720e+09;4.539113983669941902e+09;4.539106517834969521e+09;4.539098775292943001e+09;4.539090745862180710e+09;4.539082418991817474e+09;4.539073783748843193e+09;4.539064828804711342e+09;4.539055542421479225e+09;4.539045912437489510e+09;4.539035926252622604e+09;4.539025570813071251e+09;4.539014832595576286e+09;4.539003697591231346e+09;4.538992151288737297e+09;4.538980178657100677e+09;4.538967764127862930e+09;4.538954891576700211e+09;4.538941544304509163e+09;4.538927705017897606e+09;4.538913355809077263e+09;4.538898478135150909e+09;4.538883052796789169e+09;4.538867059916260719e+09;4.538850478914807320e+09;4.538833288489431381e+09;4.538815466588901520e+09;4.538796990389167786e+09;4.538777836268036842e+09;4.538757979779111862e+09;4.538737395625149727e+09;4.538716057630486488e+09;4.538693938712892532e+09;4.538671010854555130e+09;4.538647245072437286e+09;4.538622611387706757e+09;4.538597078794520378e+09;4.538570615227972984e+09;4.538543187531211853e+09;4.538514761421857834e+09;4.538485301457518578e+09;4.538454771000546455e+09;4.538423132182022095e+09;4.538390345864841461e+09;4.538356371606059074e+09;4.538321167618408203e+09;4.538284690730984688e+09;4.538246896349168777e+09;4.538207738413707733e+09;4.538167169359042168e+09
