2.965362336718997452e+06;3.186813412740867585e+06;3.424653164949730970e+06;3.680078180633374490e+06;3.954370668572758790e+06;4.248904402383480221e+06;4.565151057627034374e+06;4.904686966913170181e+06;5.269200318518068641e+06;5.660498825408976525e+06;6.080517892979645170e+06;6.531329315273930319e+06;7.015150531000350602e+06;7.534354472219627351e+06;8.091480040225284174e+06;8.689243244824264199e+06;9.330549044968748465e+06;1.001850393048570119e+07;1.075642928649287671e+07;1.154787558399307542e+07;1.239663744206922315e+07;1.330676960910072364e+07;1.428260391243820079e+07;1.532876722804872878e+07;1.645020052373588085e+07;1.765217903167390451e+07;1.894033360814069957e+07;2.032067334051655978e+07;2.179960946379147843e+07;2.338398065101500973e+07;2.508107974431888387e+07;2.689868199530714378e+07;2.884507488577748463e+07;3.092908960186088085e+07;3.316013423675445467e+07;3.554822879926319420e+07;3.810404210733208060e+07;4.083893064764123410e+07;4.376497948414587229e+07;4.689504530012056231e+07;5.024280165982042253e+07;5.382278657731820643e+07;5.765045248127131909e+07;6.174221866546905786e+07;6.611552631583055109e+07;7.078889620511022210e+07;7.578198914692233503e+07;8.111566930067279935e+07;8.681207041871114075e+07;9.289466512629336119e+07;9.938833732383964956e+07;1.063194577994378805e+08;1.137159631373850852e+08;1.216074380060288757e+08;1.300252009048076868e+08;1.390023934465719759e+08;1.485740732465169430e+08;1.587773104836663902e+08;1.696512881944522560e+08;1.812374063507396877e+08;1.935793897662574351e+08;2.067233998660688698e+08;2.207181503431173563e+08;2.356150267141063213e+08;2.514682097736825943e+08;2.683348029315356314e+08;2.862749634007344246e+08;3.053520371882017255e+08;3.256326978189125061e+08;3.471870887045106888e+08;3.700889690445463061e+08;3.944158631239578128e+08;4.202492128447306752e+08;4.476745333014022708e+08;4.767815711809617877e+08;5.076644657361525297e+08;5.404219120487244129e+08;5.751573262646582127e+08;6.119790124480755329e+08;6.510003306636371613e+08;6.923398658597096205e+08;7.361215970860507488e+08;7.824750665414258242e+08;8.315355479071476460e+08;8.834442133847312927e+08;9.383482988177926540e+08;9.964012662417283058e+08;1.057762963170413971e+09;1.122599777896221161e+09;1.191084790050381899e+09;1.263397915644791126e+09;1.339726045794207335e+09;1.420263178301508188e+09;1.505210541276853085e+09;1.594776707957399607e+09;1.689177701896564722e+09;1.788637091701886654e+09;1.893386074520415783e+09;2.003663547498844624e+09;2.119716166484767914e+09;2.241798391285183907e+09;2.370172516860552788e+09;2.505108689904855251e+09;2.646884910349981308e+09;2.795787017430610657e+09;2.952108660057674408e+09;3.116151251374708652e+09;3.288223907508004189e+09;3.468643370673231125e+09;3.657733916962604046e+09;3.855827249311306953e+09;4.063262376324631214e+09;4.280385477840135098e+09;4.507549758297241211e+09;4.745115289193020821e+09;4.993448842106396675e+09;5.252923713984583855e+09;5.523919546584951401e+09;5.806822142169384003e+09;6.102023277734078407e+09;6.409920520237726212e+09;6.730917045451832771e+09;7.065421463196480751e+09;7.413847651848020554e+09;7.776614605087617874e+09;8.154146293930074692e+09;8.546871547086894989e+09;8.955223952713125229e+09
2.849404591247757897e+06;3.062310941454812419e+06;3.290986064114658162e+06;3.536582609061928932e+06;3.800335840897626244e+06;4.083569387413887307e+06;4.387701370213006623e+06;4.714250941150199622e+06;5.064845249518133700e+06;5.441226866232778877e+06;5.845261692676403560e+06;6.278947383303366601e+06;6.744422312622060068e+06;7.243975118725683540e+06;7.780054857163489796e+06;8.355281800614681095e+06;8.972458921551007777e+06;9.634584096859019250e+06;1.034486307521489449e+07;1.110672324989751726e+07;1.192382828164622746e+07;1.280009361814975552e+07;1.373970295877559669e+07;1.474712571519909054e+07;1.582713552070125192e+07;1.698482984301526472e+07;1.822565075777256489e+07;1.955540694176279008e+07;2.098029694742153957e+07;2.250693382215661556e+07;2.414237113832810149e+07;2.589413050189184397e+07;2.777023060989428312e+07;2.977921792916858941e+07;3.193019907068998367e+07;3.423287493613049388e+07;3.669757671516297013e+07;3.933530381400292367e+07;4.215776379752407968e+07;4.517741442905192822e+07;4.840750789353316277e+07;5.186213729132174700e+07;5.555628549107839912e+07;5.950587643152837455e+07;6.372782896267098933e+07;6.824011331781652570e+07;7.306181030827362835e+07;7.821317333266860247e+07;8.371569329273830354e+07;8.959216650694783032e+07;9.586676571238720417e+07;1.025651142440470457e+08;1.097143634788192064e+08;1.173432736291582286e+08;1.254822979685146511e+08;1.341636705670035183e+08;1.434214976116262376e+08;1.532918523802707195e+08;1.638128739329682291e+08;1.750248695771154463e+08;1.869704211557108462e+08;1.996944951989440024e+08;2.132445569695919752e+08;2.276706884216830432e+08;2.430257100795678794e+08;2.593653068308534324e+08;2.767481576116065979e+08;2.952360689456226826e+08;3.148941122814410329e+08;3.357907650509797335e+08;3.579980553523125648e+08;3.815917101359440684e+08;4.066513067490546703e+08;4.332604276657171249e+08;4.615068182027484179e+08;4.914825469908330441e+08;5.232841689392042756e+08;5.570128903989146948e+08;5.927747361952526569e+08;6.306807181644028425e+08;6.708470047922911644e+08;7.133950915164772272e+08;7.584519712133793831e+08;8.061503043550518751e+08;8.566285882815552950e+08;9.100313249968357086e+08;9.665091868599255085e+08;1.026219179507228851e+09;1.089324801309127331e+09;1.155996198632667065e+09;1.226410316154837132e+09;1.300751041447451115e+09;1.379209343034584999e+09;1.461983401110564470e+09;1.549278730097559690e+09;1.641308292220957994e+09;1.738292601287000895e+09;1.840459815861172915e+09;1.948045821070147514e+09;2.061294298282139540e+09;2.180456781965824127e+09;2.305792703081151485e+09;2.437569418423479080e+09;2.576062225420044422e+09;2.721554361969371319e+09;2.874336991018551826e+09;3.034709169690425873e+09;3.202977802901411533e+09;3.379457581554896355e+09;3.564470905548316956e+09;3.758347791998834610e+09;3.961425769268537521e+09;4.174049757556279182e+09;4.396571937016517639e+09;4.629351604565279961e+09;4.872755020737146378e+09;5.127155248160835266e+09;5.392931983426761627e+09;5.670471384320011139e+09;5.960165894582017899e+09;6.262414068551515579e+09;6.577620398200037956e+09;6.906195145228859901e+09;7.248554181026855469e+09;7.605118837387626648e+09;7.976315770965039253e+09;8.362576844487444878e+09;8.764339027757774353e+09
2.736880517871181481e+06;2.941486532893940806e+06;3.161258236906407867e+06;3.397305441208817065e+06;3.650817631112901960e+06;3.923069522855288815e+06;4.215426991251206025e+06;4.529353391129499301e+06;4.866416296858151443e+06;5.228294685589007102e+06;5.616786591223964468e+06;6.033817257537885569e+06;6.481447820375694893e+06;6.961884550385433249e+06;7.477488689344326034e+06;8.030786914788697846e+06;8.624482469367403537e+06;9.261466993098279461e+06;9.944833098526896909e+06;1.067788773064920865e+07;1.146416635538254306e+07;1.230744802233200707e+07;1.321177134960736893e+07;1.418145148050527275e+07;1.522109806395467371e+07;1.633563431275454722e+07;1.753031719578672200e+07;1.881075882256447896e+07;2.018294908067908883e+07;2.165327958891730756e+07;2.322856903103656322e+07;2.491608993739820644e+07;2.672359698386613652e+07;2.865935687955204397e+07;3.073217991714554280e+07;3.295145326167084277e+07;3.532717605557063222e+07;3.786999642000504583e+07;4.059125043414867669e+07;4.350300317610651255e+07;4.661809191073121130e+07;4.995017151121719927e+07;5.351376220275660604e+07;5.732429971779478341e+07;6.139818795344691724e+07;6.575285422253894061e+07;7.040680719025354087e+07;7.537969758874137700e+07;8.069238180205903947e+07;8.636698841346092522e+07;9.242698780643311143e+07;9.889726490970149636e+07;1.058041951749417037e+08;1.131757238738483191e+08;1.210414487986313552e+08;1.294327064468188584e+08;1.383826617673776448e+08;1.479264015406191647e+08;1.581010314590322971e+08;1.689457769699171484e+08;1.805020879337190390e+08;1.928137471437837481e+08;2.059269827441120446e+08;2.198905845714807212e+08;2.347560244366908967e+08;2.505775803470707238e+08;2.674124646580204368e+08;2.853209561259427667e+08;3.043665358177952766e+08;3.246160268137922287e+08;3.461397376194921136e+08;3.690116091816970706e+08;3.933093653788781762e+08;4.191146668314503431e+08;4.465132678503908515e+08;4.755951763138073683e+08;5.064548162308753133e+08;5.391911927205815315e+08;5.739080590995248556e+08;6.107140857382403612e+08;6.497230303099074364e+08;6.910539090184330940e+08;7.348311683556252718e+08;7.811848568993380070e+08;8.302507966265490055e+08;8.821707531777708530e+08;9.370926044724617004e+08;9.951705070390266180e+08;1.056565059389573455e+09;1.121443461737232685e+09;1.189979671325165272e+09;1.262354552610784292e+09;1.338756021527387142e+09;1.419379183028586149e+09;1.504426461109982252e+09;1.594107720497733831e+09;1.688640379195656061e+09;1.788249511092873573e+09;1.893167937852016449e+09;2.003636309326563358e+09;2.119903171793016911e+09;2.242225023332047462e+09;2.370866355753589153e+09;2.506099682530267239e+09;2.648205552290238380e+09;2.797472547513036728e+09;2.954197268184856415e+09;3.118684300288321972e+09;3.291246169138495922e+09;3.472203277720857143e+09;3.661883830348320484e+09;3.860623742121356010e+09;4.068766534853713989e+09;4.286663220316801548e+09;4.514672171845857620e+09;4.753158985554988861e+09;5.002496332605165482e+09;5.263063804177384377e+09;5.535247750998070717e+09;5.819441119463658333e+09;6.116043286592081070e+09;6.425459896209031105e+09;6.748102698931371689e+09;7.084389398650076866e+09;7.434743508336947441e+09;7.799594218080336571e+09;8.179376278323618889e+09;8.574529901302989006e+09
2.627760193114511669e+06;2.824308854651336093e+06;3.035436919401064981e+06;3.262212465020813514e+06;3.505780369476946071e+06;3.767367679973140825e+06;4.048289341300311964e+06;4.349954306061466224e+06;4.673872050470381975e+06;5.021659520721365698e+06;5.395048536279806867e+06;5.795893677853659727e+06;6.226180689266675152e+06;6.688035423980478197e+06;7.183733368583216332e+06;7.715709777202029712e+06;8.286570452480622567e+06;8.899103210513336584e+06;9.556290068921707571e+06;1.026132019911334477e+07;1.101760368567074835e+07;1.182878613776305877e+07;1.269876419948247634e+07;1.363170200804864056e+07;1.463204865090724081e+07;1.570455667487488873e+07;1.685430170264080912e+07;1.808670321410864592e+07;1.940754655227458477e+07;2.082300621556225047e+07;2.233967050074591115e+07;2.396456756284834072e+07;2.570519296060927957e+07;2.756953875832121819e+07;2.956612425703399256e+07;3.170402843025245145e+07;3.399292414135388285e+07;3.644311422199399024e+07;3.906556949272645265e+07;4.187196880892657489e+07;4.487474121688307077e+07;4.808711030657137930e+07;5.152314084909782559e+07;5.519778780818730593e+07;5.912694781621196866e+07;6.332751320622964203e+07;6.781742869222326577e+07;7.261575079020680487e+07;7.774271007302443683e+07;8.321977635156470537e+07;8.906972687460032105e+07;9.531671763859450817e+07;1.019863578975190371e+08;1.091057879609463364e+08;1.167037603663910180e+08;1.248107245090357661e+08;1.334589148084532320e+08;1.426824424878617525e+08;1.525173910365054011e+08;1.630019154200830460e+08;1.741763450976337790e+08;1.860832908957817852e+08;1.987677557827344537e+08;2.122772495749477446e+08;2.266619075985458493e+08;2.419746133157330751e+08;2.582711249131186008e+08;2.756102058342883587e+08;2.940537592228435278e+08;3.136669662246174812e+08;3.345184280785536766e+08;3.566803119049532413e+08;3.802285000775906444e+08;4.052427430417150259e+08;4.318068154146580696e+08;4.600086751779103875e+08;4.899406257408096790e+08;5.216994806250291467e+08;5.553867304872074127e+08;5.911087121633025408e+08;6.289767793837342262e+08;6.691074747724552155e+08;7.116227027065446377e+08;7.566499025758564472e+08;8.043222219446194172e+08;8.547786890799374580e+08;9.081643842748358250e+08;9.646306093580489159e+08;1.024335054747618556e+09;1.087441963373732328e+09;1.154122290764559746e+09;1.224553860563426733e+09;1.298921514720990419e+09;1.377417257587800980e+09;1.460240393118466854e+09;1.547597654390758276e+09;1.639703324641181231e+09;1.736779349024352312e+09;1.839055436318125725e+09;1.946769149817409515e+09;2.060165986693786860e+09;2.179499445138550282e+09;2.305031078661086082e+09;2.437030536978888988e+09;2.575775593011094093e+09;2.721552155577268600e+09;2.874654267503012657e+09;3.035384088948749542e+09;3.204051865903458595e+09;3.380975883923726082e+09;3.566482407349489212e+09;3.760905604388426781e+09;3.964587458633570194e+09;4.177877667758853436e+09;4.401133530326737404e+09;4.634719821836181641e+09;4.879008661337008476e+09;5.134379370138951302e+09;5.401218324339937210e+09;5.679918803097072601e+09;5.970880834750561714e+09;6.274511043089252472e+09;6.591222496215516090e+09;6.921434560609564781e+09;7.265572763127038956e+09;7.624068663763919830e+09;7.997359742096902847e+09;8.385889300355774879e+09
2.522009595281849150e+06;2.710742132587844506e+06;2.913484533942152746e+06;3.131264251944989897e+06;3.365182733766041696e+06;3.616420605727290269e+06;3.886243206133928150e+06;4.176006488219304942e+06;4.487163316295263357e+06;4.821270179471798241e+06;5.179994348643923178e+06;5.565121503828322515e+06;5.978563860374310054e+06;6.422368824075908400e+06;6.898728206763840280e+06;7.409988035571730696e+06;7.958658990742319264e+06;8.547427508560204878e+06;9.179167587786220014e+06;9.856953339799908921e+06;1.058407232454725914e+07;1.136403971633344330e+07;1.220061334548537992e+07;1.309780966395112127e+07;1.405992068497327343e+07;1.509153194910532236e+07;1.619754157097538747e+07;1.738318042340764776e+07;1.865403351770427078e+07;2.001606264112626016e+07;2.147563031485871598e+07;2.303952513798199594e+07;2.471498858522725850e+07;2.650974332851532847e+07;2.843202315450238809e+07;3.049060455252813175e+07;3.269484004950017855e+07;3.505469337033894658e+07;3.758077650461248308e+07;4.028438876192351431e+07;4.317755790046202391e+07;4.627308341482591629e+07;4.958458207082573324e+07;5.312653577642293274e+07;5.691434187920423597e+07;6.096436598186942190e+07;6.529399736808156967e+07;6.992170713160683215e+07;7.486710910204920173e+07;8.015102366047491133e+07;8.579554453798884153e+07;9.182410868960770965e+07;9.826156933474902809e+07;1.051342722541084737e+08;1.124701354307433665e+08;1.202987321206017584e+08;1.286513774346661419e+08;1.375612185110541582e+08;1.470633283510708213e+08;1.571948033879282475e+08;1.679948648508296013e+08;1.795049639802637100e+08;1.917688911424667537e+08;2.048328888821381032e+08;2.187457689425139129e+08;2.335590332707628608e+08;2.493269990143151581e+08;2.661069274999890625e+08;2.839591571726778746e+08;3.029472404539265037e+08;3.231380844624871612e+08;3.446020955195259452e+08;3.674133273398149610e+08;3.916496327873244882e+08;4.173928190493367314e+08;4.447288060566418171e+08;4.737477879500907660e+08;5.045443973638629913e+08;5.372178722651979923e+08;5.718722250579700470e+08;6.086164136237686872e+08;6.475645139393377304e+08;6.888358938737690449e+08;7.325553877320328951e+08;7.788534710751061440e+08;8.278664353095214367e+08;8.797365615028749704e+08;9.346122928455903530e+08;9.926484051445313692e+08;1.054006174700535774e+09;1.118853542890938997e+09;1.187365276749864340e+09;1.259723124813393831e+09;1.336115967476610661e+09;1.416739961091780901e+09;1.501798675027019978e+09;1.591503220899066210e+09;1.686072373195818424e+09;1.785732680513928652e+09;1.890718566654064178e+09;2.001272420843433857e+09;2.117644676391846180e+09;2.240093877133779526e+09;2.368886731067580700e+09;2.504298150671076775e+09;2.646611279455591202e+09;2.796117504411610126e+09;2.953116454107335567e+09;3.117915982317250729e+09;3.290832137190744877e+09;3.472189116110170841e+09;3.662319206544719696e+09;3.861562713368264675e+09;4.070267873284630299e+09;4.288790757185907841e+09;4.517495161458846092e+09;4.756752489447625160e+09;5.006941624479416847e+09;5.268448796055862427e+09;5.541667441010116577e+09;5.826998061617321014e+09;6.124848082832002640e+09;6.435631710992409706e+09;6.759769796492379189e+09;7.097689703053130150e+09;7.449825186348868370e+09;7.816616284822408676e+09;8.198509225592869759e+09
2.419590801075763535e+06;2.600746362555374391e+06;2.795358917039700318e+06;3.004416402135903481e+06;3.228978012988463975e+06;3.470179206257998943e+06;3.729237041329097934e+06;4.007455880029496271e+06;4.306233467343222350e+06;4.627067416851045564e+06;4.971562125943915918e+06;5.341436147213927470e+06;5.738530043850422837e+06;6.164814758345866576e+06;6.622400525347367860e+06;7.113546361085709184e+06;7.640670163460849784e+06;8.206359458568720147e+06;8.813382831220554188e+06;9.464702078821554780e+06;1.016348512985207699e+07;1.091311977011918463e+07;1.171722822192467190e+07;1.257968262332009152e+07;1.350462145669349469e+07;1.449646697804123908e+07;1.555994370043525286e+07;1.670009798737624660e+07;1.792231881394016370e+07;1.923235975586261973e+07;2.063636226895308867e+07;2.214088032350593433e+07;2.375290646062346920e+07;2.547989933964045346e+07;2.732981284806672856e+07;2.931112684769493341e+07;3.143287963268364221e+07;3.370470217757210135e+07;3.613685425523342192e+07;3.874026250678569078e+07;4.152656054735945910e+07;4.450813119344133884e+07;4.769815089916288108e+07;5.111063649044340849e+07;5.476049428727932274e+07;5.866357170562620461e+07;6.283671143132308871e+07;6.729780825926579535e+07;7.206586869150400162e+07;7.716107338815809786e+07;8.260484256496454775e+07;8.841990443077437580e+07;9.463036675750373304e+07;1.012617916737909168e+08;1.083412737718844861e+08;1.158975216150471270e+08;1.239609427300191075e+08;1.325637321656738222e+08;1.417399646949821711e+08;1.515256907326441705e+08;1.619590360352420211e+08;1.730803052444056571e+08;1.849320893262090087e+08;1.975593769518636167e+08;2.110096698553880453e+08;2.253331021936970353e+08;2.405825639228881299e+08;2.568138281917200387e+08;2.740856827392166853e+08;2.924600652676119804e+08;3.120022027450680733e+08;3.327807545739490986e+08;3.548679595404649377e+08;3.783397864397296309e+08;4.032760882470983267e+08;4.297607596817152500e+08;4.578818979815582633e+08;4.877319666812182069e+08;5.194079621540769339e+08;5.530115826490827799e+08;5.886493995201846361e+08;6.264330303126596212e+08;6.664793133355984688e+08;7.089104833146669865e+08;7.538543476827845573e+08;8.014444630300244093e+08;8.518203111977784634e+08;9.051274744661315680e+08;9.615178092484173775e+08;1.021149617673022985e+09;1.084187816400867701e+09;1.150804101996848583e+09;1.221177112147561312e+09;1.295492581994141579e+09;1.373943494830492258e+09;1.456730226403209925e+09;1.544060682041439772e+09;1.636150425842829704e+09;1.733222801147467613e+09;1.835509041543993950e+09;1.943248371674565077e+09;2.056688097135702848e+09;2.176083682812878132e+09;2.301698819038248539e+09;2.433805475022840977e+09;2.572683939089056492e+09;2.718622845314316273e+09;2.871919186295445919e+09;3.032878311852639198e+09;3.201813913615038872e+09;3.379047995563714981e+09;3.564910830754313469e+09;3.759740904597018719e+09;3.963884845241062164e+09;4.177697341783394814e+09;4.401541051206331253e+09;4.635786495140021324e+09;4.880811947733280182e+09;5.137003316117273331e+09;5.404754015137734413e+09;5.684464838221958160e+09;5.976543826432134628e+09;6.281406137932434082e+09;6.599473920256292343e+09;6.931176187908535957e+09;7.276948707961962700e+09;7.637233896407354355e+09;8.012480728094653130e+09
2.320462192870375235e+06;2.494277533671861049e+06;2.681013559800509829e+06;2.881619803267304786e+06;3.097114385876521003e+06;3.328588846432542428e+06;3.577213294322103728e+06;3.844241910171166994e+06;4.131018815453513525e+06;4.438984334156717174e+06;4.769681670896754600e+06;5.124764031211216003e+06;5.506002211160819046e+06;5.915292684818736278e+06;6.354666219742720947e+06;6.826297052092522383e+06;7.332512654684696347e+06;7.875804132961601019e+06;8.458837285596059635e+06;9.084464368254000321e+06;9.755736600893191993e+06;1.047591746088967472e+07;1.124849680624095723e+07;1.207720587512022629e+07;1.296603321010643244e+07;1.391924155752894655e+07;1.494138579451033100e+07;1.603733193847712688e+07;1.721227729612301290e+07;1.847177181105095148e+07;1.982174067158887535e+07;2.126850824254339188e+07;2.281882338694645092e+07;2.447988624612663314e+07;2.625937654870856926e+07;2.816548352139677480e+07;3.020693747661258280e+07;3.239304315423677862e+07;3.473371489682329446e+07;3.723951373971290886e+07;3.992168649942468852e+07;4.279220694560436904e+07;4.586381914353543520e+07;4.915008305585424602e+07;5.266542249359540641e+07;5.642517550795800239e+07;6.044564731533245742e+07;6.474416584897643328e+07;6.933914003139685094e+07;7.425012086186568439e+07;7.949786541356676817e+07;8.510440383463056386e+07;9.109310944668880105e+07;9.748877203357467055e+07;1.043176744113355130e+08;1.116076723688155115e+08;1.193882780655763298e+08;1.276907469709609002e+08;1.365481684244105816e+08;1.459955598928740025e+08;1.560699649960772991e+08;1.668105553646129072e+08;1.782587363890962601e+08;1.904582569110783637e+08;2.034553228977901936e+08;2.172987151330921054e+08;2.320399109464112222e+08;2.477332099892566502e+08;2.644358640558377802e+08;2.822082109297523499e+08;3.011138122225255370e+08;3.212195951527562737e+08;3.425959981952742934e+08;3.653171205095134377e+08;3.894608750341556072e+08;4.151091451113509536e+08;4.423479444786809683e+08;4.712675804399968386e+08;5.019628199980344772e+08;5.345330587015041113e+08;5.690824919285198450e+08;6.057202882949770689e+08;6.445607648434965611e+08;6.857235636332807541e+08;7.293338293162745237e+08;7.755223872490679026e+08;8.244259216539449692e+08;8.761871533069409132e+08;9.309550161955605745e+08;9.888848325545600653e+08;1.050138485656033278e+09;1.114884589699015379e+09;1.183298656116415262e+09;1.255563255591912508e+09;1.331868175058971167e+09;1.412410568937618971e+09;1.497395103853255987e+09;1.587034096077094078e+09;1.681547640928384781e+09;1.781163733388025522e+09;1.886118379189746141e+09;1.996655695680039406e+09;2.113028001774117470e+09;2.235495896379069328e+09;2.364328324711880207e+09;2.499802632006587505e+09;2.642204604183194160e+09;2.791828495141004086e+09;2.948977040442122459e+09;3.113961457263890266e+09;3.287101430627307892e+09;3.468725086043799877e+09;3.659168948874392986e+09;3.858777890853232861e+09;4.067905064396372795e+09;4.286911825493800640e+09;4.516167646167988777e+09;4.756050017667355537e+09;5.006944345758491516e+09;5.269243839670998573e+09;5.543349396439214706e+09;5.829669482571685791e+09;6.128620015155360222e+09;6.440624244670605659e+09;6.766112641943172455e+09;7.105522791793795586e+09;7.459299296063139915e+09;7.827893688769851685e+09
2.224578674988334067e+06;2.391287861365134828e+06;2.570397858966191765e+06;2.762820900869456585e+06;2.969535211910118815e+06;3.191589663028499577e+06;3.430108741311836522e+06;3.686297855851600878e+06;3.961449000689788722e+06;4.256946797333043069e+06;4.574274940576016903e+06;4.915023072689581662e+06;5.280894112403747626e+06;5.673712066544853151e+06;6.095430353674322367e+06;6.548140670625607483e+06;7.034082434437873773e+06;7.555652833853226155e+06;8.115417526265249588e+06;8.716122017788892612e+06;9.360703765959145501e+06;1.005230504646299034e+07;1.079428662725373358e+07;1.159024229540359415e+07;1.244401428409661353e+07;1.335970964926677756e+07;1.434171764752684534e+07;1.539472816921314597e+07;1.652375128259586170e+07;1.773413794754064828e+07;1.903160195919477940e+07;2.042224318454138562e+07;2.191257215698801354e+07;2.350953609643854573e+07;2.522054642461177334e+07;2.705350784763994440e+07;2.901684908025313914e+07;3.111955528805626556e+07;3.337120232660126314e+07;3.578199285804548115e+07;3.836279442824196815e+07;4.112517958903855085e+07;4.408146815241049230e+07;4.724477166476289928e+07;5.062904019130848348e+07;5.424911150184703618e+07;5.812076275049179792e+07;6.226076474291387945e+07;6.668693888547585905e+07;7.141821691115558147e+07;7.647470347741965950e+07;8.187774173115710914e+07;8.764998193537168205e+07;9.381545325157357752e+07;1.003996387705914676e+08;1.074295538829137385e+08;1.149338280775152296e+08;1.229427902554370612e+08;1.314885576411627829e+08;1.406051283708866239e+08;1.503284778322311342e+08;1.606966588245919049e+08;1.717499056031908095e+08;1.835307418628544211e+08;1.960840927096639276e+08;2.094574006596133411e+08;2.237007456934159100e+08;2.388669693855232000e+08;2.550118031129204035e+08;2.721940003357849717e+08;2.904754729270214438e+08;3.099214315113817453e+08;3.306005297569459677e+08;3.525850125426039696e+08;3.759508679040110707e+08;4.007779826383978128e+08;4.271503014242174625e+08;4.551559892863155007e+08;4.848875972099392414e+08;5.164422306783594489e+08;5.499217208787099123e+08;5.854327982892427444e+08;6.230872683286446333e+08;6.630021887141739130e+08;7.053000481412123442e+08;7.501089458614037037e+08;7.975627717013787031e+08;8.478013860286349058e+08;9.009707991360193491e+08;9.572233494821492434e+08;1.016717880192086220e+09;1.079619913191210508e+09;1.146101820316636801e+09;1.216342990723408222e+09;1.290529993881474018e+09;1.368856737439202547e+09;1.451524619216642618e+09;1.538742672582570076e+09;1.630727704467334509e+09;1.727704425268246889e+09;1.829905569916436672e+09;1.937572009394340992e+09;2.050952852022809744e+09;2.170305533876001358e+09;2.295895897730806828e+09;2.427998260018745422e+09;2.566895465318229198e+09;2.712878928008954525e+09;2.866248660804244518e+09;3.027313289983554840e+09;3.196390057265845776e+09;3.373804808394846916e+09;3.559891968647646904e+09;3.754994505630886555e+09;3.959463879889466286e+09;4.173659984024010658e+09;4.397951071190626144e+09;4.632713674039881706e+09;4.878332515340137482e+09;5.135200411719030380e+09;5.403718172146601677e+09;5.684294492968167305e+09;5.977345851475451469e+09;6.283296400174628258e+09;6.602577864067878723e+09;6.935629443406929970e+09;7.282897724501425743e+09;7.644836601260631561e+09
2.131891897343699355e+06;2.291726028417816386e+06;2.463457376648733392e+06;2.647961978128789458e+06;2.846179332643951755e+06;3.059116889143881854e+06;3.287854836407051887e+06;3.533551218447128311e+06;3.797447395334275905e+06;4.080873871288476512e+06;4.385256513136167079e+06;4.712123183515164070e+06;5.063110814559708349e+06;5.439972949204705656e+06;5.844587778710738756e+06;6.278966706536097452e+06;6.745263470264560543e+06;7.245783854937565513e+06;7.782996032844543457e+06;8.359541566582588479e+06;8.978247114016495645e+06;9.642136875649353489e+06;1.035444582684263960e+07;1.111863377931372821e+07;1.193840031838052534e+07;1.281770066450642236e+07;1.376076250983809121e+07;1.477210388260853849e+07;1.585655209448747896e+07;1.701926382821759954e+07;1.826574642515449598e+07;1.960188043462494388e+07;2.103394348933260515e+07;2.256863557337594032e+07;2.421310575175263360e+07;2.597498043254879862e+07;2.786239323529906943e+07;2.988401654127730429e+07;3.204909480369305238e+07;3.436747969793234766e+07;3.684966719410660863e+07;3.950683663615421206e+07;4.235089191369428486e+07;4.539450481461949646e+07;4.865116064808567613e+07;5.213520622909126431e+07;5.586190031718368828e+07;5.984746660297064483e+07;6.410914933708900213e+07;6.866527169694681466e+07;7.353529698700369895e+07;7.873989276849681139e+07;8.430099801431459188e+07;9.024189338417090476e+07;9.658727471432960033e+07;1.033633298147000819e+08;1.105978186643387675e+08;1.183201570940451473e+08;1.265615040417899340e+08;1.353548524632600248e+08;1.447351239756684899e+08;1.547392673080217838e+08;1.654063606255203784e+08;1.767777177892792821e+08;1.888969986052094102e+08;2.018103231076279879e+08;2.155663899139357507e+08;2.302165986762521863e+08;2.458151766443986595e+08;2.624193093419394195e+08;2.800892753428769708e+08;2.988885851213977933e+08;3.188841239300381541e+08;3.401462986437885165e+08;3.627491884875928164e+08;3.867706995436744690e+08;4.122927229122837186e+08;4.394012963750502467e+08;4.681867693843003511e+08;4.987439711742511988e+08;5.311723817611644268e+08;5.655763055692840815e+08;6.020650473878594637e+08;6.407530903320972919e+08;6.817602754469830990e+08;7.252119825591773987e+08;7.712393119469060898e+08;8.199792663631869555e+08;8.715749329127931595e+08;9.261756642493978739e+08;9.839372585256271362e+08;1.045022137497542620e+09;1.109599522154498577e+09;1.177845605218641996e+09;1.249943719833265066e+09;1.326084503739284992e+09;1.406466058222161531e+09;1.491294101100750446e+09;1.580782113023796320e+09;1.675151476340582848e+09;1.774631605820210457e+09;1.879460070509794712e+09;1.989882706045897484e+09;2.106153716767267227e+09;2.228535767019625187e+09;2.357300061097318172e+09;2.492726411330213070e+09;2.635103293900702000e+09;2.784727892061606884e+09;2.941906126525459290e+09;3.106952672905292511e+09;3.280190966209777832e+09;3.461953192528592587e+09;3.652580268187769890e+09;3.852421806809823036e+09;4.061836074876190186e+09;4.281189936561444759e+09;4.510858788786277771e+09;4.751226487620336533e+09;5.002685267349487305e+09;5.265635653712543488e+09;5.540486372992037773e+09;5.827654258830082893e+09;6.127564158807158470e+09;6.440648842989870071e+09;6.767348916796716690e+09;7.108112740667167664e+09;7.463396359125474930e+09
2.042350484834062168e+06;2.195537432266987860e+06;2.360134106877108570e+06;2.536981443112461828e+06;2.726981381135717966e+06;2.931101187456453219e+06;3.150378070448705461e+06;3.385924109729529358e+06;3.638931519476882182e+06;3.910678266924922820e+06;4.202534068482991308e+06;4.515966787194275297e+06;4.852549256571576931e+06;5.213966557228073478e+06;5.602023774162588641e+06;6.018654264054626226e+06;6.465928463485247456e+06;6.946063270615444519e+06;7.461432034537280910e+06;8.014575188246098347e+06;8.608211562984516844e+06;9.245250423565844074e+06;9.928804266197558492e+06;1.066220242229915597e+07;1.144900551383429207e+07;1.229302080775044858e+07;1.319831851925408468e+07;1.416924911581238359e+07;1.521046167599606700e+07;1.632692335951798409e+07;1.752394004712004215e+07;1.880717821125781909e+07;2.018268808086956665e+07;2.165692816585828364e+07;2.323679120925863087e+07;2.492963163741526380e+07;2.674329458080907539e+07;2.868614654050340876e+07;3.076710777742059529e+07;3.299568650391700119e+07;3.538201495925592631e+07;3.793688745269922167e+07;4.067180045991238207e+07;4.359899486028616130e+07;4.673150040455306321e+07;5.008318250369073451e+07;5.366879143159517646e+07;5.750401403527803719e+07;6.160552804743658751e+07;6.599105909709124267e+07;7.067944051460576057e+07;7.569067602770681679e+07;8.104600544515119493e+07;8.676797342437155545e+07;9.288050141869556904e+07;9.940896289869657159e+07;1.063802619406285882e+08;1.138229152729130536e+08;1.217671378690518290e+08;1.302449321722795218e+08;1.392901810334416330e+08;1.489387444392706156e+08;1.592285601030235291e+08;1.701997479835898280e+08;1.818947187924140394e+08;1.943582865399268568e+08;2.076377851646127403e+08;2.217831892781567574e+08;2.368472390494702756e+08;2.528855692384415269e+08;2.699568423772341609e+08;2.881228860824868679e+08;3.074488344661409259e+08;3.280032735954134464e+08;3.498583909338984489e+08;3.730901286756790876e+08;3.977783408628556132e+08;4.240069541536195874e+08;4.518641320835656524e+08;4.814424426366292834e+08;5.128390289145004749e+08;5.461557826644183397e+08;5.814995203947153091e+08;6.189821617763035297e+08;6.587209099954257011e+08;7.008384336897940636e+08;7.454630500663341284e+08;7.927289087641522884e+08;8.427761759922556877e+08;8.957512184373173714e+08;9.518067864035123587e+08;1.011102195614266753e+09;1.073803507075135231e+09;1.140083704368633986e+09;1.210122867726019144e+09;1.284108344199021816e+09;1.362234913235131264e+09;1.444704946947192907e+09;1.531728564358635902e+09;1.623523778903135300e+09;1.720316638461780310e+09;1.822341357231156588e+09;1.929840438736461401e+09;2.043064789330214739e+09;2.162273821555529118e+09;2.287735546799551964e+09;2.419726656720335484e+09;2.558532592999426365e+09;2.704447605050675392e+09;2.857774795408841610e+09;3.018826152622776985e+09;3.187922571592427731e+09;3.365393861414914608e+09;3.551578740940758705e+09;3.746824822388413906e+09;3.951488583521480083e+09;4.165935329058103561e+09;4.390539142152986526e+09;4.625682826972666740e+09;4.871757843562628746e+09;5.129164236392927170e+09;5.398310558147994995e+09;5.679613790509791374e+09;5.973499263854501724e+09;6.280400577953083992e+09;6.600759525914299011e+09;6.935026023752137184e+09;7.283658048075908661e+09
1.955900270901910029e+06;2.102664436851949897e+06;2.260366747112297453e+06;2.429814121426468249e+06;2.611872097324695904e+06;2.807468990005926695e+06;3.017600336991763208e+06;3.243333645961951930e+06;3.485813465261810925e+06;3.746266797701408155e+06;4.026008879456527065e+06;4.326449347118351609e+06;4.649098817239589058e+06;4.995575904078153893e+06;5.367614702653528191e+06;5.767072765705315396e+06;6.195939604674858041e+06;6.656345746426860802e+06;7.150572379080701619e+06;7.681061622040745802e+06;8.250427457086622715e+06;8.861467359224215150e+06;9.517174667896466330e+06;1.022075174109932408e+07;1.097562393696903624e+07;1.178545446946114302e+07;1.265416018686546013e+07;1.358592832406151481e+07;1.458523428163131513e+07;1.565686048719508201e+07;1.680591639662216604e+07;1.803785969508861750e+07;1.935851876028943062e+07;2.077411645248091966e+07;2.229129529838867486e+07;2.391714413839364052e+07;2.565922630876919627e+07;2.752560943309521675e+07;2.952489689928099513e+07;3.166626110091801733e+07;3.395947852390511334e+07;3.641496676144959033e+07;3.904382354261457175e+07;4.185786786159767210e+07;4.486968329674075544e+07;4.809266361006865650e+07;5.154106071969690919e+07;5.523003513888152689e+07;5.917570897672305256e+07;6.339522159652218223e+07;6.790678802857153118e+07;7.272976023468370736e+07;7.788469132195006311e+07;8.339340280313494802e+07;8.927905500065156817e+07;9.556622069021701813e+07;1.022809620790149420e+08;1.094509112115125507e+08;1.171053538937812150e+08;1.252753172245162427e+08;1.339936608175075501e+08;1.432951717964228392e+08;1.532166636380339265e+08;1.637970789346780479e+08;1.750775961405667365e+08;1.871017403594156206e+08;1.999154982230991125e+08;2.135674369019526541e+08;2.281088272774920762e+08;2.435937712971808314e+08;2.600793335188158453e+08;2.776256768384105563e+08;2.962962023809819818e+08;3.161576935173632503e+08;3.372804639528318048e+08;3.597385098143696189e+08;3.836096656429496408e+08;4.089757641754782200e+08;4.359227997775369287e+08;4.645410953631984591e+08;4.949254726118944883e+08;5.271754252645258904e+08;5.613952952518365383e+08;5.976944513777515888e+08;6.361874702490433455e+08;6.769943191099976301e+08;7.202405402079731226e+08;7.660574362817051411e+08;8.145822567308092117e+08;8.659583839907929897e+08;9.203355196047610044e+08;9.778698694508461952e+08;1.038724327552668810e+09;1.103068657871756315e+09;1.171079673453322411e+09;1.242941412272918940e+09;1.318845309111320734e+09;1.398990362768443823e+09;1.483583297915632963e+09;1.572838720879792452e+09;1.666979268653030634e+09;1.766235750428238869e+09;1.870847280976059437e+09;1.981061405201323509e+09;2.097134213248631001e+09;2.219330445567905903e+09;2.347923587402411461e+09;2.483195952222296715e+09;2.625438753700440884e+09;2.774952165910026073e+09;2.932045371519110203e+09;3.097036597863205910e+09;3.270253140894680023e+09;3.452031377137000084e+09;3.642716763910320282e+09;3.842663828243649483e+09;4.052236145048293114e+09;4.271806305290933609e+09;4.501755875078737259e+09;4.742475346744382858e+09;4.994364083199828148e+09;5.257830257008366585e+09;5.533290785802541733e+09;5.821171265851155281e+09;6.121905905747534752e+09;6.435937462345686913e+09;6.763717181219306946e+09;7.105704744041724205e+09
1.872484533731668023e+06;2.013046627354620723e+06;2.164090972941560205e+06;2.326391552374390420e+06;2.500778647271123715e+06;2.688142842241971754e+06;2.889439303006921429e+06;3.105692347224500962e+06;3.338000326937496196e+06;3.587540842647071462e+06;3.855576310189139564e+06;4.143459902798861265e+06;4.452641892024690285e+06;4.784676412477192469e+06;5.141228676791765727e+06;5.524082668624265119e+06;5.935149343012562022e+06;6.376475365001416765e+06;6.850252419060179964e+06;7.358827123514475301e+06;7.904711585964963771e+06;8.490594637484956533e+06;9.119353785258891061e+06;9.794067925263090059e+06;1.051803085858187638e+07;1.129476565700249746e+07;1.212803992563375086e+07;1.302188201245241985e+07;1.398059821688083000e+07;1.500879105175019987e+07;1.611137861528677307e+07;1.729361513208498433e+07;1.856111272437605262e+07;1.991986447728377953e+07;2.137626886413409188e+07;2.293715560029539466e+07;2.460981299640841037e+07;2.640201688425914571e+07;2.832206119090237468e+07;3.037879023897843808e+07;3.258163285344353318e+07;3.494063835717515647e+07;3.746651454004936665e+07;4.017066768816800416e+07;4.306524476187382638e+07;4.616317781303016841e+07;4.947823073374922574e+07;5.302504843029661477e+07;5.681920851726575196e+07;6.087727562826696038e+07;6.521685844034861028e+07;6.985666950999090075e+07;7.481658801901429892e+07;8.011772552876423299e+07;8.578249484076552093e+07;9.183468206143099070e+07;9.829952196741095185e+07;1.052037767667722553e+08;1.125758183492611945e+08;1.204457141165467352e+08;1.288453164803342968e+08;1.378083561127131283e+08;1.473705390288902223e+08;1.575696475775276423e+08;1.684456454083146751e+08;1.800407864798749983e+08;1.923997281638360023e+08;2.055696484926645458e+08;2.196003675895664394e+08;2.345444733085900545e+08;2.504574511015972793e+08;2.673978181163139641e+08;2.854272615157800913e+08;3.046107809945784211e+08;3.250168354507463574e+08;3.467174937544742227e+08;3.697885895355209708e+08;3.943098798905687928e+08;4.203652078895537853e+08;4.480426687365131974e+08;4.774347794151901007e+08;5.086386516233342290e+08;5.417561677715777159e+08;5.768941597937878370e+08;6.141645904851900339e+08;6.536847370535463095e+08;6.955773765360532999e+08;7.399709727022453547e+08;7.869998640294634104e+08;8.368044523045662642e+08;8.895313913723460436e+08;9.453337755185129642e+08;1.004371326944100022e+09;1.066810581757937431e+09;1.132825073886208057e+09;1.202595516272702217e+09;1.276309978721275568e+09;1.354164061713670969e+09;1.436361065521569967e+09;1.523112153923240900e+09;1.614636511831351042e+09;1.711161496142144203e+09;1.812922779125788689e+09;1.920164483696556568e+09;2.033139309926944256e+09;2.152108652205466270e+09;2.277342706483769417e+09;2.409120567111863136e+09;2.547730312827822685e+09;2.693469081543271065e+09;2.846643133654181480e+09;3.007567903705497265e+09;3.176568040346779346e+09;3.353977434638550282e+09;3.540139236899599075e+09;3.735405862426353931e+09;3.940138986568654537e+09;4.154709529802148819e+09;4.379497633606839180e+09;4.614892628130711555e+09;4.861292992794474602e+09;5.119106311170482635e+09;5.388749221645972252e+09;5.670647365556003571e+09;5.965235334639235497e+09;6.272956619830273628e+09;6.594263563554039001e+09;6.929617317817124367e+09
1.792044233608865179e+06;1.926621066239577718e+06;2.071239714231495280e+06;2.226642286757990718e+06;2.393624944247519597e+06;2.573041749165476765e+06;2.765808781954397447e+06;2.972908539430722129e+06;3.195394633964410052e+06;3.434396812851882074e+06;3.691126318422737997e+06;3.966881610615500715e+06;4.263054474995868281e+06;4.581136540499546565e+06;4.922726232535718940e+06;5.289536188514979556e+06;5.683401164339213632e+06;6.106286461938047782e+06;6.560296909539253451e+06;7.047686428027275018e+06;7.570868218473061919e+06;8.132425607710407116e+06;8.735123590687677264e+06;9.381921110237879679e+06;1.007598411688553542e+07;1.082069945334099606e+07;1.161968961042369157e+07;1.247682840329825133e+07;1.339625761910205521e+07;1.438240468928690255e+07;1.544000144227756932e+07;1.657410399438480474e+07;1.779011383925240114e+07;1.909380019851776212e+07;2.049132369876481220e+07;2.198926144225924835e+07;2.359463354139323533e+07;2.531493118917386606e+07;2.715814634049807489e+07;2.913280308133578673e+07;3.124799076528048143e+07;3.351339899922489747e+07;3.593935456213871390e+07;3.853686034308541566e+07;4.131763638665769249e+07;4.429416313597057015e+07;4.747972696515594423e+07;5.088846809497684240e+07;5.453543098668193072e+07;5.843661731052630395e+07;6.260904158649279922e+07;6.707078959561832994e+07;7.184107966090108454e+07;7.694032689714403450e+07;8.239021052901917696e+07;8.821374437634398043e+07;9.443535060482044518e+07;1.010809368393470645e+08;1.081779767354419976e+08;1.157555941022552252e+08;1.238446506680202484e+08;1.324778375757037997e+08;1.416897706927584410e+08;1.515170898145220578e+08;1.619985618356125653e+08;1.731751879578168094e+08;1.850903149961950481e+08;1.977897508375575244e+08;2.113218840969657898e+08;2.257378080083342493e+08;2.410914485747063458e+08;2.574396969920450747e+08;2.748425463475161791e+08;2.933632325792243481e+08;3.130683796688911915e+08;3.340281490223422050e+08;3.563163929744905233e+08;3.800108123361312151e+08;4.051931178787522912e+08;4.319491956313335896e+08;4.603692758392020464e+08;4.905481054096770287e+08;5.225851236427765489e+08;5.565846410171757936e+08;5.926560207723876238e+08;6.309138629980278015e+08;6.714781909097540379e+08;7.144746389593273401e+08;7.600346423941439390e+08;8.082956278484015465e+08;8.594012045157154799e+08;9.135013554205266237e+08;9.707526282741758823e+08;1.031318325371247292e+09;1.095368691953170776e+09;1.163081102439720631e+09;1.234640243905392885e+09;1.310238296157441378e+09;1.390075107755972624e+09;1.474358367304757357e+09;1.563303769335273266e+09;1.657135174105520010e+09;1.756084760641684771e+09;1.860393172363926411e+09;1.970309654658851147e+09;2.086092183791317225e+09;2.208007586586950302e+09;2.336331650365816116e+09;2.471349222666023731e+09;2.613354300366336823e+09;2.762650107895912170e+09;2.919549164311274529e+09;3.084373339122888088e+09;3.257453896866322041e+09;3.439131530537305832e+09;3.629756384143807411e+09;3.829688064771790504e+09;4.039295644714012146e+09;4.258957654370478153e+09;4.489062066795462608e+09;4.730006274938085556e+09;4.982197062795033455e+09;5.246050571870766640e+09;5.521992264512460709e+09;5.810456885856120110e+09;6.111888426284335136e+09;6.426740086445269585e+09;6.755474247025894165e+09
1.714518250034714583e+06;1.843322549075795338e+06;1.981743431099359412e+06;2.130492184545981232e+06;2.290331969765427988e+06;2.462081521491604391e+06;2.646619106987388339e+06;2.844886756610506680e+06;3.057894784557460342e+06;3.286726618597536348e+06;3.532543958716295660e+06;3.796592285752349533e+06;4.080206742326070089e+06;4.384818409636504017e+06;4.711961005033730529e+06;5.063278026669299230e+06;5.440530372976745479e+06;5.845604466256199405e+06;6.280520911205450073e+06;6.747443720890719444e+06;7.248690144345076755e+06;7.786741131754826754e+06;8.364252475024356507e+06;8.984066663398243487e+06;9.649225495781295002e+06;1.036298349340277351e+07;1.112882215855460800e+07;1.195046512725389749e+07;1.283189426586944424e+07;1.377736676398823224e+07;1.479143327807090804e+07;1.587895718277975358e+07;1.704513498921575397e+07;1.829551799170113355e+07;1.963603520715947077e+07;2.107301767358339950e+07;2.261322417653358355e+07;2.426386847505063936e+07;2.603264810082146525e+07;2.792777480684883147e+07;2.995800674428387359e+07;3.213268244841574505e+07;3.446175671713852882e+07;3.695583846740855277e+07;3.962623065739011765e+07;4.248497236399699003e+07;4.554488310749067366e+07;4.881960951656635851e+07;5.232367442901309580e+07;5.607252852446494997e+07;6.008260458705572784e+07;6.437137449679349363e+07;6.895740904929620028e+07;7.386044070401422679e+07;7.910142936133515835e+07;8.470263126881290972e+07;9.068767115633405745e+07;9.708161769917081296e+07;1.039110624065831900e+08;1.112042020319145769e+08;1.189909245978734791e+08;1.273028991279199570e+08;1.361736691713449657e+08;1.456387502056074440e+08;1.557357309948955476e+08;1.665043789784518182e+08;1.779867497560887039e+08;1.902273007313297987e+08;2.032730089647648931e+08;2.171734932813920379e+08;2.319811406659111679e+08;2.477512369691223204e+08;2.645421019365393519e+08;2.824152285572507977e+08;3.014354267165833116e+08;3.216709711206008196e+08;3.431937534432887435e+08;3.660794386291574240e+08;3.904076252639794946e+08;4.162620099054330587e+08;4.437305552426669598e+08;4.729056619298938513e+08;5.038843439136751294e+08;5.367684070468822122e+08;5.716646307542721033e+08;6.086849524855728149e+08;6.479466546618288755e+08;6.895725537895635366e+08;7.336911913860234022e+08;7.804370263262815475e+08;8.299506281911281347e+08;8.823788711624444723e+08;9.378751279813780785e+08;9.965994634540930986e+08;1.058718826960662961e+09;1.124407243395629883e+09;1.193846001943764925e+09;1.267223842072398663e+09;1.344737136104209423e+09;1.426590067719085693e+09;1.512994805725388288e+09;1.604171672436364174e+09;1.700349305990039349e+09;1.801764815960216522e+09;1.908663931622443199e+09;2.021301142263398170e+09;2.139939828956414461e+09;2.264852387266887188e+09;2.396320340405575752e+09;2.534634442408842564e+09;2.680094770998767376e+09;2.833010809859776974e+09;2.993701520162934780e+09;3.162495401274881363e+09;3.339730540704064846e+09;3.525754653464352608e+09;3.720925111170685768e+09;3.925608961329149246e+09;4.140182937434496403e+09;4.365033460650102615e+09;4.600556634011030197e+09;4.847158230258811951e+09;5.105253674590492249e+09;5.375268023772585869e+09;5.657635943241507530e+09;5.952801683974830627e+09;6.261219061070712090e+09;6.583351436121052742e+09
1.639843617267902708e+06;1.763083858703735983e+06;1.895530388151049381e+06;2.037864710735034663e+06;2.190818092724162154e+06;2.355175119873359334e+06;2.531777502165719867e+06;2.721528141166162677e+06;2.925395477180414367e+06;3.144418134442254901e+06;3.379709883633166086e+06;3.632464942174504045e+06;3.903963633922064211e+06;4.195578431140409783e+06;4.508780402939667925e+06;4.845146095722602680e+06;5.206364872613882646e+06;5.594246740333129652e+06;6.010730693521305919e+06;6.457893608143489808e+06;6.937959717270444147e+06;7.453310704279437661e+06;8.006496450323069468e+06;8.600246474782785401e+06;9.237482109357638285e+06;9.921329448430784047e+06;1.065513312041556090e+07;1.144247092689295858e+07;1.228716939852792770e+07;1.319332031897175871e+07;1.416529827023774013e+07;1.520777925535069965e+07;1.632576045644955337e+07;1.752458118889951706e+07;1.880994511442201212e+07;2.018794377869421244e+07;2.166508154133819789e+07;2.324830196870915964e+07;2.494501576235802099e+07;2.676313029852202162e+07;2.871108085643451661e+07;3.079786361565847322e+07;3.303307050502185896e+07;3.542692598802424222e+07;3.799032587183308601e+07;4.073487822910832614e+07;4.367294652395527065e+07;4.681769503518108279e+07;5.018313667182883620e+07;5.378418327753560245e+07;5.763669852170550078e+07;6.175755347666260600e+07;6.616468498096647114e+07;7.087715688976190984e+07;7.591522431348828971e+07;8.130040094640815258e+07;8.705552958619055152e+07;9.320485594522349536e+07;9.977410585332623124e+07;1.067905659501492381e+08;1.142831679636080265e+08;1.222825766683482379e+08;1.308212816152654141e+08;1.399336927195372283e+08;1.496562397904794514e+08;1.600274760816703141e+08;1.710881859341183901e+08;1.828814965790011287e+08;1.954529941591011286e+08;2.088508440201452672e+08;2.231259153139865994e+08;2.383319099457222521e+08;2.545254958854723275e+08;2.717664448535037637e+08;2.901177743738234043e+08;3.096458941767480969e+08;3.304207569150561094e+08;3.525160131410469413e+08;3.760091704732639194e+08;4.009817568615805507e+08;4.275194878381132483e+08;4.557124376185154915e+08;4.856552138941878080e+08;5.174471361303316355e+08;5.511924171581940651e+08;5.870003478216779232e+08;6.249854844096865654e+08;6.652678385753585100e+08;7.079730694129190445e+08;7.532326773310922384e+08;8.011841993311244249e+08;8.519714052651373148e+08;9.057444946197807789e+08;9.626602933393394947e+08;1.022882450173038840e+09;1.086581632003322363e+09;1.153935717586073637e+09;1.225129989110655308e+09;1.300357320967200279e+09;1.379818365092502594e+09;1.463721732254109144e+09;1.552284168624735832e+09;1.645730726998508453e+09;1.744294932005245447e+09;1.848218938691300631e+09;1.957753683855236530e+09;2.073159029554446697e+09;2.194703898235818386e+09;2.322666398989903450e+09;2.457333944483243465e+09;2.599003358191206455e+09;2.747980971628386021e+09;2.904582711362674713e+09;3.069134175695959091e+09;3.241970701003829002e+09;3.423437417844466686e+09;3.613889297077410698e+09;3.813691186368791103e+09;4.023217837608841896e+09;4.242853925918748856e+09;4.472994061085705757e+09;4.714042792430268288e+09;4.966414608274364471e+09;5.230533931351788521e+09;5.506835111665416718e+09;5.795762418460683823e+09;6.097770033142447472e+09;6.413322045107743263e+09
1.567955757048060186e+06;1.685836016403284157e+06;1.812526925532281632e+06;1.948681227830497548e+06;2.094999384983017808e+06;2.252232995348487981e+06;2.421188449691891670e+06;2.602730839949588291e+06;2.797788137665289454e+06;3.007355659738160204e+06;3.232500840180205647e+06;3.474368327686965931e+06;3.734185429989918601e+06;4.013267927176170982e+06;4.313026277439960279e+06;4.634972240065576509e+06;4.980725941837484948e+06;5.352023414534171112e+06;5.750724632681996562e+06;6.178822082330758683e+06;6.638449893263369799e+06;7.131893568764972501e+06;7.661600348858379759e+06;8.230190244753826410e+06;8.840467784174976870e+06;9.495434509191039950e+06;1.019830227022362314e+07;1.095250736199175380e+07;1.176172554931562766e+07;1.262988803291199170e+07;1.356119840757756494e+07;1.456015066747691669e+07;1.563154831561158784e+07;1.678052463694484159e+07;1.801256419710928947e+07;1.933352563107080013e+07;2.074966578863434121e+07;2.226766530616326630e+07;2.389465567640665919e+07;2.563824789082812890e+07;2.750656273132486641e+07;2.950826279069219530e+07;3.165258630362106115e+07;3.394938287238638103e+07;3.640915117371284962e+07;3.904307873552070558e+07;4.186308387441004813e+07;4.488185988674665987e+07;4.811292158812242746e+07;5.157065429769650847e+07;5.527036536548234522e+07;5.922833834204162657e+07;6.346188989118219912e+07;6.798942954719908535e+07;7.283052241881769896e+07;7.800595494239622355e+07;8.353780378694665432e+07;8.944950801324655116e+07;9.576594458861273527e+07;1.025135073577897400e+08;1.097201895688845664e+08;1.174156700511904210e+08;1.256314031392181963e+08;1.344007124341362417e+08;1.437588884900229573e+08;1.537432905080651641e+08;1.643934521166496575e+08;1.757511913095677495e+08;1.878607246078756452e+08;2.007687855035373271e+08;2.145247472346127033e+08;2.291807499323810339e+08;2.447918321705993116e+08;2.614160669355459511e+08;2.791147020231103301e+08;2.979523048554399014e+08;3.179969116948170066e+08;3.393201812161930203e+08;3.619975523823237419e+08;3.861084065468228459e+08;4.117362336899133921e+08;4.389688026705124974e+08;4.678983353551707268e+08;4.986216844600736499e+08;5.312405149170622826e+08;5.658614885476784706e+08;6.025964518012748957e+08;6.415626262846220732e+08;6.828828017804946899e+08;7.266855314221808910e+08;7.731053286604325771e+08;8.222828656277134418e+08;8.743651724742295742e+08;9.295058372193956375e+08;9.878652056328358650e+08;1.049610580630801082e+09;1.114916420647054434e+09;1.183964536413054228e+09;1.256944285560511351e+09;1.334052764441426992e+09;1.415494996546002626e+09;1.501484116889780998e+09;1.592241551736027002e+09;1.687997193021732569e+09;1.788989566862912655e+09;1.895465995530185223e+09;2.007682752308683872e+09;2.125905208687391758e+09;2.250407973363490582e+09;2.381475022596820354e+09;2.519399821509227753e+09;2.664485435992488861e+09;2.817044634970278740e+09;2.977399982848048687e+09;3.145883922087480068e+09;3.322838845952817917e+09;3.508617161597885132e+09;3.703581343793642998e+09;3.908103979735023499e+09;4.122567805514839649e+09;4.347365735004880905e+09;4.582900882045071602e+09;4.829586577003650665e+09;5.087846378938499451e+09;5.358114084751877785e+09;5.640833736894578934e+09;5.936459631334544182e+09;6.245456327649998665e+09
1.498788707347571384e+06;1.611508528815092985e+06;1.732657725444944575e+06;1.862861283490599133e+06;2.002789931780634914e+06;2.153163424304761458e+06;2.314754051323396619e+06;2.488390394163483288e+06;2.674961339792490471e+06;2.875420372239407618e+06;3.090790158960666042e+06;3.322167451328109019e+06;3.570728319553409703e+06;3.837733743551000021e+06;4.124535582492981572e+06;4.432582947113636881e+06;4.763429000192167237e+06;5.118738212067259476e+06;5.500294099534492940e+06;5.910007478029021993e+06;6.349925258620586246e+06;6.822239823031964712e+06;7.329299011645964347e+06;7.873616761283059604e+06;8.457884431415691972e+06;9.084982859436485916e+06;9.757995187608439475e+06;1.048022050640467741e+07;1.125518836108287238e+07;1.208667417053605616e+07;1.297871560971830599e+07;1.393563000925156474e+07;1.496203282817571424e+07;1.606285725820735283e+07;1.724337502032092214e+07;1.850921841693428904e+07;1.986640370549606532e+07;2.132135586179164052e+07;2.288093480382595584e+07;2.455246314968019351e+07;2.634375558528394997e+07;2.826314992054628581e+07;3.031953991479848325e+07;3.252240995493145660e+07;3.488187167201653123e+07;3.740870258451107144e+07;4.011438685839425772e+07;4.301115827671610564e+07;4.611204551303751022e+07;4.943091980514882505e+07;5.298254512714346498e+07;5.678263095946415514e+07;6.084788775789124519e+07;6.519608522353249043e+07;6.984611347674217820e+07;7.481804723848602176e+07;8.013321312293402851e+07;8.581426014502789080e+07;9.188523354635538161e+07;9.837165204185077548e+07;1.053005885886167735e+08;1.127007547764912993e+08;1.206025889377585649e+08;1.290383480707211941e+08;1.380422036685528457e+08;1.476503415409121811e+08;1.579010657112805247e+08;1.688349064676546156e+08;1.804947326382444501e+08;1.929258681570063829e+08;2.061762129760685265e+08;2.202963683736426234e+08;2.353397666963862181e+08;2.513628055646089315e+08;2.684249865571683943e+08;2.865890583800297379e+08;3.059211645086886883e+08;3.264909952793898582e+08;3.483719443877560496e+08;3.716412697358060479e+08;3.963802585491933227e+08;4.226743966663202643e+08;4.506135418792243600e+08;4.802921011831581593e+08;5.118092117674743533e+08;5.452689255549634695e+08;5.807803970699882507e+08;6.184580743881205320e+08;6.584218928910636902e+08;7.007974715215282440e+08;7.457163112022979259e+08;7.933159950535278320e+08;8.437403900119585991e+08;8.971398494251475334e+08;9.536714161647225618e+08;1.013499025773537993e+09;1.076793709134800434e+09;1.143733794125723600e+09;1.214505105695485115e+09;1.289301163787517548e+09;1.368323378509377241e+09;1.451781241942005396e+09;1.539892515971915483e+09;1.632883415528543472e+09;1.730988786612843037e+09;1.834452278513887167e+09;1.943526509628532887e+09;2.058473226325308800e+09;2.179563454328026295e+09;2.307077642138467312e+09;2.441305796070141315e+09;2.582547606528923035e+09;2.731112565247916222e+09;2.887320073269000053e+09;3.051499539555210590e+09;3.223990470224266052e+09;3.405142548505573750e+09;3.595315705647542953e+09;3.794880183134786129e+09;4.004216586714750767e+09;4.223715932882403374e+09;4.453779688624092102e+09;4.694819805381954193e+09;4.947258748358764648e+09;5.211529522449590683e+09;5.488075696241207123e+09;5.777351425684356689e+09;6.079821479187493324e+09
1.432275346092169872e+06;1.540029629471328342e+06;1.655846072891350137e+06;1.780322891995083774e+06;1.914102135553669417e+06;2.057872836396620376e+06;2.212374382266666740e+06;2.378400121251279954e+06;2.556801217344750185e+06;2.748490772647013888e+06;2.954448233706125990e+06;3.175724100565497298e+06;3.413444958182065282e+06;3.668818851045993622e+06;3.943141023049414158e+06;4.237800045931490138e+06;4.554284360962846316e+06;4.894189259933851659e+06;5.259224332972628064e+06;5.651221412244854495e+06;6.072143042179342359e+06;6.524091508521261625e+06;7.009318460237008519e+06;7.530235160087874159e+06;8.089423401543624699e+06;8.689647131636125967e+06;9.333864821337481961e+06;1.002524262710795365e+07;1.076716838937471993e+07;1.156326651588373259e+07;1.241741380011056922e+07;1.333375622720690072e+07;1.431672682232008874e+07;1.537106459851272963e+07;1.650183466396308132e+07;1.771444955060461536e+07;1.901469182888661698e+07;2.040873807587806135e+07;2.190318426649899036e+07;2.350507266024528444e+07;2.522192025833411887e+07;2.706174890877616778e+07;2.903311713941772655e+07;3.114515380150729045e+07;3.340759360881711915e+07;3.583081465974873304e+07;3.842587803218589723e+07;4.120456954310168326e+07;4.417944376706488431e+07;4.736387040977984667e+07;5.077208313467887789e+07;5.441923094226504862e+07;5.832143220340915024e+07;6.249583144911544770e+07;6.696065902031761408e+07;7.173529368208065629e+07;7.684032830708727241e+07;8.229763873351758718e+07;8.813045590226641297e+07;9.436344137794795632e+07;1.010227663572264165e+08;1.081361942666744590e+08;1.157331670504949093e+08;1.238448952461941093e+08;1.325044519433546960e+08;1.417468707172313631e+08;1.516092476248257160e+08;1.621308473463193774e+08;1.733532135492799282e+08;1.853202835468730927e+08;1.980785073142164946e+08;2.116769709191476703e+08;2.261675244148781002e+08;2.416049142322309017e+08;2.580469200983040929e+08;2.755544964967366457e+08;2.941919186714959741e+08;3.140269331623192430e+08;3.351309128442547917e+08;3.575790164274791479e+08;3.814503523554799557e+08;4.068281470206380486e+08;4.337999171958324909e+08;4.624576465587208271e+08;4.928979661626434922e+08;5.252223386833170056e+08;5.595372462454832792e+08;5.959543816067181826e+08;6.345908424481335878e+08;6.755693284932932854e+08;7.190183411473979950e+08;7.650723853192645311e+08;8.138721730587445498e+08;8.655648286124110222e+08;9.203040944708598852e+08;9.782505379523711205e+08;1.039571757840082169e+09;1.104442590563889980e+09;1.173045315394273043e+09;1.245569858094174623e+09;1.322213992456863165e+09;1.403183539143073797e+09;1.488692561221192360e+09;1.578963555808483124e+09;1.674227641212611198e+09;1.774724738978872061e+09;1.880703750262539864e+09;1.992422725966678381e+09;2.110149030115198374e+09;2.234159495968304634e+09;2.364740574434737206e+09;2.502188474391329765e+09;2.646809294586736202e+09;2.798919146882269382e+09;2.958844270669455528e+09;3.126921138400040627e+09;3.303496552271255970e+09;3.488927732225279331e+09;3.683582395546656132e+09;3.887838828476670265e+09;4.102085950403610229e+09;4.326723371337412834e+09;4.562161443529115677e+09;4.808821308253931999e+09;5.067134938933188438e+09;5.337545181931832314e+09;5.620505796521376610e+09;5.916481495652225494e+09
1.368347608890139032e+06;1.471326513896733290e+06;1.582014109523489606e+06;1.700982808324252255e+06;1.828847011840904597e+06;1.966266133991095005e+06;2.113947836011569016e+06;2.272651487106225453e+06;2.443191865825529210e+06;2.626443118129846174e+06;2.823342989063433371e+06;3.034897345991165377e+06;3.262185012429416645e+06;3.506362932635734789e+06;3.768671688310550060e+06;4.050441390014325269e+06;4.353097967208900489e+06;4.678169882202931680e+06;5.027295294711103663e+06;5.402229705235423520e+06;5.804854107033963315e+06;6.237183678075274453e+06;6.701377046064691618e+06;7.199746161395045929e+06;7.734766814703439362e+06;8.309089837609709240e+06;8.925553027182212099e+06;9.587193836703713983e+06;1.029726287741066888e+07;1.105923827804028802e+07;1.187684095124349371e+07;1.275405081820564158e+07;1.369512404516025819e+07;1.470461134787255153e+07;1.578737742261334695e+07;1.694862156463595852e+07;1.819389953768602759e+07;1.952914676064378768e+07;2.096070287997301295e+07;2.249533779925610125e+07;2.414027923970677331e+07;2.590324190815041959e+07;2.779245835157261789e+07;2.981671157989450544e+07;3.198536954118272290e+07;3.430842153598117828e+07;3.679651665987309813e+07;3.946100436574345827e+07;4.231397723942310363e+07;4.536831608457396179e+07;4.863773741463387758e+07;5.213684345151719451e+07;5.588117473241747171e+07;5.988726542756516486e+07;6.417270147301869839e+07;6.875618162361834943e+07;7.365758153195375204e+07;7.889802095966909826e+07;8.449993422755822539e+07;9.048714401065516472e+07;9.688493858398394287e+07;1.037201526235458404e+08;1.110212516656989008e+08;1.188184203261688352e+08;1.271436543773818761e+08;1.360308567799039185e+08;1.455159377600749135e+08;1.556369190217227936e+08;1.664340421749298871e+08;1.779498814591247439e+08;1.902294608314317167e+08;2.033203754838989377e+08;2.172729178452151418e+08;2.321402081134397089e+08;2.479783293563182950e+08;2.648464672047986388e+08;2.828070541532604694e+08;3.019259184668158889e+08;3.222724376817466617e+08;3.439196966695666909e+08;3.669446502185505033e+08;3.914282900683749914e+08;4.174558163145568371e+08;4.451168130784240365e+08;4.745054283168269396e+08;5.057205576226615310e+08;5.388660318427581787e+08;5.740508083147515059e+08;6.113891654974923134e+08;6.510009007427020073e+08;6.930115309270579815e+08;7.375524956352368593e+08;7.847613625554389954e+08;8.347820347192612886e+08;8.877649591892743111e+08;9.438673367683693171e+08;1.003253332277823567e+09;1.066094284924326181e+09;1.132568918251395941e+09;1.202863549148621798e+09;1.277172295372016668e+09;1.355697281012830257e+09;1.438648839339372873e+09;1.526245712429058313e+09;1.618715247004526615e+09;1.716293585891180515e+09;1.819225854522769451e+09;1.927766341938218832e+09;2.042178675736658812e+09;2.162735990490581036e+09;2.289721089156994343e+09;2.423426597077404022e+09;2.564155108216608047e+09;2.712219323359393120e+09;2.867942180064125061e+09;3.031656974261095047e+09;3.203707473482529163e+09;3.384448021821151257e+09;3.574243636831143856e+09;3.773470098712532997e+09;3.982514032256966114e+09;4.201772982171238899e+09;4.431655482546058655e+09;4.672581121387038231e+09;4.924980601282151222e+09;5.189295797432892799e+09;5.465979814433309555e+09;5.755497043329825401e+09
1.306936699910619296e+06;1.405325567351334728e+06;1.511083079591813963e+06;1.624756793760221917e+06;1.746934476094644284e+06;1.878247001867354382e+06;2.019371458725397009e+06;2.171034467103603762e+06;2.334015732220221777e+06;2.509151843063759152e+06;2.697340334726923611e+06;2.899544031443367247e+06;3.116795688731519505e+06;3.350202954154965468e+06;3.600953667369254865e+06;3.870321521342757158e+06;4.159672107915699482e+06;4.470469372201010585e+06;4.804282501731224358e+06;5.162793277717710473e+06;5.547803917323681526e+06;5.961245437443293631e+06;6.405186572146093473e+06;6.881843277677216567e+06;7.393588860703007318e+06;7.942964767363004386e+06;8.532692072624180466e+06;9.165683711443774402e+06;9.845057495316458866e+06;1.057414995992613211e+07;1.135653109182538092e+07;1.219601998433630727e+07;1.309670147519057430e+07;1.406294382081824914e+07;1.509941746462777816e+07;1.621111495911052823e+07;1.740337210413150489e+07;1.868189036634498462e+07;2.005276064725849777e+07;2.152248847011305019e+07;2.309802065836896747e+07;2.478677358124672621e+07;2.659666304440643638e+07;2.853613590648077056e+07;3.061420350478024408e+07;3.284047697604791820e+07;3.522520456065165997e+07;3.777931098103689402e+07;4.051443898763614148e+07;4.344299316765272617e+07;4.657818611430927366e+07;4.993408705611847341e+07;5.352567304757691175e+07;5.736888282434584200e+07;6.148067342742555588e+07;6.587907970206189901e+07;7.058327677809365094e+07;7.561364563914582133e+07;8.099184188847427070e+07;8.674086781932157278e+07;9.288514789735218883e+07;9.945060776202180982e+07;1.064647568526673317e+08;1.139567747634714395e+08;1.219576014294508845e+08;1.305000312429842502e+08;1.396188111972815096e+08;1.493507431493958235e+08;1.597347902910199165e+08;1.708121879101963937e+08;1.826265585212713778e+08;1.952240314337848127e+08;2.086533668236627281e+08;2.229660843617078662e+08;2.382165964452067316e+08;2.544623460683581233e+08;2.717639493559817672e+08;2.901853427727460861e+08;3.097939350068430901e+08;3.306607635124928355e+08;3.528606556800619364e+08;3.764723945855766535e+08;4.015788892534399033e+08;4.282673493466472030e+08;4.566294641782902479e+08;4.867615859161761999e+08;5.187649168294423223e+08;5.527457004017159939e+08;5.888154161101597548e+08;6.270909776434385777e+08;6.676949343044953346e+08;7.107556753161755800e+08;7.564076367194827795e+08;8.047915105255851746e+08;8.560544557540007830e+08;9.103503109611551762e+08;9.678398078357529640e+08;1.028690785410670877e+09;1.093078404415983438e+09;1.161185361274123907e+09;1.233202101217596054e+09;1.309327029991318464e+09;1.389766723587445259e+09;1.474736135450126886e+09;1.564458800581675291e+09;1.659167035981472969e+09;1.759102136854942322e+09;1.864514568040776014e+09;1.975664150125563383e+09;2.092820239740741491e+09;2.216261903572266102e+09;2.346278085658424377e+09;2.483167767602470398e+09;2.627240121391769409e+09;2.778814654584956646e+09;2.938221347713318825e+09;3.105800783832573414e+09;3.281904270264157295e+09;3.466893952675518513e+09;3.661142921769655704e+09;3.865035312981139183e+09;4.078966399712994576e+09;4.303342680789414406e+09;4.538581962946792603e+09;4.785113439336142540e+09;5.043377765162182808e+09;5.313827131736250877e+09;5.596925340369697571e+09
1.247973295152654871e+06;1.341952584394463338e+06;1.442973567106722156e+06;1.551559872050111881e+06;1.668273620359969791e+06;1.793718206043586135e+06;1.928541271985048195e+06;2.073437894631495001e+06;2.229153991364005487e+06;2.396489965428677388e+06;2.576304604224957526e+06;2.769519247718885541e+06;2.977122244770609308e+06;3.200173716241743416e+06;3.439810644877348561e+06;3.697252313146634493e+06;3.973806111471816897e+06;4.270873740580903366e+06;4.589957833092298359e+06;4.932669020867430605e+06;5.300733476170939393e+06;5.696000956238064915e+06;6.120453382482990623e+06;6.576213987283810042e+06;7.065557063046733849e+06;7.590918350093314424e+06;8.154906101825074293e+06;8.760312867596918717e+06;9.410128035780608654e+06;1.010755118161615916e+07;1.085600626663379557e+07;1.165915673867876828e+07;1.252092158388272487e+07;1.344549238430205174e+07;1.443735143737164699e+07;1.550129099580647051e+07;1.664243368911924399e+07;1.786625419049346447e+07;1.917860219536755607e+07;2.058572678072877601e+07;2.209430221677720547e+07;2.371145530531200394e+07;2.544479432185512409e+07;2.730243964123395830e+07;2.929305612897809595e+07;3.142588738353991881e+07;3.371079191692259163e+07;3.615828136383847147e+07;3.877956081197404861e+07;4.158657134831526130e+07;4.459203491873875260e+07;4.780950160022325069e+07;5.125339938701502979e+07;5.493908659392216802e+07;5.888290698154131323e+07;6.310224770964531600e+07;6.761560022616551816e+07;7.244262420013199747e+07;7.760421460758061707e+07;8.312257207976187766e+07;8.902127662303185463e+07;9.532536481933549047e+07;1.020614106155299693e+08;1.092576098084863126e+08;1.169438683313063681e+08;1.251518944437746704e+08;1.339152949274525344e+08;1.432696753825853765e+08;1.532527447200275362e+08;1.639044239368983507e+08;1.752669592594174445e+08;1.873850397303761840e+08;2.003059193119973540e+08;2.140795435672683716e+08;2.287586809744588137e+08;2.443990589201393127e+08;2.610595044056108296e+08;2.788020894904192686e+08;2.976922814841682315e+08;3.177990978843211532e+08;3.391952660430825949e+08;3.619573875306670070e+08;3.861661071452155709e+08;4.119062865014643669e+08;4.392671821107534766e+08;4.683426278444651961e+08;4.992312216509277821e+08;5.320365163730666637e+08;5.668672144896658659e+08;6.038373665783593655e+08;6.430665732720372677e+08;6.846801904537172318e+08;7.288095374076547623e+08;7.755921076161260605e+08;8.251717818639060259e+08;8.776990432839410305e+08;9.333311939506655931e+08;9.922325726002210379e+08;1.054574773031722784e+09;1.120536862719177485e+09;1.190305601142089367e+09;1.264075657323201656e+09;1.342049826045682669e+09;1.424439242209300280e+09;1.511463592776927471e+09;1.603351325759123325e+09;1.700339855686832190e+09;1.802675765029659033e+09;1.910615001033088923e+09;2.024423067468959093e+09;2.144375210824149370e+09;2.270756600490442276e+09;2.403862502565605164e+09;2.543998446931799889e+09;2.691480387343213558e+09;2.846634854329741955e+09;3.009799100809022427e+09;3.181321240392664433e+09;3.361560378477904797e+09;3.550886736326784611e+09;3.749681768458746433e+09;3.958338273809333324e+09;4.177260501245380878e+09;4.406864250167597771e+09;4.647576967076892853e+09;4.899837839130657196e+09;5.164097885862911224e+09;5.440820050390735626e+09
1.191387737449422479e+06;1.281132979560119333e+06;1.377605723443486495e+06;1.481306575298619922e+06;1.592772978919337038e+06;1.712581880752918776e+06;1.841352582787274849e+06;1.979749795970106497e+06;2.128486907666484825e+06;2.288329477508575656e+06;2.460098976886862889e+06;2.644676788273074199e+06;2.843008481562175322e+06;3.056108385663561523e+06;3.285064474675465375e+06;3.531043589132023044e+06;3.795297014028147329e+06;4.079166436603642534e+06;4.384090308204095811e+06;4.711610635938147083e+06;5.063380231314363889e+06;5.441170444575929083e+06;5.846879415047002025e+06;6.282540869478749111e+06;6.750333502114592120e+06;7.252590972009636462e+06;7.791812555012480356e+06;8.370674489774036221e+06;8.992042059163806960e+06;9.658982450568987057e+06;1.037477844071227685e+07;1.114294295285108872e+07;1.196723453651849553e+07;1.285167382232267037e+07;1.380056100674130954e+07;1.481849442432901263e+07;1.591039026727586612e+07;1.708150351484648883e+07;1.833745013784031197e+07;1.968423064587478340e+07;2.112825504798523709e+07;2.267636929973468557e+07;2.433588331275632232e+07;2.611460060536927730e+07;2.802084967562962323e+07;3.006351718087070435e+07;3.225208301044469327e+07;3.459665734101268649e+07;3.710801976626455039e+07;3.979766059544157237e+07;4.267782441741997004e+07;4.576155602937952429e+07;4.906274883123539388e+07;5.259619578898023069e+07;5.637764307194119692e+07;6.042384647053110600e+07;6.475263070253246278e+07;6.938295171706619859e+07;7.433496210634186864e+07;7.963007973585829139e+07;8.529105970401403308e+07;9.134206974202889204e+07;9.780876916462223232e+07;1.047183914810341597e+08;1.120998307746961713e+08;1.199837319580672532e+08;1.284025850068629384e+08;1.373908232751164436e+08;1.469849259890546799e+08;1.572235250137813687e+08;1.681475159820714891e+08;1.798001738691444695e+08;1.922272730912770033e+08;2.054772121990388334e+08;2.196011432283596694e+08;2.346531057639231086e+08;2.506901657598564923e+08;2.677725591522959471e+08;2.859638402867404222e+08;3.053310351707435250e+08;3.259447995486963391e+08;3.478795817808972597e+08;3.712137904929326773e+08;3.960299669446247220e+08;4.224149620492740273e+08;4.504601179546177387e+08;4.802614540762304068e+08;5.119198574523320198e+08;5.455412772659461498e+08;5.812369233566306829e+08;6.191234685187442303e+08;6.593232543577828407e+08;7.019645004495912790e+08;7.471815165203630924e+08;7.951149173380846977e+08;8.459118399784518480e+08;8.997261631013494730e+08;9.567187278472248316e+08;1.017057559936772704e+09;1.080918092533180952e+09;1.148483389403127432e+09;1.219944367892474890e+09;1.295500021214514732e+09;1.375357639534357786e+09;1.459733029322303772e+09;1.548850730442516088e+09;1.642944230442450762e+09;1.742256175512721062e+09;1.847038577597517252e+09;1.957553017153639555e+09;2.074070841080514431e+09;2.196873355376626492e+09;2.326252012119097710e+09;2.462508590412598133e+09;2.605955371013267040e+09;2.756915304401652336e+09;2.915722172156583786e+09;3.082720741569219589e+09;3.258266913533662319e+09;3.442727863855347633e+09;3.636482178235184193e+09;3.839919981306899071e+09;4.053443060236607552e+09;4.277464983530166626e+09;4.512411215831053734e+09;4.758719229640137672e+09;5.016838615030951500e+09;5.287231188581148148e+09
1.137110222650582669e+06;1.222791988541018683e+06;1.314899484738487052e+06;1.413911178882483393e+06;1.520340782135637244e+06;1.634739802736687707e+06;1.757700279933305457e+06;1.889857710538058309e+06;2.031894181128595257e+06;2.184541719735649414e+06;2.348585881730270572e+06;2.524869585537888110e+06;2.714297214772292413e+06;2.917839004399782512e+06;3.136535729615682270e+06;3.371503717240672559e+06;3.623940200630714186e+06;3.895129040335949510e+06;4.186446834050162695e+06;4.499369440760935657e+06;4.835478945441440679e+06;5.196471092125180177e+06;5.584163214772445150e+06;6.000502696969093755e+06;6.447575993209253997e+06;6.927618246285322122e+06;7.443023537158708088e+06;7.996355805606022477e+06;8.590360481924762949e+06;9.227976872049525380e+06;9.912351340562762693e+06;1.064685133829066157e+07;1.143508032344910689e+07;1.228089362764416263e+07;1.318841532043974847e+07;1.416205612866940536e+07;1.520653246919117309e+07;1.632688665637098998e+07;1.752850834819102287e+07;1.881715729756520689e+07;2.019898747813021019e+07;2.168057265652847663e+07;2.326893348593906686e+07;2.497156619838958234e+07;2.679647297613221407e+07;2.875219408513103426e+07;3.084784185644129291e+07;3.309313660394722968e+07;3.549844456958314031e+07;3.807481798973971605e+07;4.083403737905701250e+07;4.378865613021345437e+07;4.695204753059864044e+07;5.033845429891784489e+07;5.396304074675948173e+07;5.784194767196915299e+07;6.199235009230692685e+07;6.643251792921692133e+07;7.118187975272487104e+07;7.626108969929547608e+07;8.169209767508250475e+07;8.749822295721220970e+07;9.370423130563017726e+07;1.003364156975271702e+08;1.074226807954262048e+08;1.149926312586202770e+08;1.230776640058284849e+08;1.317110645344958305e+08;1.409281073992791772e+08;1.507661609487272799e+08;1.612647964149844944e+08;1.724659014465988278e+08;1.844137981689424217e+08;1.971553658504796624e+08;2.107401682461768687e+08;2.252205856813135147e+08;2.406519519303140342e+08;2.570926959355355203e+08;2.746044884002709985e+08;2.932523932786741257e+08;3.131050241725681424e+08;3.342347056314671636e+08;3.567176393371998668e+08;3.806340751385554671e+08;4.060684868843591213e+08;4.331097529849070907e+08;4.618513416124111414e+08;4.923915004303999543e+08;5.248334507203630805e+08;5.592855857510842085e+08;5.958616732125325203e+08;6.346810615111274719e+08;6.758688896982476711e+08;7.195563007773058414e+08;7.658806581085485220e+08;8.149857646037111282e+08;8.670220843762592077e+08;9.221469664861925840e+08;9.805248703928793669e+08;1.042327592704688072e+09;1.107734494790597677e+09;1.176932730798043966e+09;1.250117475601528406e+09;1.327492152191204071e+09;1.409268657996931076e+09;1.495667589635460615e+09;1.586918465563466549e+09;1.683259946120780706e+09;1.784940050454470158e+09;1.892216369827822924e+09;2.005356276838368416e+09;2.124637130096444368e+09;2.250346473951887131e+09;2.382782232899383068e+09;2.522252900347143173e+09;2.669077721494022846e+09;2.823586870132805347e+09;2.986121619275888920e+09;3.157034505591732025e+09;3.336689487737353325e+09;3.525462098780069828e+09;3.723739593018755913e+09;3.931921087636290073e+09;4.150417699746096611e+09;4.379652679529689789e+09;4.620061540303295135e+09;4.872092186491230965e+09;5.136205040628848076e+09
1.085070976524698082e+06;1.166854859385122545e+06;1.254774778537844773e+06;1.349287924803026021e+06;1.450885197859810898e+06;1.560093652166364715e+06;1.677479116040316410e+06;1.803648995693261269e+06;1.939255276766979368e+06;2.084997736715754028e+06;2.241627382221101783e+06;2.409950126714530867e+06;2.590830724020636640e+06;2.785196975122512318e+06;2.994044226091449149e+06;3.218440176321092062e+06;3.459530017357038334e+06;3.718541923826635815e+06;3.996792919244788121e+06;4.295695140807758085e+06;4.616762528685157187e+06;4.961617966786631383e+06;5.332000903511324897e+06;5.729775482591644861e+06;6.156939215812570415e+06;6.615632231133488938e+06;7.108147131552708335e+06;7.636939501945451833e+06;8.204639103065072559e+06;8.814061793934058398e+06;9.468222225957719609e+06;1.017034735427388549e+07;1.092389081410317495e+07;1.173254821218267642e+07;1.260027338575860485e+07;1.353129568406069651e+07;1.453013832970052958e+07;1.560163792000698857e+07;1.675096513093422726e+07;1.798364668885919079e+07;1.930558867829472199e+07;2.072310125629885867e+07;2.224292484713920951e+07;2.387225789357098192e+07;2.561878624389275536e+07;2.749071425674824789e+07;2.949679770844827220e+07;3.164637859034070745e+07;3.394942188650012016e+07;3.641655442468198389e+07;3.905910589610243589e+07;4.188915214211559296e+07;4.491956080830793083e+07;4.816403946879737824e+07;5.163718632572175562e+07;5.535454359086316824e+07;5.933265365818604082e+07;6.358911817768047750e+07;6.814266014224287868e+07;7.301318910048764944e+07;7.822186960917890072e+07;8.379119303952315450e+07;8.974505285173371434e+07;9.610882345213145018e+07;1.029094427464258373e+08;1.101754985018629581e+08;1.179373186294538975e+08;1.262270654955546558e+08;1.350788343695739210e+08;1.445287561116017699e+08;1.546151042000642419e+08;1.653784061953074634e+08;1.768615597300583720e+08;1.891099531120666862e+08;2.021715906178727448e+08;2.160972225494535267e+08;2.309404801175081134e+08;2.467580152062522471e+08;2.636096450648283660e+08;2.815585019596778154e+08;3.006711878105221391e+08;3.210179338197699785e+08;3.426727650914750695e+08;3.657136702209030390e+08;3.902227758198742270e+08;4.162865259258361459e+08;4.439958662243380547e+08;4.734464329952049851e+08;5.047387466721553206e+08;5.379784098839861155e+08;5.732763098230528831e+08;6.107488247628657818e+08;6.505180345226064920e+08;6.927119346511439085e+08;7.374646540774176121e+08;7.849166759481699467e+08;8.352150613479582071e+08;8.885136755702161789e+08;9.449734165826908350e+08;1.004762445305777311e+09;1.068056417298621058e+09;1.135038715425838470e+09;1.205900683057556629e+09;1.280841857338026047e+09;1.360070202043531895e+09;1.443802339539154053e+09;1.532263781337797403e+09;1.625689156761845350e+09;1.724322439212004423e+09;1.828417169556440353e+09;1.938236676169232607e+09;2.054054291169753075e+09;2.176153562445069313e+09;2.304828461075161457e+09;2.440383583828053951e+09;2.583134350447335243e+09;2.733407195518523216e+09;2.891539754775507927e+09;3.057881045789106846e+09;3.232791643074450016e+09;3.416643847751743317e+09;3.609821852005936623e+09;3.812721898706714153e+09;4.025752436673443794e+09;4.249334272200847626e+09;4.483900717593876839e+09;4.729897737598782539e+09;4.987784094756557465e+09
1.035200422018245095e+06;1.113247033309596358e+06;1.197151719270594651e+06;1.287351233011410804e+06;1.384314559897506144e+06;1.488545259644519305e+06;1.600583974581201328e+06;1.721011115436293418e+06;1.850449736734829610e+06;1.989568614660724299e+06;2.139085541059812531e+06;2.299770848117868882e+06;2.472451179159300402e+06;2.658013521971192677e+06;2.857409522069445811e+06;3.071660094389981125e+06;3.301860353008662350e+06;3.549184879675085656e+06;3.814893353183497675e+06;4.100336562907319050e+06;4.406962831187975593e+06;4.736324870701195672e+06;5.090087104421667755e+06;5.470033477373700589e+06;5.878075790993599221e+06;6.316262592639503069e+06;6.786788654564244673e+06;7.292005078522206284e+06;7.834430064113092609e+06;8.416760380964854732e+06;9.041883586939170957e+06;9.712891036695020273e+06;1.043309172716728412e+07;1.120602702882119827e+07;1.203548635390510969e+07;1.292552381536300853e+07;1.388047593257150799e+07;1.490498044262588769e+07;1.600399627852451056e+07;1.718282477827554569e+07;1.844713219167431816e+07;1.980297355426434055e+07;2.125681800079192966e+07;2.281557559330002964e+07;2.448662574184310809e+07;2.627784729866038635e+07;2.819765040949679166e+07;3.025501020860512927e+07;3.245950244674889743e+07;3.482134114432322979e+07;3.735141836440782994e+07;4.006134620319718868e+07;4.296350109783891588e+07;4.607107055410543829e+07;4.939810239870649576e+07;5.295955666314481199e+07;5.677136020811204612e+07;6.085046419914098084e+07;6.521490454590968043e+07;6.988386541890981793e+07;7.487774595831246674e+07;8.021823029064899683e+07;8.592836096946386993e+07;9.203261595619359612e+07;9.855698925733739138e+07;1.055290753333503753e+08;1.129781573936139345e+08;1.209352996903367788e+08;1.294334439221888483e+08;1.385075098559558392e+08;1.481945002713041604e+08;1.585336103301548064e+08;1.695663414676504433e+08;1.813366198968037069e+08;1.938909198130741119e+08;2.072783913787370920e+08;2.215509935594613850e+08;2.367636318775878549e+08;2.529743011375068426e+08;2.702442331686484218e+08;2.886380496208077073e+08;3.082239198347479701e+08;3.290737237980429530e+08;3.512632201824344397e+08;3.748722194439221621e+08;3.999847619507414103e+08;4.266893010874087811e+08;4.550788912644912004e+08;4.852513807447530031e+08;5.173096091756698489e+08;5.513616096970441341e+08;5.875208154699052572e+08;6.259062704498976469e+08;6.666428442038954496e+08;7.098614505444313288e+08;7.556992697308642864e+08;8.042999739612491131e+08;8.558139558531433344e+08;9.103985595864797831e+08;9.682183143569731712e+08;1.029445169764796615e+09;1.094258732740520000e+09;1.162846505589922667e+09;1.235404124720248461e+09;1.312135599594562292e+09;1.393253551448392153e+09;1.478979451293102980e+09;1.569543856726171732e+09;1.665186647068426371e+09;1.766157256353635073e+09;1.872714903707591295e+09;1.985128820671927452e+09;2.103678475052825928e+09;2.228653790908320904e+09;2.360355364327994823e+09;2.499094674708767414e+09;2.645194291288530827e+09;2.798988074766057968e+09;2.960821373911863804e+09;3.131051217159799099e+09;3.310046499262558460e+09;3.498188163196551800e+09;3.695869377612158775e+09;3.903495710242054939e+09;4.121485297805067062e+09;4.350269013070018768e+09;4.590290629880320549e+09;4.842006987072321892e+09
9.874293365976205096e+05;1.061894314835676691e+06;1.141950792223333381e+06;1.228015900355254067e+06;1.320537583152058301e+06;1.419996838867532322e+06;1.526910121497604763e+06;1.641831912519594654e+06;1.765357474597367691e+06;1.898125799633980962e+06;2.040822764345128089e+06;2.194184507361127995e+06;2.359001042747600470e+06;2.536120125766687095e+06;2.726451387682664674e+06;2.930970757451541256e+06;3.150725189224537928e+06;3.386837715743318200e+06;3.640512848912295885e+06;3.913042350101244636e+06;4.205811394062808715e+06;4.520305151747033931e+06;4.858115818757839501e+06;5.220950117728039622e+06;5.610637304493782111e+06;6.029137709620627575e+06;6.478551848582925275e+06;6.961130135715946555e+06;7.479283238959893584e+06;8.035593114381420426e+06;8.632824761508004740e+06;9.273938742631861940e+06;9.962104511436790228e+06;1.070071459857372195e+07;1.149339970415608771e+07;1.234404474956073612e+07;1.325680594340710528e+07;1.423612891913872585e+07;1.528676800424156524e+07;1.641380668381418288e+07;1.762267932392296940e+07;1.891919422295285389e+07;2.030955806198504567e+07;2.180040182807495818e+07;2.339880828718468174e+07;2.511234108642324060e+07;2.694907556813343987e+07;2.891763138127832860e+07;3.102720697845015302e+07;3.328761608967469633e+07;3.570932626699982584e+07;3.830349959659601748e+07;4.108203567778173834e+07;4.405761697095003724e+07;4.724375661886796355e+07;5.065484884813325107e+07;5.430622205977503210e+07;5.821419472000493854e+07;6.239613416392976046e+07;6.687051842663879693e+07;7.165700121745474637e+07;7.677648015419217944e+07;8.225116837508128583e+07;8.810466964646659791e+07;9.436205708452373743e+07;1.010499556089438945e+08;1.081966282458989918e+08;1.158320663964338005e+08;1.239880841849206388e+08;1.326984170000087619e+08;1.419988243380078971e+08;1.519271970553183854e+08;1.625236691328062117e+08;1.738307340505338907e+08;1.858933658661345840e+08;1.987591450843153596e+08;2.124783893983447552e+08;2.271042893770427108e+08;2.426930491625702083e+08;2.593040322352364659e+08;2.769999122916328311e+08;2.958468292714432478e+08;3.159145505563786626e+08;3.372766373519617915e+08;3.600106162487467527e+08;3.841981559448226094e+08;4.099252490953097343e+08;4.372823992374410629e+08;4.663648127218341231e+08;4.972725955609640479e+08;5.301109550861494541e+08;5.649904062825860977e+08;6.020269826502276659e+08;6.413424514151793718e+08;6.830645328927048445e+08;7.273271237785550356e+08;7.742705241211094856e+08;8.240416677015630007e+08;8.767943555250469446e+08;9.326894921009163857e+08;9.918953241670107841e+08;1.054587681489624619e+09;1.120950219349792480e+09;1.191174662307107449e+09;1.265461048814702749e+09;1.344017976245114565e+09;1.427062845875010967e+09;1.514822107370362520e+09;1.607531502309846878e+09;1.705436306287118673e+09;1.808791569140200138e+09;1.917862352869966745e+09;2.032923966830209732e+09;2.154262199799781322e+09;2.282173548582629681e+09;2.416965442824915886e+09;2.558956465790163040e+09;2.708476570894603729e+09;2.865867293873177528e+09;3.031481960525964737e+09;3.205685890080894470e+09;3.388856594304334641e+09;3.581383972594781876e+09;3.783670503405269623e+09;3.996131432458973408e+09;4.219194958344443798e+09;4.453302416205908775e+09;4.698908460375638962e+09
9.416889994874015683e+05;1.012723031040536473e+06;1.089093025793927023e+06;1.171197286903832806e+06;1.259463565178054618e+06;1.354351204659372801e+06;1.456353441067517502e+06;1.565999863612659974e+06;1.683859051377536030e+06;1.810541396187067730e+06;1.946702124650497921e+06;2.093044532869369490e+06;2.250323448160076980e+06;2.419348933042397723e+06;2.600990247699192725e+06;2.796180088116907980e+06;3.005919118177102413e+06;3.231280815083843656e+06;3.473416648687624838e+06;3.733561616499792784e+06;4.013040157490480691e+06;4.313272469123119488e+06;4.635781253508438356e+06;4.982198920056576841e+06;5.354275273572808132e+06;5.753885718380180188e+06;6.183040010763776489e+06;6.643891593816001900e+06;7.138747550624248572e+06;7.670079213677565567e+06;8.240533470384159125e+06;8.852944806679567322e+06;9.510348132875680923e+06;1.021599243814241327e+07;1.097335532233275473e+07;1.178615845625746995e+07;1.265838402397836372e+07;1.359429220322887786e+07;1.459843974266503751e+07;1.567569969732886553e+07;1.683128238641516864e+07;1.807075764022584260e+07;1.940007840601154044e+07;2.082560578527723625e+07;2.235413557802229375e+07;2.399292641232410446e+07;2.574972954060434550e+07;2.763282038688211888e+07;2.965103193224745244e+07;3.181379002872958407e+07;3.413115073461613804e+07;3.661383976713688672e+07;3.927329417121154815e+07;4.212170630566669255e+07;4.517207025094339252e+07;4.843823074481628090e+07;5.193493475500138104e+07;5.567788579974219203e+07;5.968380112949388474e+07;6.397047188465370983e+07;6.855682634587158263e+07;7.346299639486299455e+07;7.871038730468073487e+07;8.432175097922745347e+07;9.032126276216544211e+07;9.673460193556775153e+07;1.035890360282421708e+08;1.109135090530338436e+08;1.187387337912135422e+08;1.270972882404007167e+08;1.360237163403680921e+08;1.455546330883285999e+08;1.557288341520865262e+08;1.665874100855167806e+08;1.781738652463477254e+08;1.905342415110042989e+08;2.037172468753555715e+08;2.177743890235788524e+08;2.327601139398467839e+08;2.487319496293066144e+08;2.657506550057099164e+08;2.838803739929668903e+08;3.031887948769968748e+08;3.237473149323384166e+08;3.456312103350157142e+08;3.689198113593948483e+08;3.936966828416212797e+08;4.200498098764921427e+08;4.480717886973648667e+08;4.778600226708689332e+08;5.095169233188694715e+08;5.431501162603335381e+08;5.788726519446454048e+08;6.168032210259817839e+08;6.570663742060219049e+08;6.997927463488183022e+08;7.451192846480432749e+08;7.931894806027730703e+08;8.441536055339494944e+08;8.981689493495293856e+08;9.554000622429169416e+08;1.016018998986724019e+09;1.080205565461701632e+09;1.148147567041327000e+09;1.220041058433739662e+09;1.296090594567317009e+09;1.376509482093298435e+09;1.461520031069427252e+09;1.551353806383270502e+09;1.646251878473207951e+09;1.746465072908701658e+09;1.852254218402534962e+09;1.963890392842927933e+09;2.081655166956559420e+09;2.205840845244531155e+09;2.336750703870026112e+09;2.474699225223237038e+09;2.620012328942875385e+09;2.773027599237177372e+09;2.934094508417873859e+09;3.103574636641981602e+09;3.281841887943546295e+09;3.469282702735452175e+09;3.666296267066009998e+09;3.873294719024234295e+09;4.090703352809884548e+09;4.318960821101647377e+09;4.558519336488478661e+09
8.979113286987391766e+05;9.656601798094215337e+05;1.038500151896057185e+06;1.116811489510289859e+06;1.201002573989659548e+06;1.291511976203876780e+06;1.388810655836679740e+06;1.493404317312393570e+06;1.605835933137857122e+06;1.726688446127982344e+06;1.856587662724578520e+06;1.996205350400377298e+06;2.146262552968507167e+06;2.307533138493151404e+06;2.480847595420307014e+06;2.667097093524287920e+06;2.867237827292860020e+06;3.082295660459054634e+06;3.313371091529024299e+06;3.561644561356016900e+06;3.828382125074846204e+06;4.114941512036954984e+06;4.422778598779835738e+06;4.753454321524793282e+06;5.108642056226518936e+06;5.490135495801313780e+06;5.899857055833487771e+06;6.339866841808237135e+06;6.812372212747125886e+06;7.319737978018500842e+06;7.864497266079358757e+06;8.449363105956418440e+06;9.077240764416847378e+06;9.751240883983643726e+06;1.047469346924960986e+07;1.125116277130609378e+07;1.208446312254802883e+07;1.297867577663374878e+07;1.393816681096155196e+07;1.496760615168532729e+07;1.607198778400415927e+07;1.725665121324263886e+07;1.852730424507264793e+07;1.989004715610288829e+07;2.135139832898974046e+07;2.291832142917380482e+07;2.459825420333391428e+07;2.639913898264257982e+07;2.832945497690113261e+07;3.039825244864780083e+07;3.261518885927623510e+07;3.499056708217526227e+07;3.753537578076604754e+07;4.026133205216186494e+07;4.318092643990643322e+07;4.630747042191135883e+07;4.965514648223095387e+07;5.323906087770387530e+07;5.707529921272049099e+07;6.118098493743531406e+07;6.557434088656030595e+07;7.027475397751140594e+07;7.530284318801358342e+07;8.068053093436256051e+07;8.643111797228944302e+07;9.257936194282326102e+07;9.915155968559974432e+07;1.061756334417391419e+08;1.136812210676671714e+08;1.216997703800759315e+08;1.302646377504782826e+08;1.394111910656894445e+08;1.491769171677471399e+08;1.596015338835166991e+08;1.707271067502565086e+08;1.825981705388492346e+08;1.952618556711387932e+08;2.087680196218261719e+08;2.231693833887124658e+08;2.385216731074392796e+08;2.548837668787294030e+08;2.723178468667799234e+08;2.908895567175279856e+08;3.106681643344358802e+08;3.317267300376594067e+08;3.541422801193332076e+08;3.779959857941206694e+08;4.033733475290924907e+08;4.303643847211114168e+08;4.590638306730906963e+08;4.895713328024928570e+08;5.219916579966151118e+08;5.564349030092753172e+08;5.930167097729879618e+08;6.318584854790982008e+08;6.730876272560930252e+08;7.168377512538720369e+08;7.632489259180539846e+08;8.124679092156364918e+08;8.646483895493745804e+08;9.199512300754207373e+08;9.785447161161181927e+08;1.040604805337931275e+09;1.106315380344397068e+09;1.175868503314480543e+09;1.249464672300611973e+09;1.327313078786216974e+09;1.409631866090826035e+09;1.496648388204416513e+09;1.588599468627739668e+09;1.685731658797844410e+09;1.788301495683385849e+09;1.896575758146982193e+09;2.010831721690637827e+09;2.131357411224806547e+09;2.258451851534732819e+09;2.392425315158368111e+09;2.533599567437287331e+09;2.682308108560183048e+09;2.838896412482416153e+09;3.003722162679151058e+09;3.177155484771309853e+09;3.359579176154558659e+09;3.551388932858260632e+09;3.752993573967481613e+09;3.964815264052665710e+09;4.187289734168834209e+09;4.420866502107537270e+09
8.560290078167162137e+05;9.206335670527078910e+05;9.900947544739012374e+05;1.064775502564253286e+06;1.145065622069838922e+06;1.231383765414158348e+06;1.324179530542980414e+06;1.423935714916531229e+06;1.531170730003923178e+06;1.646441187311309623e+06;1.770344667689823546e+06;1.903522686427506385e+06;2.046663867430645507e+06;2.200507340647803620e+06;2.365846377784455661e+06;2.543532282303391024e+06;2.734478550701849628e+06;2.939665323111217935e+06;3.160144142372100614e+06;3.397043041906503495e+06;3.651571983938149177e+06;3.925028670901868027e+06;4.218804754242598079e+06;4.534392466226923279e+06;4.873391701884210110e+06;5.237517579758474603e+06;5.628608511790418066e+06;6.048634814359224401e+06;6.499707894301996566e+06;6.984090045594858937e+06;7.504204894317564555e+06;8.062648531553952955e+06;8.662201375971347094e+06;9.305840810012944043e+06;9.996754635889189318e+06;1.073835539990084805e+07;1.153429563603710011e+07;1.238848408229139633e+07;1.330510292570238747e+07;1.428862613476675749e+07;1.534383894058266468e+07;1.647585853085387871e+07;1.769015602371131629e+07;1.899257979121400416e+07;2.038938020530390367e+07;2.188723588198725879e+07;2.349328150251760706e+07;2.521513729338780791e+07;2.706094024999998882e+07;2.903937719192487374e+07;3.115971974071500078e+07;3.343186131426243484e+07;3.586635623467750847e+07;3.847446104960545152e+07;4.126817816977540404e+07;4.426030192835498601e+07;4.746446717038594186e+07;5.089520048311593384e+07;5.456797418050034344e+07;5.849926315735141188e+07;6.270660473073639721e+07;6.720866158805541694e+07;7.202528796283982694e+07;7.717759916072593629e+07;8.268804455906988680e+07;8.858048420448124409e+07;9.488026913296656311e+07;1.016143255373917073e+08;1.088112429066675305e+08;1.165013662602881789e+08;1.247168926005692780e+08;1.334919717032861859e+08;1.428628113651240170e+08;1.528677872235766947e+08;1.635475572615698278e+08;1.749451811051028967e+08;1.871062442175424099e+08;2.000789870889402330e+08;2.139144395126909614e+08;2.286665600350670516e+08;2.443923806556597650e+08;2.611521568483995199e+08;2.790095229635342956e+08;2.980316530610211492e+08;3.182894272146667838e+08;3.398576033145675659e+08;3.628149943824505210e+08;3.872446514006854892e+08;4.132340516411042213e+08;4.408752924636983275e+08;4.702652905387889743e+08;5.015059864282284975e+08;5.347045544428974986e+08;5.699736176737961769e+08;6.074314680740168095e+08;6.472022914475549459e+08;6.894163971792352200e+08;7.342104525177900791e+08;7.817277212015190125e+08;8.321183061933120489e+08;8.855393962690629959e+08;9.421555161813350916e+08;1.002138780098280907e+09;1.065669147997552752e+09;1.132934684675109863e+09;1.204131821011559010e+09;1.279465617123402596e+09;1.359150027013361454e+09;1.443408164325110435e+09;1.532472568801345110e+09;1.626585473042571545e+09;1.725999069167720318e+09;1.830975774985037804e+09;1.941788499297696590e+09;2.058720905987402439e+09;2.182067676548790455e+09;2.312134770780601025e+09;2.449239685383428097e+09;2.593711710264020443e+09;2.745892182404611111e+09;2.906134737223634243e+09;3.074805557427914619e+09;3.252283619443210125e+09;3.438960937597049713e+09;3.635242806330656052e+09;3.841548040820615292e+09;4.058309216501403809e+09;4.285972908099734306e+09
8.159756025851933518e+05;8.775719329272715840e+05;9.438004061671791133e+05;1.015007365975613240e+06;1.091564826621443499e+06;1.173872350479012588e+06;1.262359060072804801e+06;1.357485793997266795e+06;1.459747416663797572e+06;1.569675292480834527e+06;1.687839935763609596e+06;1.814853848402494565e+06;1.951374558094810229e+06;2.098107870764476247e+06;2.255811351661862340e+06;2.425298050551395863e+06;2.607440487363324501e+06;2.803174915706505068e+06;3.013505882715261541e+06;3.239511104838939384e+06;3.482346680376405362e+06;3.743252660815350246e+06;4.023559004356352147e+06;4.324691936390891671e+06;4.648180743157966994e+06;4.995665026330193505e+06;5.368902447881530039e+06;5.769776996260900050e+06;6.200307806646444835e+06;6.662658569880820811e+06;7.159147566595606506e+06;7.692258365015943535e+06;8.264651223003172316e+06;8.879175237040361390e+06;9.538881283091999590e+06;1.024703579657957330e+07;1.100713544109944254e+07;1.182292271798663586e+07;1.269840257135848701e+07;1.363786004591302201e+07;1.464587905743199587e+07;1.572736233871439099e+07;1.688755262649155408e+07;1.813205515776324645e+07;1.946686154693936929e+07;2.089837511816946045e+07;2.243343777027272433e+07;2.407935845474926755e+07;2.584394335045304894e+07;2.773552782160859182e+07;2.976301024896016717e+07;3.193588782695513591e+07;3.426429442292741686e+07;3.675904059730314463e+07;3.943165588682162762e+07;4.229443345570359379e+07;4.536047722252704203e+07;4.864375157327790558e+07;5.215913377369049191e+07;5.592246919639354944e+07;5.995062948071682453e+07;6.426157374506747723e+07;6.887441297369822860e+07;7.380947770131759346e+07;7.908838912035277486e+07;8.473413373679953814e+07;9.077114170132277906e+07;9.722536894270983338e+07;1.041243832308114171e+08;1.114974542957682908e+08;1.193756481295090914e+08;1.277919255942767859e+08;1.367812454611471295e+08;1.463806719993382990e+08;1.566294872341693342e+08;1.675693079882225990e+08;1.792442078161703944e+08;1.917008439391568899e+08;2.049885892791654766e+08;2.191596696878513694e+08;2.342693064574938118e+08;2.503758641941134930e+08;2.675410041244819164e+08;2.858298428995572925e+08;3.053111169467576742e+08;3.260573524125726223e+08;3.481450407251315117e+08;3.716548197935932875e+08;3.966716608474364281e+08;4.232850609040263295e+08;4.515892408372831941e+08;4.816833490035362244e+08;5.136716703633170128e+08;5.476638410192705393e+08;5.837750680712013245e+08;6.221263546693438292e+08;6.628447301259795427e+08;7.060634849246593714e+08;7.519224104442293644e+08;8.005680431930917501e+08;8.521539133272070885e+08;9.068407972031804323e+08;9.647969736968497038e+08;1.026198483996680975e+09;1.091229394561919689e+09;1.160082062917516470e+09;1.232957405941056490e+09;1.310065170283640623e+09;1.391624204554853201e+09;1.477862732894885302e+09;1.569018629551716805e+09;1.665339694082861185e+09;1.767083926805043459e+09;1.874519804126600266e+09;1.987926553413724184e+09;2.107594427064415455e+09;2.233824975493787766e+09;2.366931318771968365e+09;2.507238416700405121e+09;2.655083337164480209e+09;2.810815522662790298e+09;2.974797054980371475e+09;3.147402918051589012e+09;3.329021259143268108e+09;3.520053648580513954e+09;3.720915338337398052e+09;3.932035519921125412e+09;4.153857582088026524e+09
7.776856673907939112e+05;8.364050671699721133e+05;8.995417932405815227e+05;9.674263005097472342e+05;1.040413556186730508e+06;1.118884834719798528e+06;1.203249641588593600e+06;1.293947774920833064e+06;1.391451534495032858e+06;1.496268088322068099e+06;1.608942007664842298e+06;1.730057982064490905e+06;1.860243726689561270e+06;2.000173095119501697e+06;2.150569411512187216e+06;2.312209036992242094e+06;2.485925186035657767e+06;2.672612009614963550e+06;2.873228962914623320e+06;3.088805476526359562e+06;3.320445951196589042e+06;3.569335097418401390e+06;3.836743642445706762e+06;4.124034428660205565e+06;4.432668928638298064e+06;4.764214203756276518e+06;5.120350334732286632e+06;5.502878354138053954e+06;5.913728712626744993e+06;6.354970312407146208e+06;6.828820143366637640e+06;7.337653559187849052e+06;7.884015232837684453e+06;8.470630832911230624e+06;9.100419464513316751e+06;9.776506920628936961e+06;1.050223979229838587e+07;1.128120048834591173e+07;1.211722321793639287e+07;1.301441099183017574e+07;1.397715370088176616e+07;1.501014733308042586e+07;1.611841439325030893e+07;1.730732559240749851e+07;1.858262287673325837e+07;1.995044386911187693e+07;2.141734779924182221e+07;2.299034300142794475e+07;2.467691606227294728e+07;2.648506270366973430e+07;2.842332048962387070e+07;3.050080344863477349e+07;3.272723870651494339e+07;3.511300522763963044e+07;3.766917476575580239e+07;4.040755512848102301e+07;4.334073586261714995e+07;4.648213647028919309e+07;4.984605726866052300e+07;5.344773300867073238e+07;5.730338937068947405e+07;6.143030245734295994e+07;6.584686140585556626e+07;7.057263424420762062e+07;7.562843711704126000e+07;8.103640700863675773e+07;8.682007809141731262e+07;9.300446182918411493e+07;9.961613096470679343e+07;1.066833075213861167e+08;1.142359549482771158e+08;1.223058745370242149e+08;1.309268062379656285e+08;1.401345340009177625e+08;1.499669957638635933e+08;1.604643982099471092e+08;1.716693364097377360e+08;1.836269184616893828e+08;1.963848952390647829e+08;2.099937953462312818e+08;2.245070653811123073e+08;2.399812155938769281e+08;2.564759710243054926e+08;2.740544281919620633e+08;2.927832174040771127e+08;3.127326707360098958e+08;3.339769957283833623e+08;3.565944548329629898e+08;3.806675506268395185e+08;4.062832168008295894e+08;4.335330149133706689e+08;4.625133368857226968e+08;4.933256131980975270e+08;5.260765267288199067e+08;5.608782321607153416e+08;5.978485808598492146e+08;6.371113511123857498e+08;6.787964835847741365e+08;7.230403218520773649e+08;7.699858578178349733e+08;8.197829818278677464e+08;8.725887372589842081e+08;9.285675793426425457e+08;9.878916379630323648e+08;1.050740984149829030e+09;1.117303899966587543e+09;1.187777151479949713e+09;1.262366264479107141e+09;1.341285802602707148e+09;1.424759647521020889e+09;1.513021280814859867e+09;1.606314067190244436e+09;1.704891538670225620e+09;1.809017679412675619e+09;1.918967210814438105e+09;2.035025876582248211e+09;2.157490727474817276e+09;2.286670405452925682e+09;2.422885427013721466e+09;2.566468465532246590e+09;2.717764632487759590e+09;2.877131757515502930e+09;3.044940667295011997e+09;3.221575463364504337e+09;3.407433799036671638e+09;3.602927155686290741e+09;3.808481118776081085e+09;4.024535654097413063e+09
7.410948418045411818e+05;7.970639137123444816e+05;8.572448289579465054e+05;9.219528306663425174e+05;9.915265638398345327e+05;1.066329790974843083e+06;1.146753231058669277e+06;1.233216530557181686e+06;1.326170375577522907e+06;1.426098754996704403e+06;1.533521384992766660e+06;1.648996306097683264e+06;1.773122664616329130e+06;1.906543691022000508e+06;2.049949888750967337e+06;2.204082447678131517e+06;2.369736897462350316e+06;2.547767016910243314e+06;2.739089016519299708e+06;2.944686012429969851e+06;3.165612811143010389e+06;3.403001025544857141e+06;3.658064544033668004e+06;3.932105375853030011e+06;4.226519897122834809e+06;4.542805523505797610e+06;4.882567836972601712e+06;5.247528195723807439e+06;5.639531857998321764e+06;6.060556652246248908e+06;6.512722227973257191e+06;6.998299923470278271e+06;7.519723288633448072e+06;8.079599303150600754e+06;8.680720332488493994e+06;9.326076866354718804e+06;1.001887108663124219e+07;1.076253131418763846e+07;1.156072738646997139e+07;1.241738702033836767e+07;1.333671321727806889e+07;1.432320277083857171e+07;1.538166593896700069e+07;1.651724734677642770e+07;1.773544818823604286e+07;1.904214979827865213e+07;2.044363866988736019e+07;2.194663299383462593e+07;2.355831080190133676e+07;2.528633979760237411e+07;2.713890896164758876e+07;2.912476202260291576e+07;3.125323288644155487e+07;3.353428312189492211e+07;3.597854160171069205e+07;3.859734640306427330e+07;4.140278907349033654e+07;4.440776137171090394e+07;4.762600459566751868e+07;5.107216161290714145e+07;5.476183171114022285e+07;5.871162838934396207e+07;6.293924021214128286e+07;6.746349485236521065e+07;7.230442644862078130e+07;7.748334640641763806e+07;8.302291777280713618e+07;8.894723331559607387e+07;9.528189743903081119e+07;1.020541120682631880e+08;1.092927666349194050e+08;1.170285322958711088e+08;1.252939605163440108e+08;1.341235861473801881e+08;1.435540351258308291e+08;1.536241369228058159e+08;1.643750418636381328e+08;1.758503434390359521e+08;1.880962057230098248e+08;2.011614960085121989e+08;2.150979227663602829e+08;2.299601790269456506e+08;2.458060912774652243e+08;2.626967739598602057e+08;2.806967896463014483e+08;2.998743149599462748e+08;3.203013122987649441e+08;3.420537074092273712e+08;3.652115728452444673e+08;3.898593173348909616e+08;4.160858810641598105e+08;4.439849368724505305e+08;4.736550973394959569e+08;5.052001277269670963e+08;5.387291647213855982e+08;5.743569409068434238e+08;6.122040148779070377e+08;6.523970068834716082e+08;6.950688398731162548e+08;7.403589857968261242e+08;7.884137169888327122e+08;8.393863624457634687e+08;8.934375687886012793e+08;9.507355656779214144e+08;1.011456435432729959e+09;1.075784386584020615e+09;1.143912031077566147e+09;1.216040664824237347e+09;1.292380551283320665e+09;1.373151207752415419e+09;1.458581694030567408e+09;1.548910903115657091e+09;1.644387853597445488e+09;1.745271983411398172e+09;1.851833444627366781e+09;1.964353398961878538e+09;2.083124313723864794e+09;2.208450257929899693e+09;2.340647198360701561e+09;2.480043295369863510e+09;2.626979198306876183e+09;2.781808340471370220e+09;2.944897233581062794e+09;3.116625761807695866e+09;3.297387475514307499e+09;3.487589884915725708e+09;3.687654753976320267e+09;3.898018394960037231e+09
7.061399373905697139e+05;7.594806648009298369e+05;8.168367556411905680e+05;8.785088953583511757e+05;9.448201072261517402e+05;1.016117391803685110e+06;1.092773484500331338e+06;1.175188739511941094e+06;1.263793148945468012e+06;1.359048506535432534e+06;1.461450725976817077e+06;1.571532324559964240e+06;1.689865083491510013e+06;1.817062897026713239e+06;1.953784823323445627e+06;2.100738350758595858e+06;2.258682894326423295e+06;2.428433537666677497e+06;2.610865037252026610e+06;2.806916106300072744e+06;3.017593997068038676e+06;3.243979401340034790e+06;3.487231690132346004e+06;3.748594514917632099e+06;4.029401794014966115e+06;4.331084109205148183e+06;4.655175539113513194e+06;5.003320957459986210e+06;5.377283825906718150e+06;5.778954512943729758e+06;6.210359172039279714e+06;6.673669214149351232e+06;7.171211411634116434e+06;7.705478672657086514e+06;8.279141527267170139e+06;8.895060368561141193e+06;9.556298494617963210e+06;1.026613599926577136e+07;1.102808456220737658e+07;1.184590319157063589e+07;1.272361497458228469e+07;1.366552489476715960e+07;1.467623877687229402e+07;1.576068342357520387e+07;1.692412801097332314e+07;1.817220681286455318e+07;1.951094332689098641e+07;2.094677587875029072e+07;2.248658478385729715e+07;2.413772114905130491e+07;2.590803740021008626e+07;2.780591962490044534e+07;2.984032182248971611e+07;3.202080215743570775e+07;3.435756131475815922e+07;3.686148305993927270e+07;3.954417710873058438e+07;4.241802441548776627e+07;4.549622499175228179e+07;4.879284836976912618e+07;5.232288682853437960e+07;5.610231150267785788e+07;6.014813149710277468e+07;6.447845613270165026e+07;6.911256045066225529e+07;7.407095410489918292e+07;7.937545377383057773e+07;8.504925922420521080e+07;9.111703316082394123e+07;9.760498499682894349e+07;1.045409586796661019e+08;1.119545247079539150e+08;1.198770764740964472e+08;1.283419310667522103e+08;1.373844346659604311e+08;1.470420726620489657e+08;1.573545846271052659e+08;1.683640842650081515e+08;1.801151844625713825e+08;1.926551275603222847e+08;2.060339209568293095e+08;2.203044781550405622e+08;2.355227653531965017e+08;2.517479536760299802e+08;2.690425771344912648e+08;2.874726963940154910e+08;3.071080684222040176e+08;3.280223220769496560e+08;3.502931396853248477e+08;3.740024446519595385e+08;3.992365951232141256e+08;4.260865837201536894e+08;4.546482433392387629e+08;4.850224590044443011e+08;5.173153857389705777e+08;5.516386724078159332e+08;5.881096914651427269e+08;6.268517745224690437e+08;6.679944536347019672e+08;7.116737081821608543e+08;7.580322172070703506e+08;8.072196170430148840e+08;8.593927640564891100e+08;9.147160022995780706e+08;9.733614358540238142e+08;1.035509205628089190e+09;1.101347770350551844e+09;1.171074191489593029e+09;1.244894421810693741e+09;1.323023597274897337e+09;1.405686331969815493e+09;1.493117015758672714e+09;1.585560114331003904e+09;1.683270471338371992e+09;1.786513612306180239e+09;1.895566050021503448e+09;2.010715591115865469e+09;2.132261643582555771e+09;2.260515524998204708e+09;2.395800771254818439e+09;2.538453445650616646e+09;2.688822448240089893e+09;2.847269825400855541e+09;3.014171079641754150e+09;3.189915479749937534e+09;3.374906371454373360e+09;3.569561488873138905e+09;3.774313267103216648e+09
6.727590150359834079e+05;7.235888448952873005e+05;7.782462357055423781e+05;8.370179467033481924e+05;9.002120557830004254e+05;9.681595258691430790e+05;1.041215884319696110e+06;1.119763023289216682e+06;1.204211129515136592e+06;1.295000752553883241e+06;1.392605021094260504e+06;1.497532017611446092e+06;1.610327322300407337e+06;1.731576737942837877e+06;1.861909208120461321e+06;2.001999941989943385e+06;2.152573759684632998e+06;2.314408673307888675e+06;2.488339719430780970e+06;2.675263060013449751e+06;2.876140369726932142e+06;3.092003528770569712e+06;3.323959641459013801e+06;3.573196402093700599e+06;3.840987830941296648e+06;4.128700404514772352e+06;4.437799605799445882e+06;4.769856921579927206e+06;5.126557315619822592e+06;5.509707208109137602e+06;5.921242993545161560e+06;6.363240131036419421e+06;6.837922842932282016e+06;7.347674459668736905e+06;7.895048450805741362e+06;8.482780184388970956e+06;9.113799459026284516e+06;9.791243855400601402e+06;1.051847295637542382e+07;1.129908348735412396e+07;1.213692543115764111e+07;1.303611917436947674e+07;1.400107374486243539e+07;1.503650620307152160e+07;1.614746225250165537e+07;1.733933813796363026e+07;1.861790390309187770e+07;1.998932808184368536e+07;2.146020390186252445e+07;2.303757708083336800e+07;2.472897530024796352e+07;2.654243944431272894e+07;2.848655669508529082e+07;3.057049557827374712e+07;3.280404305750140548e+07;3.519764377818304300e+07;3.776244156548306346e+07;4.051032328409898281e+07;4.345396517084662616e+07;4.660688175415771455e+07;4.998347747765761614e+07;5.359910114792355150e+07;5.747010332932350785e+07;6.161389681149089336e+07;6.604902027741666138e+07;7.079520530245202780e+07;7.587344681648027897e+07;8.130607716335591674e+07;8.711684389314286411e+07;9.333099142390820384e+07;9.997534671067784727e+07;1.070784090596417189e+08;1.146704442257864475e+08;1.227835829318935275e+08;1.314519239459696710e+08;1.407116418530564904e+08;1.506010996555933356e+08;1.611609663342358768e+08;1.724343394982558489e+08;1.844668732512792349e+08;1.973069113940176070e+08;2.110056260811707079e+08;2.256171620442135632e+08;2.411987864859363437e+08;2.578110447458231151e+08;2.755179218279426098e+08;2.943870098748518825e+08;3.144896816620320082e+08;3.359012701775508523e+08;3.587012543412195444e+08;3.829734509058184624e+08;4.088062125711038113e+08;4.362926323277974129e+08;4.655307540352424383e+08;4.966237892214176655e+08;5.296803400785487890e+08;5.648146286113911867e+08;6.021467318780895472e+08;6.418028232460460663e+08;6.839154195670450926e+08;7.286236341572004557e+08;7.760734354485383034e+08;8.264179111597149372e+08;8.798175378148223162e+08;9.364404554196959734e+08;9.964627470881086588e+08;1.060068723391268969e+09;1.127451211189279556e+09;1.198811846687306881e+09;1.274361372446336269e+09;1.354319938068579435e+09;1.438917404268227816e+09;1.528393650034700632e+09;1.622998882593600750e+09;1.722993949873969078e+09;1.828650655198397160e+09;1.940252073924761534e+09;2.058092871787668705e+09;2.182479624711880684e+09;2.313731139901170254e+09;2.452178778044342518e+09;2.598166776525124073e+09;2.752052573574729443e+09;2.914207133366947174e+09;3.085015272121383190e+09;3.264875985356802464e+09;3.454202776515827179e+09;3.653423987273443699e+09
6.408914530944769504e+05;6.893233846582096303e+05;7.414034320086763473e+05;7.974050372895085020e+05;8.576219855298374314e+05;9.223699009130626218e+05;9.919878511928548105e+05;1.066840067862717900e+06;1.147317790198591771e+06;1.233841241838127840e+06;1.326861749138056068e+06;1.426864011165227974e+06;1.534368531828222796e+06;1.649934225347153377e+06;1.774161206990830135e+06;1.907693781787435291e+06;2.051223644735635724e+06;2.205493306911962572e+06;2.371299762790744193e+06;2.549498415063918103e+06;2.741007274275116622e+06;2.946811451665936504e+06;3.167967964775945060e+06;3.405610876542398240e+06;3.660956789916487876e+06;3.935310721347628161e+06;4.230072377894311212e+06;4.546742864196307957e+06;4.886931847093574703e+06;5.252365207305479795e+06;5.644893209287357517e+06;6.066499222168315202e+06;6.519309026541201398e+06;7.005600743827454746e+06;7.527815426976175047e+06;8.088568353381725028e+06;8.690661063113611192e+06;9.337094187856027856e+06;1.003108111833991297e+07;1.077606256053162180e+07;1.157572203341055103e+07;1.243400236381880753e+07;1.335512323661144078e+07;1.434359986116457544e+07;1.540426281820189394e+07;1.654227915389243700e+07;1.776317479123656452e+07;1.907285833189034835e+07;2.047764632477665693e+07;2.198429008109559864e+07;2.360000411865388602e+07;2.533249632178833708e+07;2.718999990655121207e+07;2.918130728423920274e+07;3.131580591977020726e+07;3.360351628485721350e+07;3.605513200932543725e+07;3.868206233732422441e+07;4.149647699853606522e+07;4.451135360775139183e+07;4.774052770942483842e+07;5.119874558691251278e+07;5.490171995910608768e+07;5.886618869004256278e+07;6.310997663974976540e+07;6.765206078714287281e+07;7.251263875806701183e+07;7.771320089367236197e+07;8.327660599613584578e+07;8.922716089029310644e+07;9.559070394096137583e+07;1.023946926666194499e+08;1.096682955906965733e+08;1.174424884718016833e+08;1.257501550539929569e+08;1.346261924774439931e+08;1.441076214887158573e+08;1.542337015880646706e+08;1.650460512490996718e+08;1.765887733432866037e+08;1.889085858984196484e+08;2.020549583163035810e+08;2.160802531701941788e+08;2.310398736974612474e+08;2.469924170968302786e+08;2.639998337331523001e+08;2.821275923450927734e+08;3.014448513431978226e+08;3.220246362769092321e+08;3.439440235394135118e+08;3.672843303688612580e+08;3.921313111932015419e+08;4.185753603539395928e+08;4.467117212311836481e+08;4.766407017787165046e+08;5.084678964636271596e+08;5.423044145895476341e+08;5.782671149668773413e+08;6.164788468768728971e+08;6.570686972592245340e+08;7.001722440353282690e+08;7.459318154612004757e+08;7.944967553862079382e+08;8.460236942750368118e+08;9.006768258323812485e+08;9.586281890520702600e+08;1.020057955494865417e+09;1.085154721583134651e+09;1.154115805685080767e+09;1.227147549747941732e+09;1.304465625227902651e+09;1.386295343054888725e+09;1.472871967364449024e+09;1.564441032725185871e+09;1.661258664591387749e+09;1.763591902714651108e+09;1.871719027258643866e+09;1.985929887374804020e+09;2.106526232018545866e+09;2.233822042810739040e+09;2.368143868783655167e+09;2.509831162888854504e+09;2.659236620192574978e+09;2.816726517738054752e+09;2.982681056114604473e+09;3.157494702843254566e+09;3.341576537763243675e+09;3.535350600685525417e+09
6.104780066693285480e+05;6.566206853873615619e+05;7.062400778886770131e+05;7.595968963185632601e+05;8.169712618598780828e+05;8.786641337894484168e+05;9.449988419864992611e+05;1.016322730187431327e+06;1.093008917774607660e+06;1.175458188411086565e+06;1.264101014390311902e+06;1.359399726161001949e+06;1.461850837116323877e+06;1.571987534401908284e+06;1.690382347204634687e+06;1.817650004733078880e+06;1.954450496893990086e+06;2.101492351509767585e+06;2.259536142811375204e+06;2.429398246880652849e+06;2.611954860711788759e+06;2.808146302610039245e+06;3.018981612755394075e+06;3.245543473927511834e+06;3.488993473621388432e+06;3.750577730080444831e+06;4.031632906141177751e+06;4.333592636221144348e+06;4.657994393289708532e+06;5.006486824250024743e+06;5.380837583821410313e+06;5.782941698756082915e+06;6.214830496047786437e+06;6.678681130700977519e+06;7.176826750622458756e+06;7.711767338279285468e+06;8.286181270938904956e+06;8.902937643565168604e+06;9.565109400797942653e+06;1.027598732688168064e+07;1.103909494494421408e+07;1.185820437964837626e+07;1.273735323995137215e+07;1.368086258151045442e+07;1.469335601115852967e+07;1.577977999884550832e+07;1.694542546549741924e+07;1.819595071836760640e+07;1.953740580866326019e+07;2.097625838949324563e+07;2.251942115551710129e+07;2.417428094905177504e+07;2.594872962082322687e+07;2.785119673700923100e+07;2.989068422771119699e+07;3.207680307548957691e+07;3.441981214610619843e+07;3.693065926710124314e+07;3.962102466329906881e+07;4.250336686176262796e+07;4.559097118206929415e+07;4.889800093107437342e+07;5.243955142449498177e+07;5.623170696073935926e+07;6.029160087533007562e+07;6.463747880700621009e+07;6.928876530922584236e+07;7.426613394312863052e+07;7.959158099014425278e+07;8.528850292438347638e+07;9.138177778644704819e+07;9.789785060168321431e+07;1.048648229867565781e+08;1.123125470891057700e+08;1.202727240039286315e+08;1.287790068132105321e+08;1.378671083905958235e+08;1.475749141147490740e+08;1.579425996322424114e+08;1.690127538088467419e+08;1.808305070053128302e+08;1.934436648105671108e+08;2.069028473612307310e+08;2.212616343719313145e+08;2.365767159957225919e+08;2.529080496280176938e+08;2.703190227610336542e+08;2.888766219884610176e+08;3.086516082520453334e+08;3.297186984132258296e+08;3.521567532233829498e+08;3.760489717560411692e+08;4.014830923534406424e+08;4.285516001279761195e+08;4.573519410466566086e+08;4.879867426131039858e+08;5.205640411479099989e+08;5.551975156532390118e+08;5.920067282318964005e+08;6.311173710156131983e+08;6.726615195402382612e+08;7.167778924886704683e+08;7.636121177052448988e+08;8.133170043674355745e+08;8.660528211837131977e+08;9.219875804685871601e+08;9.812973279294607639e+08;1.044166437983298898e+09;1.110787914406247377e+09;1.181363696104996920e+09;1.256104967786906004e+09;1.335232475294918537e+09;1.418976845366371870e+09;1.507578909568915844e+09;1.601290032166157961e+09;1.700372441666943789e+09;1.805099565819540739e+09;1.915756369822973967e+09;2.032639697543966055e+09;2.156058615551278114e+09;2.286334759806229115e+09;2.423802684884080410e+09;2.568810215641753674e+09;2.721718801296723366e+09;2.882903871936020851e+09;3.052755197538246632e+09;3.231677249660453320e+09;3.420089566017427921e+09
5.814608583886100678e+05;6.254186742683149641e+05;6.726895372991976328e+05;7.235219950646127108e+05;7.781831108046153095e+05;8.369598280605692416e+05;9.001604342600924429e+05;9.681161302353247302e+05;1.041182713141742279e+06;1.119742380750010489e+06;1.204205665619459935e+06;1.295013508231604006e+06;1.392639478768029483e+06;1.497592157858990598e+06;1.610417687311227201e+06;1.731702502546350937e+06;1.862076259248000570e+06;2.002214967526776250e+06;2.152844347773771733e+06;2.314743423279919662e+06;2.488748365664210171e+06;2.675756610167719424e+06;2.876731258945245761e+06;3.092705791621010751e+06;3.324789103569020983e+06;3.574170893640331458e+06;3.842127424386390019e+06;4.130027679225747474e+06;4.439339942469426431e+06;4.771638829666323960e+06;5.128612797349556349e+06;5.512072162966091186e+06;5.923957667552579194e+06;6.366349615590322763e+06;6.841477628416096792e+06;7.351731049613764510e+06;7.899670042932922952e+06;8.488037425499117002e+06;9.119771281399128959e+06;9.798018403112122789e+06;1.052614861076672003e+07;1.130777000178562105e+07;1.214674518615686148e+07;1.304720856534980610e+07;1.401358471575120836e+07;1.505060794044866413e+07;1.616334305622456968e+07;1.735720748574415967e+07;1.863799472811431810e+07;2.001189928426635638e+07;2.148554311695165932e+07;2.306600372853678465e+07;2.476084394324791431e+07;2.657814348401060328e+07;2.852653243756101280e+07;3.061522670508985221e+07;3.285406553922598436e+07;3.525355127178478241e+07;3.782489134023667872e+07;4.058004272441818565e+07;4.353175890850257874e+07;4.669363948666568100e+07;5.008018253426608443e+07;5.370683986961274594e+07;5.759007533451344073e+07;6.174742622484843433e+07;6.619756800518563390e+07;7.096038244418077171e+07;7.605702930988906324e+07;8.151002176635560393e+07;8.734330561479592323e+07;9.358234252432613075e+07;1.002541973985801041e+08;1.073876300255238116e+08;1.150131911584650874e+08;1.231633231764581650e+08;1.318724654722243100e+08;1.411771647149765193e+08;1.511161901345813572e+08;1.617306539718473256e+08;1.730641372376036942e+08;1.851628209206919372e+08;1.980756227816730142e+08;2.118543398653106987e+08;2.265537968604254723e+08;2.422320004307136238e+08;2.589502996343338788e+08;2.767735525437371731e+08;2.957702991700848341e+08;3.160129407888001204e+08;3.375779257543022037e+08;3.605459418826782703e+08;3.850021154710977674e+08;4.110362170119017959e+08;4.387428736479294300e+08;4.682217884033770561e+08;4.995779662114127278e+08;5.329219467462839484e+08;5.683700440531271696e+08;6.060445929539463520e+08;6.460742021925634146e+08;6.885940142654656172e+08;7.337459718690372705e+08;7.816790908771857023e+08;8.325497397465509176e+08;8.865219252298846245e+08;9.437675842617056370e+08;1.004466881864688635e+09;1.068808514909788489e+09;1.136990021549176931e+09;1.209218096128384113e+09;1.285708909372931480e+09;1.366688433635895967e+09;1.452392772986624479e+09;1.543068497917037010e+09;1.638972984442698717e+09;1.740374757378940344e+09;1.847553837581132889e+09;1.960802092951179504e+09;2.080423593030320644e+09;2.206734967023344040e+09;2.340065765127467155e+09;2.480758823078385353e+09;2.629170629866226673e+09;2.785671698626042366e+09;2.950646940763846874e+09;3.124496043441975594e+09;3.307633850619139194e+09
5.537836610476091737e+05;5.956568508517490700e+05;6.406868554748489987e+05;6.891106021142365644e+05;7.411826792711988091e+05;7.971766396939827828e+05;8.573863979278974002e+05;9.221277291746092960e+05;9.917398766192346811e+05;1.066587274869468529e+06;1.147061397667334182e+06;1.233582738583275583e+06;1.326602933985256124e+06;1.426607038195287110e+06;1.534115961402597604e+06;1.649689081601324957e+06;1.773927042558859568e+06;1.907474750606426271e+06;2.051024583873364143e+06;2.205319828465783969e+06;2.371158357021120377e+06;2.549396566054369789e+06;2.740953589550844859e+06;2.946815807360103354e+06;3.168041668103477452e+06;3.405766847532696091e+06;3.661209764562722761e+06;3.935677478564208373e+06;4.230571992924568243e+06;4.547396991394341923e+06;4.887765035309326835e+06;5.253405251441055909e+06;5.646171541963106953e+06;6.068051349844852462e+06;6.521175014891707338e+06;7.007825757642635144e+06;7.530450330424755812e+06;8.091670377037155442e+06;8.694294544802280143e+06;9.341331395089395344e+06;1.003600316086268611e+07;1.078176040236439556e+07;1.158229761468100362e+07;1.244156984368625842e+07;1.336381036968195438e+07;1.435354952098614722e+07;1.541563468273220211e+07;1.655525156924417429e+07;1.777794683154488355e+07;1.908965207481012121e+07;2.049670936394307017e+07;2.200589829883146286e+07;2.362446474434709176e+07;2.536015130367105454e+07;2.722122962709182873e+07;2.921653465207055956e+07;3.135550087397604436e+07;3.364820075057662278e+07;3.610538534702111036e+07;3.873852733169808984e+07;4.155986643697793782e+07;4.458245750243493915e+07;4.782022122164231539e+07;5.128799771710646898e+07;5.500160307121212035e+07;5.897788894430005550e+07;6.323480541406834126e+07;6.779146717340961099e+07;7.266822322652341425e+07;7.788673022567257285e+07;8.347002959321616590e+07;8.944262857561486959e+07;9.583058537778434157e+07;1.026615985276521295e+08;1.099651006218016744e+08;1.177723566038799435e+08;1.261165667276667058e+08;1.350329743567292988e+08;1.445589787519525588e+08;1.547342529972970784e+08;1.656008672126200497e+08;1.772034172003605962e+08;1.895891586703599095e+08;2.028081471839764714e+08;2.169133839549143910e+08;2.319609676399329901e+08;2.480102522475614846e+08;2.651240112875057459e+08;2.833686082770845294e+08;3.028141737140888572e+08;3.235347886179890633e+08;3.456086747328857780e+08;3.691183914767864347e+08;3.941510397117935419e+08;4.207984723996347785e+08;4.491575121954339147e+08;4.793301760210047960e+08;5.114239066462396979e+08;5.455518112939380407e+08;5.818329072696561813e+08;6.203923746036000252e+08;6.613618156767425537e+08;7.048795217879992723e+08;7.510907466035829782e+08;8.001479864138733149e+08;8.522112671071289778e+08;9.074484377537083626e+08;9.660354706789671183e+08;1.028156767888067603e+09;1.094005473692161560e+09;1.163783793371958971e+09;1.237703317703904152e+09;1.315985353163754702e+09;1.398861257615823984e+09;1.486572781290093660e+09;1.579372412848534822e+09;1.677523730343555450e+09;1.781301756875831842e+09;1.890993320770946026e+09;2.006897420106405973e+09;2.129325591443216324e+09;2.258602282639976025e+09;2.395065229660392761e+09;2.539065837322270870e+09;2.690969563981699467e+09;2.851156310196249962e+09;3.020020811469712257e+09;3.197973035244524002e+09
5.273915725111054489e+05;5.672763251771779032e+05;6.101688005811567418e+05;6.562948288764622994e+05;7.058970847783077043e+05;7.592363314250794938e+05;8.165927546872426756e+05;8.782673943450985244e+05;9.445836789966229117e+05;1.015889072022664943e+06;1.092556836434713565e+06;1.174987926958223339e+06;1.263613018266484374e+06;1.358894678876676597e+06;1.461329700853298651e+06;1.571451596137038665e+06;1.689833271030897275e+06;1.817089891131313983e+06;1.953881949795885244e+06;2.100918554086126387e+06;2.258960943026575260e+06;2.428826253970596474e+06;2.611391553870858159e+06;2.807598153316461015e+06;3.018456222321651876e+06;3.245049728036358953e+06;3.488541715800744016e+06;3.750179956282898784e+06;4.031302982826946303e+06;4.333346544602090493e+06;4.657850502675800584e+06;5.006466197752342559e+06;5.380964320009605028e+06;5.783243313247408718e+06;6.215338347420156002e+06;6.679430895578670315e+06;7.177858953286024742e+06;7.713127940699748695e+06;8.287922329740332440e+06;8.905118041079869494e+06;9.567795658101737499e+06;1.027925450748906657e+07;1.104302765870946087e+07;1.186289789736004919e+07;1.274291473014683835e+07;1.368741248216006905e+07;1.470102955009723082e+07;1.578872887817179970e+07;1.695581972661294416e+07;1.820798080591915175e+07;1.955128485337205604e+07;2.099222473172945902e+07;2.253774113350070640e+07;2.419525197777819633e+07;2.597268359018157795e+07;2.787850376015556231e+07;2.992175677354533598e+07;3.211210052209871635e+07;3.445984579529854655e+07;3.697599786365601420e+07;3.967230046634738147e+07;4.256128231977462769e+07;4.565630626729393005e+07;4.897162119397614151e+07;5.252241683377127349e+07;5.632488159989292920e+07;6.039626357253290713e+07;6.475493478120526671e+07;6.942045892198903859e+07;7.441366265279668570e+07;7.975671061235725880e+07;8.547318431101980805e+07;9.158816504352095723e+07;9.812832097577121854e+07;1.051219985591231585e+08;1.125993184268421531e+08;1.205922759282181710e+08;1.291348464562540352e+08;1.382630957247803807e+08;1.480152951504687071e+08;1.584320424942496121e+08;1.695563879152986407e+08;1.814339655887594223e+08;1.941131310360418856e+08;2.076451043133631349e+08;2.220841192008588612e+08;2.374875785300945640e+08;2.539162157833299935e+08;2.714342630922884345e+08;2.901096257580853701e+08;3.100140634074276090e+08;3.312233778925070763e+08;3.538176080342990756e+08;3.778812312997580171e+08;4.035033724943479300e+08;4.307780195409770608e+08;4.598042464055483937e+08;4.906864432180256248e+08;5.235345536254692674e+08;5.584643194011543989e+08;5.955975323199536800e+08;6.350622932970257998e+08;6.769932787717794180e+08;7.215320143050631285e+08;7.688271553420732021e+08;8.190347750788928270e+08;8.723186593549056053e+08;9.288506084792033434e+08;9.888107458839325905e+08;1.052387833484372377e+09;1.119779593611955166e+09;1.191193037375286102e+09;1.266844799293848515e+09;1.346961478040349722e+09;1.431779983122390509e+09;1.521547887329813719e+09;1.616523784774883032e+09;1.716977654354243994e+09;1.823191228470400572e+09;1.935458366860513926e+09;2.054085435398194075e+09;2.179391689754521370e+09;2.311709663832576752e+09;2.451385562922701836e+09;2.598779661565681458e+09;2.754266706156115532e+09;2.918236322371702671e+09;3.091093427572015285e+09
5.022312832803209312e+05;5.402198479792416329e+05;5.810738968181967502e+05;6.250086658673622878e+05;6.722554552331633167e+05;7.230628163688268978e+05;7.776978258410647977e+05;8.364474517045182874e+05;8.996200190571782878e+05;9.675467818001902197e+05;1.040583608102202998e+06;1.119112787578050978e+06;1.203544968731690897e+06;1.294321235787872924e+06;1.391915334648061544e+06;1.496836058354207547e+06;1.609629803131838795e+06;1.730883306814633310e+06;1.861226582226458006e+06;2.001336058917264687e+06;2.151937947518400382e+06;2.313811841903466731e+06;2.487794575313827489e+06;2.674784347637141123e+06;2.875745142116448376e+06;3.091711450914652552e+06;3.323793330173767172e+06;3.573181806484917644e+06;3.841154658036128618e+06;4.129082595121425111e+06;4.438435866191213951e+06;4.770791317193833180e+06;5.127839933609145693e+06;5.511394896306197159e+06;5.923400184178633615e+06;6.365939758409880102e+06;6.841247365219709463e+06;7.351716996023046784e+06;7.899914046116763726e+06;8.488587215275656432e+06;9.120681196015039459e+06;9.799350197741223499e+06;1.052797235757563077e+07;1.131016509130841121e+07;1.214980144069127925e+07;1.305102747615346126e+07;1.401828081697091460e+07;1.505631033398949914e+07;1.617019710314075090e+07;1.736537668123685196e+07;1.864766277886513993e+07;2.002327240860362351e+07;2.149885259029367194e+07;2.308150869864903763e+07;2.477883454213248566e+07;2.659894426571240649e+07;2.855050617386107519e+07;3.064277857393307984e+07;3.288564774387750030e+07;3.528966813206853718e+07;3.786610490086977929e+07;4.062697892937581986e+07;4.358511439457002282e+07;4.675418905389247090e+07;5.014878735592898726e+07;5.378445650950384140e+07;5.767776564504908770e+07;6.184636820546051115e+07;6.630906770694460720e+07;7.108588701344785094e+07;7.619814127118118107e+07;8.166851465241761506e+07;8.752114106025342643e+07;9.378168894816064835e+07;1.004774504101394564e+08;1.076374346988080591e+08;1.152924663301054388e+08;1.234752879341053367e+08;1.322206680120205730e+08;1.415655137595106959e+08;1.515489891161055565e+08;1.622126381997574866e+08;1.736005142841874361e+08;1.857593144749805629e+08;1.987385202380245328e+08;2.125905439309363961e+08;2.273708814848816991e+08;2.431382713799445033e+08;2.599548600527316630e+08;2.778863738695917726e+08;2.970022977930064201e+08;3.173760608621089458e+08;3.390852286012706161e+08;3.622117024627279043e+08;3.868419264007831216e+08;4.130671006661001444e+08;4.409834028986115456e+08;4.706922165871928930e+08;5.023003669533068538e+08;5.359203643038846850e+08;5.716706548866671324e+08;6.096758792683676481e+08;6.500671382426569462e+08;6.929822662614881992e+08;7.385661123692414761e+08;7.869708286048235893e+08;8.383561658228832483e+08;8.928897768710595369e+08;9.507475270460588932e+08;1.012113811738216639e+09;1.077181881161342859e+09;1.146154172052828550e+09;1.219242646218724251e+09;1.296669135789050579e+09;1.378665695042540789e+09;1.465474958654439688e+09;1.557350506219561100e+09;1.654557232904092789e+09;1.757371726083998680e+09;1.866082647837130785e+09;1.980991123169100285e+09;2.102411133871259212e+09;2.230669917931709290e+09;2.366108374450911999e+09;2.509081474045416355e+09;2.659958674767249584e+09;2.819124343611211300e+09;2.986978183736645222e+09
4.782510371387403575e+05;5.144318334219916142e+05;5.533424494572747499e+05;5.951880102850967087e+05;6.401889593050526455e+05;6.885821914781952510e+05;7.406222691572980257e+05;7.965827264366303571e+05;8.567574683185593458e+05;9.214622714254551101e+05;9.910363934457582654e+05;1.065844298991632648e+06;1.146277510066499934e+06;1.232756589893259341e+06;1.325733269442968536e+06;1.425692726627241354e+06;1.533156028782079695e+06;1.648682749774339143e+06;1.772873773808304919e+06;1.906374298803891521e+06;2.049877053054038202e+06;2.204125739761746489e+06;2.369918724994977470e+06;2.548112985595545266e+06;2.739628334630525671e+06;2.945451943086818792e+06;3.166643177686031442e+06;3.404338775935584214e+06;3.659758380840330850e+06;3.934210459079184104e+06;4.229098627900011837e+06;4.545928417516560294e+06;4.886314497396021150e+06;5.251988396514503285e+06;5.644806749429544434e+06;6.066760101874657907e+06;6.519982311534008011e+06;7.006760581684613600e+06;7.529546167534871027e+06;8.090965797307452187e+06;8.693833852445188910e+06;9.341165353731309995e+06;1.003618980265476741e+07;1.078236592995208688e+07;1.158339740600207075e+07;1.244324957056177966e+07;1.336616724226283655e+07;1.435669367131397314e+07;1.541969070197881013e+07;1.656036021462034248e+07;1.778426692041779682e+07;1.909736258526851982e+07;2.050601176287452132e+07;2.201701912059555575e+07;2.363765844528906792e+07;2.537570342007997632e+07;2.723946026677582413e+07;2.923780235248455778e+07;3.138020686284132674e+07;3.367679364818099886e+07;3.613836635288924724e+07;3.877645594211038202e+07;4.160336674389824271e+07;4.463222512880162895e+07;4.787703095271418989e+07;5.135271189263092726e+07;5.507518080865669996e+07;5.906139626924225688e+07;6.332942638011681288e+07;6.789851606075163186e+07;7.278915791538238525e+07;7.802316684863141179e+07;8.362375857857041061e+07;8.961563220262353122e+07;9.602505697401593626e+07;1.028799634484964162e+08;1.102100391627516299e+08;1.180468290073208064e+08;1.264238404578095973e+08;1.353766538288470507e+08;1.449430377153700888e+08;1.551630697857506871e+08;1.660792630903821886e+08;1.777366980484198034e+08;1.901831602734922767e+08;2.034692843972051144e+08;2.176487040464080572e+08;2.327782081270438433e+08;2.489179035634159744e+08;2.661313846374052763e+08;2.844859090670691729e+08;3.040525809584882855e+08;3.249065407582793236e+08;3.471271623275760412e+08;3.707982572505552769e+08;3.960082864824272990e+08;4.228505794332152009e+08;4.514235605739690661e+08;4.818309836423010826e+08;5.141821735132617950e+08;5.485922757905319929e+08;5.851825141613306999e+08;6.240804555458258390e+08;6.654202830596550703e+08;7.093430767949908972e+08;7.559971024123187065e+08;8.055381075217851400e+08;8.581296258197091818e+08;9.139432889324015379e+08;9.731591459066219330e+08;1.035965990273643732e+09;1.102561694602279186e+09;1.173153552445653439e+09;1.247958627577061415e+09;1.327204110403143406e+09;1.411127681436330080e+09;1.499977881706057787e+09;1.594014489986941814e+09;1.693508906725870371e+09;1.798744544555284023e+09;1.910017225290962458e+09;2.027635583327273130e+09;2.151921475362058163e+09;2.283210396409054756e+09;2.421851902084939957e+09;2.568210037195066929e+09;2.722663770683827400e+09;2.885607437063291550e+09
4.554006452954830020e+05;4.898583748121213284e+05;5.269165622964185895e+05;5.667706853981672321e+05;6.096308279576645000e+05;6.557227614547921112e+05;7.052891054163292283e+05;7.585905724226062885e+05;8.159073037447652314e+05;8.775403020580876619e+05;9.438129681191259297e+05;1.015072748765078257e+06;1.091692904093313031e+06;1.174074402212612098e+06;1.262647950522833271e+06;1.357876173081478337e+06;1.460255944255646784e+06;1.570320889534372138e+06;1.688644065099549480e+06;1.815840828515179921e+06;1.952571913705808111e+06;2.099546724254571833e+06;2.257526859958891291e+06;2.427329892545654438e+06;2.609833407466939185e+06;2.805979329772501718e+06;3.016778553194752894e+06;3.243315892784496769e+06;3.486755382701014169e+06;3.748345942102287430e+06;4.029427433487324975e+06;4.331437139328318648e+06;4.655916684394392185e+06;5.004519432807705365e+06;5.379018390603828244e+06;5.781314646374407224e+06;6.213446384475030936e+06;6.677598507268802263e+06;7.176112904963509180e+06;7.711499413775979541e+06;8.286447505438029766e+06;8.903838753433123231e+06;9.566760123830720782e+06;1.027851814116112888e+07;1.104265398246102221e+07;1.186295955540063977e+07;1.274349461929748766e+07;1.368860501080336608e+07;1.470294203916370496e+07;1.579148311912288330e+07;1.695955371286003292e+07;1.821285065572363138e+07;1.955746694401676208e+07;2.099991806665255502e+07;2.254716996616790071e+07;2.420666871830008924e+07;2.598637202314871550e+07;2.789478260479231924e+07;2.994098362018169090e+07;3.213467618205973133e+07;3.448621910467840731e+07;3.700667098509326577e+07;3.970783473684695363e+07;4.260230469686296582e+07;4.570351643036519736e+07;4.902579936261929572e+07;5.258443237014941871e+07;5.639570246794024855e+07;6.047696673285020143e+07;6.484671760705938190e+07;6.952465172885054350e+07;7.453174244133885205e+07;7.989031613286505640e+07;8.562413256568890810e+07;9.175846935230165720e+07;9.832021074106895924e+07;1.053379408750861585e+08;1.128420416898990571e+08;1.208647956172942817e+08;1.294404932634397298e+08;1.386055462304126322e+08;1.483986052505638599e+08;1.588606838029250801e+08;1.700352873805332482e+08;1.819685485763396323e+08;1.947093681539947987e+08;2.083095622677603066e+08;2.228240159932155609e+08;2.383108433274079263e+08;2.548315538134017289e+08;2.724512259400185943e+08;2.912386874627324939e+08;3.112667027862375379e+08;3.326121675434865952e+08;3.553563104989270568e+08;3.795849028970562220e+08;4.053884753690875173e+08;4.328625425025241971e+08;4.621078351691203117e+08;4.932305406975032687e+08;5.263425509661784172e+08;5.615617184824569225e+08;5.990121205013365746e+08;6.388243312269726992e+08;6.811357021275944710e+08;7.260906503820251226e+08;7.738409554640766382e+08;8.245460638581898212e+08;8.783734018873044252e+08;9.354986966218515635e+08;9.961063048265005350e+08;1.060389549890339017e+09;1.128551066675671577e+09;1.200803154210935593e+09;1.277368136145599842e+09;1.358478728878635883e+09;1.444378417267671108e+09;1.535321837824241638e+09;1.631575169302078962e+09;1.733416530588509083e+09;1.841136385818339586e+09;1.955037956640113115e+09;2.075437641581849337e+09;2.202665442484289169e+09;2.337065397995644569e+09;2.478996024153553486e+09;2.628830762118322372e+09;2.786958433162419319e+09
4.336314944467259338e+05;4.664472537439918960e+05;5.017401480217385688e+05;5.396964522717890795e+05;5.805163677056591259e+05;6.244150537197298836e+05;6.716237353018440772e+05;7.223908912799616810e+05;7.769835291878470453e+05;8.356885529210141394e+05;8.988142297810527962e+05;9.666917639585090801e+05;1.039676983985814499e+06;1.118152152203809004e+06;1.202527904830490705e+06;1.293245331799188163e+06;1.390778206149687059e+06;1.495635373408940854e+06;1.608363312092906330e+06;1.729548877197468653e+06;1.859822239328459371e+06;1.999860032949817367e+06;2.150388728105769493e+06;2.312188240906006657e+06;2.486095799044576008e+06;2.673010079667137470e+06;2.873895638002031948e+06;3.089787646335032303e+06;3.321796964136701543e+06;3.571115561448394321e+06;3.839022319002098870e+06;4.126889229989535175e+06;4.436188029916499741e+06;4.768497282572787255e+06;5.125509951833778061e+06;5.509041490766626783e+06;5.921038481375546195e+06;6.363587860257011838e+06;6.838926767474418506e+06;7.349453058094596490e+06;7.897736518053018488e+06;8.486530828348530456e+06;9.118786323993226513e+06;9.797663596681190655e+06;1.052654799277150445e+07;1.130906506093017012e+07;1.214909700661687180e+07;1.305080021356440708e+07;1.401862389545207284e+07;1.505732994414584525e+07;1.617201404413956217e+07;1.736812812620728090e+07;1.865150423674500734e+07;2.002837990283522755e+07;2.150542507673875988e+07;2.308977074724055454e+07;2.478903930911264941e+07;2.661137678583754227e+07;2.856548700470833853e+07;3.066066782742100954e+07;3.290684954335128143e+07;3.531463553678855300e+07;3.789534534353577346e+07;4.066106021639811248e+07;4.362467132320459187e+07;4.679993070513681322e+07;5.020150512715297937e+07;5.384503295635969192e+07;5.774718420807531476e+07;6.192572390317670256e+07;6.639957888407345116e+07;7.118890824018000066e+07;7.631517749724029005e+07;8.180123672804282606e+07;8.767140274515742064e+07;9.395154553904667497e+07;1.006691791275061667e+08;1.078535569846428037e+08;1.155357722195028812e+08;1.237488626761512160e+08;1.325279211281979978e+08;1.419102107417347729e+08;1.519352859810857177e+08;1.626451191317853928e+08;1.740842326150000095e+08;1.862998372665088475e+08;1.993419767522713542e+08;2.132636782906345427e+08;2.281211098489515185e+08;2.439737439794904888e+08;2.608845284561287165e+08;2.789200638693432808e+08;2.981507883324490786e+08;3.186511694469713569e+08;3.404999036694090962e+08;3.637801232152807713e+08;3.885796106295815110e+08;4.149910211453986168e+08;4.431121129443935156e+08;4.730459854244241118e+08;5.049013255703353286e+08;5.387926625146241188e+08;5.748406303644242287e+08;6.131722393607902527e+08;6.539211554254133701e+08;6.972279881387084723e+08;7.432405871816564798e+08;7.921143472623147964e+08;8.440125215359777212e+08;8.991065435169924498e+08;9.575763574683319330e+08;1.019610757244566798e+09;1.085407733553570271e+09;1.155174829593335152e+09;1.229129505011208057e+09;1.307499508127707243e+09;1.390523256360444069e+09;1.478450224782303572e+09;1.571541342746528625e+09;1.670069398514939785e+09;1.774319451830121040e+09;1.884589254382776499e+09;2.001189678138156652e+09;2.124445151503490448e+09;2.254694103340900898e+09;2.392289414857990265e+09;2.537598879440676212e+09;2.691005670532207012e+09
4.128965491742232698e+05;4.441479431278004195e+05;4.777589319613859407e+05;5.139070143558178679e+05;5.527829661590463948e+05;5.945918250522183953e+05;6.395539472883633571e+05;6.879061416732646758e+05;7.399028863169375109e+05;7.958176340673386585e+05;8.559442129451667424e+05;9.205983283341097413e+05;9.901191741425218061e+05;1.064871160645950353e+06;1.145245767243315699e+06;1.231663528917332878e+06;1.324576165782300523e+06;1.424468865731961094e+06;1.531862730869474821e+06;1.647317399111557752e+06;1.771433853113207035e+06;1.904857429458299419e+06;2.048281041910491884e+06;2.202448633416060358e+06;2.368158872502939776e+06;2.546269110726973042e+06;2.737699618882791139e+06;2.943438120822764933e+06;3.164544644919166341e+06;3.402156714460483287e+06;3.657494899602049496e+06;3.931868754888077732e+06;4.226683167838524096e+06;4.543445145646465942e+06;4.883771068665634841e+06;5.249394441086512059e+06;5.642174171003865078e+06;6.064103413973736577e+06;6.517319016144728288e+06;7.004111595131164417e+06;7.526936298974225298e+06;8.088424285818658769e+06;8.691394969311410561e+06;9.338869077215792611e+06;1.003408257332507707e+07;1.078050149545371905e+07;1.158183776509546675e+07;1.244206602724675089e+07;1.336544158191390149e+07;1.435651947196081467e+07;1.542017479518195614e+07;1.656162431183872931e+07;1.778644942233429849e+07;1.910062059326572716e+07;2.051052331372071058e+07;2.202298566744663194e+07;2.364530761033479869e+07;2.538529204657602310e+07;2.725127780084107444e+07;2.925217458788242936e+07;3.139750008506996185e+07;3.369741921754782647e+07;3.616278576987941563e+07;3.880518644228081405e+07;4.163698747379110754e+07;4.467138395894441754e+07;4.792245198871673644e+07;5.140520375074274093e+07;5.513564572784550488e+07;5.913084013806925714e+07;6.340896976326712221e+07;6.798940631721763313e+07;7.289278250791177154e+07;7.814106795219124854e+07;8.375764910434877872e+07;8.976741336336559057e+07;9.619683752647884190e+07;1.030740807594195604e+08;1.104290822560131252e+08;1.182936637620250881e+08;1.267016371398154497e+08;1.356889171518081427e+08;1.452936396418873072e+08;1.555562852943501174e+08;1.665198091504271328e+08;1.782297760620987117e+08;1.907345022622317970e+08;2.040852032290887237e+08;2.183361480214687288e+08;2.335448202587185800e+08;2.497720859172452986e+08;2.670823681118873358e+08;2.855438290268954039e+08;3.052285591570743918e+08;3.262127740147392750e+08;3.485770184528149962e+08;3.724063787487037182e+08;3.977907025868400931e+08;4.248248270710832477e+08;4.536088148904821873e+08;4.842481987539498210e+08;5.168542342008639574e+08;5.515441608855398893e+08;5.884414724242763519e+08;6.276761948835109472e+08;6.693851739777417183e+08;7.137123710353814363e+08;7.608091677798016071e+08;8.108346799624974728e+08;8.639560798742458820e+08;9.203489277497411966e+08;9.801975120709723234e+08;1.043695198764630675e+09;1.111044789280379534e+09;1.182458887527818203e+09;1.258160275644196510e+09;1.338382298558449984e+09;1.423369257314656258e+09;1.513376811115512609e+09;1.608672388048474550e+09;1.709535604460210085e+09;1.816258692953258276e+09;1.929146938988528490e+09;2.048519126092863083e+09;2.174707989689940453e+09;2.308060679595973492e+09;2.448939231252152920e+09;2.597721045797430992e+09
3.931503490959202172e+05;4.229116045477683074e+05;4.549204497131509706e+05;4.893460154531460139e+05;5.263700904143013759e+05;5.661880604975050082e+05;6.090099171737791039e+05;6.550613395942475181e+05;7.045848557863656897e+05;7.578410885955507401e+05;8.151100924236864084e+05;8.766927872331346152e+05;9.429124967293378431e+05;1.014116598109234939e+06;1.090678291265841108e+06;1.172998495876343921e+06;1.261507885370930424e+06;1.356669067386067472e+06;1.458978920950408326e+06;1.568971101336049149e+06;1.687218724234246882e+06;1.814337241686706198e+06;1.950987523020729655e+06;2.097879154905342963e+06;2.255773975562802982e+06;2.425489859145890456e+06;2.607904767319175880e+06;2.803961086174998898e+06;3.014670267766323872e+06;3.241117796756376047e+06;3.484468503972636536e+06;3.745972250007678755e+06;4.026970003443124238e+06;4.328900339779127389e+06;4.653306388741501607e+06;5.001843259309778921e+06;5.376285973566171713e+06;5.778537942311886698e+06;6.210640017336329445e+06;6.674780157253162004e+06;7.173303745954793878e+06;7.708724604954199865e+06;8.283736743227927014e+06;8.901226890597948804e+06;9.564287863239390776e+06;1.027623281254845485e+07;1.104061041136298515e+07;1.186122103439816646e+07;1.274213399274458550e+07;1.368770588535577804e+07;1.470260013367022388e+07;1.579180776881777868e+07;1.696066954427259415e+07;1.821489945036945492e+07;1.956060971070179343e+07;2.100433734417530894e+07;2.255307238031293079e+07;2.421428781932475045e+07;2.599597143247093260e+07;2.790665950231984258e+07;2.995547260667527467e+07;3.215215355413472652e+07;3.450710758355007321e+07;3.703144494392320514e+07;3.973702597564079612e+07;4.263650881828840822e+07;4.574339987462597340e+07;4.907210716464535892e+07;5.263799670795545727e+07;5.645745207692032307e+07;6.054793726723963022e+07;6.492806303667318821e+07;6.961765686663565040e+07;7.463783670520222187e+07;8.001108865375089645e+07;8.576134876299083233e+07;9.191408910741283000e+07;9.849640831028231978e+07;1.055371266940959990e+08;1.130668862340254933e+08;1.211182554940494001e+08;1.297258397274889499e+08;1.389263963251480460e+08;1.487589557955834568e+08;1.592649484627576172e+08;1.704883370668316185e+08;1.824757554537996054e+08;1.952766535392130017e+08;2.089434487303976715e+08;2.235316839900686741e+08;2.391001927224995792e+08;2.557112706609332860e+08;2.734308549321050048e+08;2.923287104702988863e+08;3.124786239495210052e+08;3.339586053978164792e+08;3.568510976529524922e+08;3.812431938130257726e+08;4.072268628297145963e+08;4.348991833852367997e+08;4.643625861871886849e+08;4.957251048078408241e+08;5.291006351865856647e+08;5.646092039058631659e+08;6.023772453418779373e+08;6.425378877828323841e+08;6.852312485972669125e+08;7.306047385261191130e+08;7.788133751617069244e+08;8.300201056678524017e+08;8.843961387843742371e+08;9.421212861511150599e+08;1.003384312976274490e+09;1.068383298065638304e+09;1.137326003222060680e+09;1.210430252016255617e+09;1.287924317926265001e+09;1.370047321836918354e+09;1.457049638890000582e+09;1.549193314675052166e+09;1.646752490753158331e+09;1.750013839511984110e+09;1.859277008357880354e+09;1.974855073265297651e+09;2.097075001716458082e+09;2.226278125089036942e+09;2.362820620570581436e+09;2.507074002711874962e+09
3.743490011775241583e+05;4.026910803911163239e+05;4.331740391205897322e+05;4.659590315796948271e+05;5.012192788428370259e+05;5.391409651374850655e+05;5.799241998959197663e+05;6.237840503000803292e+05;6.709516493841818301e+05;7.216753851123624481e+05;7.762221762250030879e+05;8.348788410481747705e+05;8.979535658877153182e+05;9.657774800847941078e+05;1.038706345294227940e+06;1.117122367062374949e+06;1.201436137330373516e+06;1.292088717072102474e+06;1.389553868896441534e+06;1.494340450103146257e+06;1.606994977381509263e+06;1.728104375085243257e+06;1.858298919805372367e+06;1.998255394800841808e+06;2.148700468733186834e+06;2.310414314092471264e+06;2.484234481697989162e+06;2.671060048710299190e+06;2.871856058707947377e+06;3.087658273560237605e+06;3.319578258073120844e+06;3.568808819702776615e+06;3.836629827017287258e+06;4.124414432052449789e+06;4.433635723250311799e+06;4.765873837293252349e+06;5.122823559856872074e+06;5.506302447100882418e+06;5.918259501607908867e+06;6.360784438459591009e+06;6.836117579219336621e+06;7.346660413772186264e+06;7.894986872245910577e+06;8.483855351630201563e+06;9.116221544194413349e+06;9.795252117411775514e+06;1.052433929780339636e+07;1.130711641394101456e+07;1.214747445677870326e+07;1.304957971854192764e+07;1.401789257455548458e+07;1.505718747567425482e+07;1.617257422237453796e+07;1.736952059505544230e+07;1.865387641872425377e+07;2.003189914394615218e+07;2.151028102977414802e+07;2.309617801828189939e+07;2.479724039435925707e+07;2.662164532850351557e+07;2.857813140457019955e+07;3.067603523865293339e+07;3.292533029963739961e+07;3.533666804631743580e+07;3.792142150038824975e+07;4.069173137910457700e+07;4.366055491583222151e+07;4.684171750120629370e+07;5.024996728206121176e+07;5.390103285974387825e+07;5.781168423375691473e+07;6.199979714104247838e+07;6.648442094539252669e+07;7.128585023561652005e+07;7.642570029505953193e+07;8.192698660892674327e+07;8.781420857946105301e+07;9.411343762256170809e+07;1.008524098225652277e+08;1.080606233250086010e+08;1.157694406497790366e+08;1.240121961096068323e+08;1.328243085208445489e+08;1.422433993953259289e+08;1.523094168034843504e+08;1.630647650999125242e+08;1.745544407031491101e+08;1.868261741218267977e+08;1.999305784188776016e+08;2.139213043050625622e+08;2.288552020516833365e+08;2.447924904110696912e+08;2.617969327309973836e+08;2.799360204469252825e+08;2.992811641326622367e+08;3.199078922866161466e+08;3.418960580267148018e+08;3.653300538624199033e+08;3.902990347074307203e+08;4.168971492908645272e+08;4.452237801188763380e+08;4.753837921321598291e+08;5.074877901977351308e+08;5.416523855664358139e+08;5.780004714192233086e+08;6.166615076179183722e+08;6.577718147673277855e+08;7.014748776870667934e+08;7.479216583826122284e+08;7.972709185965013504e+08;8.496895520112096071e+08;9.053529261669381857e+08;9.644452341488777399e+08;1.027159856090453029e+09;1.093699730531561136e+09;1.164277735664324522e+09;1.239117080493268490e+09;1.318451705932190180e+09;1.402526695857747793e+09;1.491598698138912439e+09;1.585936355662201405e+09;1.685820747377210379e+09;1.791545839393663168e+09;1.903418946170759201e+09;2.021761201853383541e+09;2.146908041827961206e+09;2.279209694591745853e+09;2.419031684055623531e+09
3.564501676051857648e+05;3.834408811789663741e+05;4.124708270624083816e+05;4.436935572169822990e+05;4.772741268166940426e+05;5.133899493055971107e+05;5.522317142600229708e+05;5.940043725846511079e+05;6.389281938885326963e+05;6.872399012260752497e+05;7.391938887489383342e+05;7.950635281995985424e+05;8.551425705879885936e+05;9.197466498293684563e+05;9.892148955880159047e+05;1.063911663066045381e+06;1.144228388005885994e+06;1.230585575734917307e+06;1.323434933679282665e+06;1.423261657407950377e+06;1.530586880943051539e+06;1.645970302789138397e+06;1.770012999895144021e+06;1.903360442569337320e+06;2.046705724225125276e+06;2.200793020743126515e+06;2.366421295196160674e+06;2.544448264704772271e+06;2.735794647267038468e+06;2.941448707549429499e+06;3.162471121830439661e+06;3.400000183563569561e+06;3.655257372373127379e+06;3.929553310714844149e+06;4.224294133931194432e+06;4.540988301012628712e+06;4.881253875032565556e+06;5.246826303977369331e+06;5.639566734528721310e+06;6.061470893288780004e+06;6.514678571964964271e+06;7.001483755159124732e+06;7.524345431633180939e+06;8.085899132255813107e+06;8.688969240276206285e+06;9.336582122117090970e+06;1.003198012954230048e+07;1.077863652682438493e+07;1.158027139942911640e+07;1.244086860373433121e+07;1.336469382042464055e+07;1.435631377743710577e+07;1.542061671169021167e+07;1.656283414229610190e+07;1.778856403154722229e+07;1.910379541365459189e+07;2.051493457503656670e+07;2.202883287386741117e+07;2.365281629060060531e+07;2.539471680532499775e+07;2.726290570198382065e+07;2.926632890381117910e+07;3.141454444868124276e+07;3.371776221752329171e+07;3.618688603342735022e+07;3.883355825363507122e+07;4.167020698113749921e+07;4.471009602724716812e+07;4.796737776107618213e+07;5.145714898643685877e+07;5.519550999128204584e+07;5.919962691927412152e+07;6.348779761753907055e+07;6.807952111904172599e+07;7.299557092226499319e+07;7.825807223501703143e+07;8.389058335316413641e+07;8.991818134892773628e+07;9.636755224696128070e+07;1.032670858698762059e+08;1.106469755379816741e+08;1.185393228109544069e+08;1.269782474617162496e+08;1.360000028751276731e+08;1.456430970660326481e+08;1.559484195128511786e+08;1.669593740041192472e+08;1.787220176961956322e+08;1.912852065809921920e+08;2.047007475622517765e+08;2.190235573389126956e+08;2.343118282929515839e+08;2.506272015778385103e+08;2.680349476021437943e+08;2.866041541003565788e+08;3.064079219804033041e+08;3.275235691342679858e+08;3.500328423941390514e+08;3.740221378128471375e+08;3.995827294422846437e+08;4.268110067789365053e+08;4.558087210397906899e+08;4.866832404261896610e+08;5.195478145269274712e+08;5.545218480049873590e+08;5.917311837055863142e+08;6.313083953156614304e+08;6.733930896972815990e+08;7.181322190100800991e+08;7.656804027293118238e+08;8.162002596587700844e+08;8.698627500294946432e+08;9.268475277676470280e+08;9.873433030075873137e+08;1.051548214919414282e+09;1.119670214913210869e+09;1.191927460278152704e+09;1.268548718308896542e+09;1.349773780969953060e+09;1.435853890146046162e+09;1.527052173528677464e+09;1.623644091189934492e+09;1.725917892901544571e+09;1.834175086264680147e+09;1.948730915726785183e+09;2.069914852578214645e+09;2.198071096038544655e+09;2.333559085566892147e+09
3.394130496099878801e+05;3.651171685200891225e+05;3.927637115086437552e+05;4.224989864460332319e+05;4.544802668982828618e+05;4.888766078137967852e+05;5.258697211885832949e+05;5.656549160423101857e+05;6.084421073422386544e+05;6.544568988364922116e+05;7.039417451048818184e+05;7.571571985049532959e+05;8.143832470850591781e+05;8.759207499558894197e+05;9.420929770599640906e+05;1.013247260754461284e+06;1.089756767130705295e+06;1.172022395533686038e+06;1.260474815319451969e+06;1.355576649499267805e+06;1.457824815569780301e+06;1.567753034517428139e+06;1.685934519720643060e+06;1.812984858249798650e+06;1.949565097892303253e+06;2.096385054106840864e+06;2.254206852038045414e+06;2.423848719709638972e+06;2.606189049554446712e+06;2.802170746545016300e+06;3.012805882353490219e+06;3.239180676207399927e+06;3.482460824406581465e+06;3.743897201849233825e+06;4.024831960362939630e+06;4.326705050172758289e+06;4.651061192449032329e+06;4.999557332582700066e+06;5.373970605619675480e+06;5.776206847171132453e+06;6.208309685089813545e+06;6.672470249279334210e+06;7.171037539176928811e+06;7.706529490730064921e+06;8.281644787078126334e+06;8.899275459635920823e+06;9.562520328900206834e+06;1.027469933700471371e+07;1.103936882689920068e+07;1.186033782597930543e+07;1.274168539506959729e+07;1.368777910684990510e+07;1.470329472114221565e+07;1.579323712789176218e+07;1.696296263224671036e+07;1.821820265979269519e+07;1.956508896380876750e+07;2.101018042028827593e+07;2.256049150049548596e+07;2.422352251494007930e+07;2.600729172687064484e+07;2.792036943770026043e+07;2.997191415117625147e+07;3.217171092759362981e+07;3.453021204390531033e+07;3.705858008017680794e+07;3.976873355753079057e+07;4.267339525738400966e+07;4.578614335654743016e+07;4.912146551746624708e+07;5.269481607759968191e+07;5.652267648667646945e+07;6.062261914517796785e+07;6.501337480203860998e+07;6.971490367407208681e+07;7.474847045400691032e+07;8.013672337837111950e+07;8.590377753059852123e+07;9.207530255866760015e+07;9.867861499045017362e+07;1.057427753334882706e+08;1.132986901492413133e+08;1.213792192950082868e+08;1.300192885294271260e+08;1.392560076800744832e+08;1.491287945737441778e+08;1.596795049319657087e+08;1.709525684356419742e+08;1.829951311639343798e+08;1.958572046131147742e+08;2.095918215014884770e+08;2.242551985663080513e+08;2.399069065580805540e+08;2.566100476367434561e+08;2.744314403726301789e+08;2.934418125533896089e+08;3.137160019956882000e+08;3.353331655576753020e+08;3.583769965451672077e+08;3.829359507005575895e+08;4.091034809597680569e+08;4.369782811577354074e+08;4.666645388581957221e+08;4.982721974781953692e+08;5.319172278721565008e+08;5.677219095342612267e+08;6.058151215716968775e+08;6.463326435947933197e+08;6.894174666632573605e+08;7.352201144207508564e+08;7.838989745434868336e+08;8.356206406207857132e+08;8.905602645796166658e+08;9.489019197576457262e+08;1.010838974723791361e+09;1.076574477938982010e+09;1.146321553344928026e+09;1.220303806965108871e+09;1.298755744598053455e+09;1.381923200682441235e+09;1.470063778412901402e+09;1.563447301187511206e+09;1.662356275472131491e+09;1.767086365173289537e+09;1.877946877620928764e+09;1.995261261275365829e+09;2.119367615288372755e+09;2.250619211068842888e+09
3.231983676230382407e+05;3.476777340960477595e+05;3.740073392840349698e+05;4.023265894372569164e+05;4.327853440054904786e+05;4.655446937428488163e+05;5.007777960880573955e+05;5.386707719645695761e+05;5.794236684361104853e+05;6.232514919651795644e+05;6.703853173544498859e+05;7.210734778054921189e+05;7.755828419076037826e+05;8.342001837732776767e+05;8.972336529653185280e+05;9.650143513207924552e+05;1.037898024262257270e+06;1.116266874708220828e+06;1.200531508246159647e+06;1.291133018820081139e+06;1.388545224810207263e+06;1.493277066046363441e+06;1.605875173004368786e+06;1.726926620184155647e+06;1.857061876465003239e+06;1.996957966080032289e+06;2.147341854746154509e+06;2.308994076439725701e+06;2.482752617311832029e+06;2.669517074306644965e+06;2.870253107174110133e+06;3.085997203762144782e+06;3.317861779737213161e+06;3.567040635216354392e+06;3.834814792200723663e+06;4.122558738189761993e+06;4.431747102921073325e+06;4.763961796832772903e+06;5.120899641586617567e+06;5.504380524818204343e+06;5.916356113205522299e+06;6.358919159971539862e+06;6.834313445056266151e+06;7.344944388418181799e+06;7.893390379265154712e+06;8.482414866446338594e+06;9.114979257799331099e+06;9.794256678912257776e+06;1.052364664454711601e+07;1.130679069886920415e+07;1.214758908366827667e+07;1.305021849687946402e+07;1.401915100700769946e+07;1.505917419243152626e+07;1.617541257808750868e+07;1.737335044567785040e+07;1.865885609729003534e+07;2.003820765621677041e+07;2.151812049274235591e+07;2.310577636678300798e+07;2.480885438348449394e+07;2.663556386220975593e+07;2.859467922376411408e+07;3.069557700522912666e+07;3.294827511637166142e+07;3.536347445627283305e+07;3.795260301354959607e+07;4.072786257835217565e+07;4.370227819913498312e+07;4.688975052208180726e+07;5.030511115591794997e+07;5.396418120972975343e+07;5.788383315627023578e+07;6.208205617802000791e+07;6.657802515806663781e+07;7.139217348250772059e+07;7.654626982572010159e+07;8.206349909425549209e+07;8.796854770948280394e+07;9.428769341326522827e+07;1.010488997849168777e+08;1.082819156614840180e+08;1.160183796569508612e+08;1.242919299792089760e+08;1.331383197467191070e+08;1.425955380094866157e+08;1.527039366813917458e+08;1.635063635929914117e+08;1.750483018756336868e+08;1.873780158891588449e+08;2.005467039063190222e+08;2.146086577678519189e+08;2.296214297219980359e+08;2.456460066625359356e+08;2.627469919781865776e+08;2.809927952257770896e+08;3.004558298375557661e+08;3.212127190715295076e+08;3.433445104112287164e+08;3.669368986185265183e+08;3.920804576400888562e+08;4.188708815646213293e+08;4.474092348236691356e+08;4.778022118252094388e+08;5.101624062039630413e+08;5.446085898677484989e+08;5.812660020138450861e+08;6.202666482840783596e+08;6.617496102210705280e+08;7.058613651829861403e+08;7.527561168673690557e+08;8.025961365894081593e+08;8.555521154532355070e+08;9.118035275499819517e+08;9.715390043097842932e+08;1.034956720131001234e+09;1.102264789404067993e+09;1.173681675044937611e+09;1.249436608649080753e+09;1.329770022376078606e+09;1.414933992674281597e+09;1.505192695956047297e+09;1.600822876337997913e+09;1.702114325565679312e+09;1.809370375250365973e+09;1.922908401556655645e+09;2.043060342492881060e+09;2.170173227975233078e+09
3.077683381277319859e+05;3.310819750726800412e+05;3.561580799644165090e+05;3.831294847554778098e+05;4.121389860475565074e+05;4.433400873296416830e+05;4.768977959077789565e+05;5.129894784900103114e+05;5.518057796692925040e+05;5.935516078467034968e+05;6.384471934554383624e+05;6.867292246869866503e+05;7.386520662836431293e+05;7.944890673487010645e+05;8.545339645387021592e+05;9.191023874417785555e+05;9.885334734150485601e+05;1.063191599653419806e+06;1.143468240793261444e+06;1.229783960920751560e+06;1.322590549456126988e+06;1.422373311025233241e+06;1.529653520110130310e+06;1.644991051994351670e+06;1.768987202284473460e+06;1.902287708106962033e+06;2.045585984943672316e+06;2.199626593985751737e+06;2.365208955860637128e+06;2.543191327615932096e+06;2.734495060935745947e+06;2.940109160721051041e+06;3.161095164387009572e+06;3.398592363522677682e+06;3.653823390923198313e+06;3.928100197446377948e+06;4.222830444666882046e+06;4.539524340904012322e+06;4.879801949892238714e+06;5.245401003138065338e+06;5.638185248886899091e+06;6.060153372586784884e+06;6.513448525807222351e+06;7.000368502744952217e+06;7.523376605721869506e+06;8.085113243472775444e+06;8.688408308513857424e+06;9.336294382504131645e+06;1.003202082123589143e+07;1.077906877374586463e+07;1.158116719301248901e+07;1.244230989879643731e+07;1.336677375641016290e+07;1.435913803854216076e+07;1.542430504073999263e+07;1.656752202476220578e+07;1.779440456771869212e+07;1.911096139879376441e+07;2.052362080930256099e+07;2.203925872593777254e+07;2.366522854127216339e+07;2.540939279991571605e+07;2.728015684314648435e+07;2.928650451939722523e+07;3.143803607258979231e+07;3.374500832504889369e+07;3.621837727651131898e+07;3.886984324563988298e+07;4.171189868535179645e+07;4.475787880827806890e+07;4.802201516363833845e+07;5.151949231187047064e+07;5.526650774837453663e+07;5.928033523271404207e+07;6.357939168464408815e+07;6.818330781321410835e+07;7.311300265008564293e+07;7.839076216293759644e+07;8.404032212952363491e+07;9.008695545741710067e+07;9.655756413888475299e+07;1.034807760344718993e+08;1.108870466829198897e+08;1.188087663387226313e+08;1.272803724422362000e+08;1.363384677304253578e+08;1.460219441993666291e+08;1.563721131322538257e+08;1.674328414090035260e+08;1.792506943155928552e+08;1.918750850728730857e+08;2.053584313059528172e+08;2.197563186761123538e+08;2.351276718977397978e+08;2.515349333630243242e+08;2.690442495966786742e+08;2.877256657626182437e+08;3.076533284431156516e+08;3.289056969098592997e+08;3.515657631042491794e+08;3.757212805421869159e+08;4.014650023559523821e+08;4.288949286829129457e+08;4.581145636074182391e+08;4.892331818585252166e+08;5.223661054626250863e+08;5.576349905453717709e+08;5.951681244731738567e+08;6.351007335197806358e+08;6.775753012385149002e+08;7.227418977160253525e+08;7.707585198782061338e+08;8.217914430138849020e+08;8.760155836775795221e+08;9.336148741268477440e+08;9.947826484467389584e+08;1.059722040509042025e+09;1.128646393910713196e+09;1.201779684034171820e+09;1.279356952369576931e+09;1.361624753239692211e+09;1.448841613068412304e+09;1.541278502337008476e+09;1.639219320376738310e+09;1.742961393153613329e+09;1.852815984209854364e+09;1.969108818939410448e+09;2.092180622389770746e+09
2.930866475620836718e+05;3.152908663185702753e+05;3.391739963163274224e+05;3.648626079223053530e+05;3.924927705081040040e+05;4.222107604656950571e+05;4.541738214452228858e+05;4.885509806048602914e+05;5.255239249313412001e+05;5.652879419759028824e+05;6.080529296564107062e+05;6.540444801030057715e+05;7.035050428727983963e+05;7.566951732308118371e+05;8.138948715911231702e+05;8.754050206340672448e+05;9.415489270661679329e+05;1.012673975469465950e+06;1.089153402197118150e+06;1.171388197817384265e+06;1.259809147186037619e+06;1.354879016844004393e+06;1.457094900092293974e+06;1.566990730791367358e+06;1.685139977674591588e+06;1.812158531747965841e+06;1.948707800186120206e+06;2.095498021017668536e+06;2.253291813832303509e+06;2.422907982739250641e+06;2.605225588858972304e+06;2.801188310748596676e+06;3.011809112344018184e+06;3.238175239250895567e+06;3.481453565540059004e+06;3.742896314599730540e+06;4.023847179070984013e+06;4.325747866451237351e+06;4.650145098589276895e+06;4.998698095028342679e+06;5.373186571971894242e+06;5.775519290565489791e+06;6.207743190202883445e+06;6.672053144680806436e+06;7.170802381252337247e+06;7.706513604954743758e+06;8.281890873037942685e+06;8.899832266870947555e+06;9.563443411383805797e+06;1.027605189489502832e+07;1.104122264509884827e+07;1.186277432002100907e+07;1.274479677593302913e+07;1.369166967750505172e+07;1.470808231891099736e+07;1.579905472815504670e+07;1.696996013057721779e+07;1.822654885131603107e+07;1.957497374044960365e+07;2.102181720861604810e+07;2.257411996510680765e+07;2.423941155474707484e+07;2.602574279432857409e+07;2.794172021388446167e+07;2.999654261278521642e+07;3.220003984536758065e+07;3.456271395566882938e+07;3.709578278577431291e+07;3.981122618729115278e+07;4.272183497053133696e+07;4.584126273109798878e+07;4.918408069875682145e+07;5.276583575861140341e+07;5.660311179981117696e+07;6.071359455222221464e+07;6.511614007657512277e+07;6.983084707878112793e+07;7.487913322408643365e+07;8.028381563174729049e+07;8.606919573566344380e+07;9.226114870125940442e+07;9.888721759333373606e+07;1.059767124940795302e+08;1.135608147746891528e+08;1.216726867278798521e+08;1.303475867725149989e+08;1.396229904449607134e+08;1.495387173950241208e+08;1.601370646073279083e+08;1.714629460715077519e+08;1.835640391270496249e+08;1.964909377104125023e+08;2.102973127338258922e+08;2.250400798263233900e+08;2.407795746685794294e+08;2.575797361534813344e+08;2.755082976046965122e+08;2.946369862852158546e+08;3.150417314271651506e+08;3.368028810134304166e+08;3.600054275400925279e+08;3.847392429872463346e+08;4.110993232235371470e+08;4.391860420675792694e+08;4.691054152267562747e+08;5.009693743309565783e+08;5.348960512755300999e+08;5.710100730845100880e+08;6.094428675014523268e+08;6.503329795112074614e+08;6.938263989925427437e+08;7.400768996969327927e+08;7.892463897455201149e+08;8.415052738316681385e+08;8.970328273131730556e+08;9.560175823747638464e+08;1.018657726437915444e+09;1.085161512992855072e+09;1.155747685025124788e+09;1.230645911208445549e+09;1.310097235034735441e+09;1.394354537053912640e+09;1.483683010397424698e+09;1.578360649765010834e+09;1.678678754058800220e+09;1.784942442858159781e+09;1.897471186938482523e+09;2.016599353051343203e+09
2.791184236096600653e+05;3.002669297953879577e+05;3.230148116736985976e+05;3.474826766605202574e+05;3.738001874335318571e+05;4.021067373005631380e+05;4.325521754302314366e+05;4.652975855688106385e+05;5.005161221250873059e+05;5.383939077787301503e+05;5.791309970619560918e+05;6.229424106765680481e+05;6.700592456433409825e+05;7.207298667369002942e+05;7.752211850404468132e+05;8.338200298591778846e+05;8.968346206654548878e+05;9.645961462084619561e+05;1.037460458412819658e+06;1.115809889214117080e+06;1.200055199035297381e+06;1.290637666201361921e+06;1.388031327220504871e+06;1.492745378529524198e+06;1.605326751014823327e+06;1.726362869378028205e+06;1.856484609218502650e+06;1.996369465560120298e+06;2.146744947455766145e+06;2.308392214262808673e+06;2.482149970203991514e+06;2.668918634904861450e+06;2.869664808745250106e+06;3.085426053068593610e+06;3.317316006576380692e+06;3.566529860585609451e+06;3.834350217258100398e+06;4.122153356419294141e+06;4.431415938177725300e+06;4.763722170235991478e+06;5.120771470553824678e+06;5.504386657888408750e+06;5.916522704698438756e+06;6.359276088962321170e+06;6.834894783623487689e+06;7.345788924658356234e+06;7.894542201140264980e+06;8.483924013179691508e+06;9.116902446238351986e+06;9.796658113048970699e+06;1.052659891724294238e+07;1.131037579577209055e+07;1.215189950032422692e+07;1.305535848118528724e+07;1.402523794037852995e+07;1.506634012441438809e+07;1.618380593064291403e+07;1.738313790497050062e+07;1.867022471261164173e+07;2.005136716761207208e+07;2.153330591102765873e+07;2.312325083197197318e+07;2.482891233016683906e+07;2.665853452318404987e+07;2.862093050624081120e+07;3.072551977718261629e+07;3.298236794419382140e+07;3.540222883874035627e+07;3.799658916133031249e+07;4.077771579282595217e+07;4.375870590927360952e+07;4.695354004345097393e+07;5.037713824170990288e+07;5.404541946997438371e+07;5.797536442814626545e+07;6.218508193751864135e+07;6.669387907111068815e+07;7.152233520215772092e+07;7.669238015118253231e+07;8.222737661726333201e+07;8.815220708415549994e+07;9.449336539682473242e+07;1.012790532088159472e+08;1.085392815053951889e+08;1.163059774120092988e+08;1.246130965016145706e+08;1.334967408187642246e+08;1.429952828417105079e+08;1.531494956077145338e+08;1.640026892296192944e+08;1.756008540349536836e+08;1.879928105612208247e+08;2.012303666435908973e+08;2.153684818329225779e+08;2.304654393839024305e+08;2.465830260542218983e+08;2.637867199567841589e+08;2.821458867073496580e+08;3.017339841106037498e+08;3.226287756270183921e+08;3.449125528630673289e+08;3.686723673261168599e+08;3.940002716843492389e+08;4.209935707709588408e+08;4.497550825697280169e+08;4.803934094176584482e+08;5.130232196577147841e+08;5.477655399726264477e+08;5.847480586279737949e+08;6.241054398500456810e+08;6.659796495611484051e+08;7.105202926919161081e+08;7.578849622876158953e+08;8.082396006217714548e+08;8.617588725286973715e+08;9.186265511627771854e+08;9.790359163908256292e+08;1.043190166021592379e+09;1.111302840075038671e+09;1.183598258293754339e+09;1.260311971098100424e+09;1.341691224188940048e+09;1.427995437003227234e+09;1.519496695232192039e+09;1.616480257616727352e+09;1.719245077242640495e+09;1.828104337567113161e+09;1.943386003420955658e+09
2.658302042030122248e+05;2.859742014696336701e+05;3.076418746280252817e+05;3.309481532265498536e+05;3.560165992647247040e+05;3.829800514225793886e+05;4.119813168976654415e+05;4.431739143151942408e+05;4.767228714229419129e+05;5.128055815460874001e+05;5.516127230581244221e+05;5.933492464243815048e+05;6.382354336953527527e+05;6.865080356692837086e+05;7.384214923085274640e+05;7.942492423837803071e+05;8.542851287359980633e+05;9.188449059880378190e+05;9.882678580106993904e+05;1.062918532950481633e+06;1.143188604161689524e+06;1.229498865955904359e+06;1.322301373688532738e+06;1.422081738347789040e+06;1.529361586497352226e+06;1.644701197154722642e+06;1.768702327961025760e+06;1.902011243822888238e+06;2.045321962080210913e+06;2.199379729181929026e+06;2.364984744834164158e+06;2.542996150630543008e+06;2.734336301276295912e+06;2.939995337690410670e+06;3.161036082507327199e+06;3.398599279809188098e+06;3.653909202306551393e+06;3.928279650645957328e+06;4.223120371070402674e+06;4.539943919287227094e+06;4.880373000119574368e+06;5.246148314325310290e+06;5.639136945881093852e+06;6.061341325031202286e+06;6.514908804516446777e+06;7.002141888614857569e+06;7.525509156953287311e+06;8.087656927494975738e+06;8.691421705667810515e+06;9.339843469272140414e+06;1.003617984162554704e+07;1.078392120831963979e+07;1.158680683602602966e+07;1.244884205499278009e+07;1.337431657018043101e+07;1.436782396946159750e+07;1.543428250089597143e+07;1.657895719483508915e+07;1.780748341048104689e+07;1.912589189053000510e+07;2.054063541168680415e+07;2.205861712311156094e+07;2.368722066928705946e+07;2.543434219832043350e+07;2.730842436140090972e+07;2.931849241388189048e+07;3.147419253342710063e+07;3.378583247561843693e+07;3.626442469259164482e+07;3.892173204547243565e+07;4.177031624666460603e+07;4.482358917344878614e+07;4.809586719975025207e+07;5.160242869845684618e+07;5.535957487212783843e+07;5.938469407554053515e+07;6.369632979898168147e+07;6.831425248676928878e+07;7.325953537096147239e+07;7.855463450562952459e+07;8.422347319244420528e+07;9.029153099361781776e+07;9.678593753337015212e+07;1.037355712941326946e+08;1.111711636185660660e+08;1.191254081331956387e+08;1.276330758139069080e+08;1.367311359179244637e+08;1.464588830108432770e+08;1.568580703212195039e+08;1.679730496586475968e+08;1.798509181345989704e+08;1.925416719282167554e+08;2.060983673419343531e+08;2.205772893942371607e+08;2.360381281986759007e+08;2.525441633802776933e+08;2.701624567816416025e+08;2.889640537121587396e+08;3.090241929945747256e+08;3.304225260635078549e+08;3.532433453706647754e+08;3.775758223512727618e+08;4.035142552060452700e+08;4.311583267518666983e+08;4.606133725937803388e+08;4.919906598695598841e+08;5.254076768166129589e+08;5.609884334096885920e+08;5.988637733157367706e+08;6.391716974108994007e+08;6.820576991022481918e+08;7.276751116954485178e+08;7.761854680469915867e+08;8.277588727385544777e+08;8.825743870086175203e+08;9.408204266760807037e+08;1.002695173287876248e+09;1.068406998724116564e+09;1.138174903492160320e+09;1.212228968942864180e+09;1.290810823643573046e+09;1.374174124144366026e+09;1.462585050378603220e+09;1.556322815943300247e+09;1.655680193512174606e+09;1.760964055642778397e+09;1.872495931249985456e+09
2.531899045479764754e+05;2.723781960780538502e+05;2.930181213910058723e+05;3.152192042181020370e+05;3.390991979293625336e+05;3.647847000671395217e+05;3.924118123342682957e+05;4.221268493498608004e+05;4.540870997221964644e+05;4.884616432403672370e+05;5.254322282558458392e+05;5.651942136131584411e+05;6.079575797964873491e+05;6.539480142869618721e+05;7.034080764763373882e+05;7.565984478563414887e+05;8.137992736016785493e+05;8.753116020907529164e+05;9.414589293604365084e+05;1.012588855975926388e+06;1.089074864310017554e+06;1.171318224775603507e+06;1.259750040138495155e+06;1.354833437658657553e+06;1.457065919468884356e+06;1.566981882303333376e+06;1.685155318433762994e+06;1.812202710467127850e+06;1.948786133498656563e+06;2.095616579012037022e+06;2.253457515865189489e+06;2.423128704708889127e+06;2.605510283252889756e+06;2.801547140923826955e+06;3.012253602658970281e+06;3.238718442845714279e+06;3.482110251758660655e+06;3.743683178263864480e+06;4.024783074057173450e+06;4.326854066285107285e+06;4.651445587065882050e+06;5.000219890188951045e+06;5.374960087124768645e+06;5.777578736430066638e+06;6.210127022690176032e+06;6.674804563300211914e+06;7.173969883659938350e+06;7.710151603736382909e+06;8.286060381457547657e+06;8.904601661012571305e+06;9.568889276888178661e+06;1.028225996733445115e+07;1.104828885396267474e+07;1.187080594730464369e+07;1.275391374144201912e+07;1.370200596420703083e+07;1.471978755302247964e+07;1.581229593010987528e+07;1.698492365464406833e+07;1.824344253339315951e+07;1.959402927549591288e+07;2.104329278127747774e+07;2.259830315940696001e+07;2.426662257122822106e+07;2.605633800574795157e+07;2.797609609358815476e+07;3.003514007310722768e+07;3.224334902696510032e+07;3.461127951254336536e+07;3.715020971492356807e+07;3.987218625647465885e+07;4.279007380256731808e+07;4.591760760847421736e+07;4.926944915809185058e+07;5.286124505082321167e+07;5.670968929858842492e+07;6.083258920072986186e+07;6.524893497024595737e+07;6.997897329054006934e+07;7.504428498756007850e+07;8.046786700785814226e+07;8.627421889868369699e+07;9.248943399171943963e+07;9.914129549749195576e+07;1.062593777227436900e+08;1.138751526281930804e+08;1.220221019490651935e+08;1.307358351055887640e+08;1.400542131352235079e+08;1.500174788827039301e+08;1.606683936881896257e+08;1.720523808176522851e+08;1.842176758831921220e+08;1.972154845044449270e+08;2.111001474650743306e+08;2.259293136214322746e+08;2.417641208225648999e+08;2.586693851031463742e+08;2.767137984127808809e+08;2.959701351465681195e+08;3.165154677431519628e+08;3.384313916175761819e+08;3.618042596967630982e+08;3.867254268262187839e+08;4.132915043164391518e+08;4.416046248977012038e+08;4.717727183517140746e+08;5.039097980880693197e+08;5.381362589329004288e+08;5.745791863966650963e+08;6.133726776867914200e+08;6.546581747303843498e+08;6.985848094712988138e+08;7.453097617046042681e+08;7.949986297113137245e+08;8.478258139550050497e+08;9.039749141018455029e+08;9.636391396251384020e+08;1.027021734255968690e+09;1.094336414541827917e+09;1.165807822776615381e+09;1.241671994567336798e+09;1.322176841305819511e+09;1.407582647817100763e+09;1.498162585462331295e+09;1.594203240979551315e+09;1.696005161354543209e+09;1.803883415023757696e+09
2.411667824617791339e+05;2.594458700630212552e+05;2.791080361702298396e+05;3.002576582244709716e+05;3.230069595915073878e+05;3.474765957805119688e+05;3.737962840611262363e+05;4.021054796465085237e+05;4.325541018361988245e+05;4.653033137544060010e+05;5.005263595778264571e+05;5.384094634228763171e+05;5.791527943576569669e+05;6.229715023180810967e+05;6.700968300447493093e+05;7.207773065151341725e+05;7.752800277291333769e+05;8.338920311142205028e+05;8.969217702518583974e+05;9.647006970917419530e+05;1.037584959314046428e+06;1.115957221028666245e+06;1.200228615560030332e+06;1.290840839665548177e+06;1.388268399169879733e+06;1.493021016675499035e+06;1.605646212728630751e+06;1.726732072584285168e+06;1.856910211526985047e+06;1.996858952567485394e+06;2.147306731249849778e+06;2.309035743277578149e+06;2.482885851697128266e+06;2.669758771470433567e+06;2.870622550425143912e+06;3.086516366799352691e+06;3.318555664893322624e+06;3.567937651713937055e+06;3.835947178950753529e+06;4.123963036152593326e+06;4.433464682596205734e+06;4.766039447044421919e+06;5.123390226394776255e+06;5.507343716117760167e+06;5.919859207383239642e+06;6.363037987878738903e+06;6.839133385536844842e+06;7.350561496710012667e+06;7.899912642781938426e+06;8.489963601752206683e+06;9.123690664029262960e+06;9.804283564469894394e+06;1.053516034564521536e+07;1.131998321039170586e+07;1.216267542491519265e+07;1.306743933706430346e+07;1.403877557788197324e+07;1.508150351817474887e+07;1.620078305562533624e+07;1.740213781188493222e+07;1.869147982317245379e+07;2.007513581209494546e+07;2.155987513280519098e+07;2.315293948607658595e+07;2.486207450556337833e+07;2.669556332128236070e+07;2.866226221128173172e+07;3.077163845753104240e+07;3.303381052724424005e+07;3.545959070614404976e+07;3.806053031563445181e+07;4.084896765130894631e+07;4.383807878591278940e+07;4.704193138551793247e+07;5.047554169350774586e+07;5.415493484275134653e+07;5.809720866227215528e+07;6.232060115062559396e+07;6.684456179411124438e+07;7.168982691392762959e+07;7.687849923221638799e+07;8.243413185292239487e+07;8.838181685911560059e+07;9.474827873424071074e+07;1.015619728204134405e+08;1.088531890323505849e+08;1.166541610510200113e+08;1.249991812263260633e+08;1.339247214231467992e+08;1.434695600500880778e+08;1.536749155148665309e+08;1.645845863547644615e+08;1.762450982948717773e+08;1.887058584906919599e+08;2.020193172155931592e+08;2.162411372568546534e+08;2.314303712874874175e+08;2.476496474836303294e+08;2.649653636603080630e+08;2.834478902003930807e+08;3.031717820540022850e+08;3.242160000871528983e+08;3.466641420603476763e+08;3.706046835188354850e+08;3.961312288777818680e+08;4.233427729860991836e+08;4.523439734538461566e+08;4.832454340282307267e+08;5.161639993042755723e+08;5.512230610557352304e+08;5.885528764729083776e+08;6.282908985934554338e+08;6.705821192130345106e+08;7.155794245623097420e+08;7.634439640374627113e+08;8.143455322714507580e+08;8.684629648339241743e+08;9.259845478484473228e+08;9.871084418167470694e+08;1.052043119941338301e+09;1.121007821239615440e+09;1.194233018745515347e+09;1.271960903097788572e+09;1.354445881818795204e+09;1.441955094592159033e+09;1.534768944855387211e+09;1.633181648030444384e+09;1.737501796724976778e+09
2.297314023020854511e+05;2.471455829766105453e+05;2.658776098807323142e+05;2.860269616677351878e+05;3.077005974341946421e+05;3.310135159442885779e+05;3.560893562892441405e+05;3.830610430103841354e+05;4.120714789308497566e+05;4.432742891724094516e+05;4.768346200820664526e+05;5.129299970570324222e+05;5.517512455401138868e+05;5.935034797589048976e+05;6.384071641053599305e+05;6.866992523960778490e+05;7.386344106214737985e+05;7.944863291840675520e+05;8.545491310443150578e+05;9.191388826383341802e+05;9.885952149079109076e+05;1.063283062288885470e+06;1.143594528044862673e+06;1.229950884907436324e+06;1.322804720596061787e+06;1.422642238442688482e+06;1.529985724037931999e+06;1.645396189553306671e+06;1.769476208176716696e+06;1.902872951930169016e+06;2.046281447022356093e+06;2.200448061827704310e+06;2.366174243576234207e+06;2.544320520898082294e+06;2.735810790481106378e+06;2.941636907288964838e+06;3.162863599040136673e+06;3.400633726979097817e+06;3.656173916374759749e+06;3.930800581667524297e+06;4.225926372756760567e+06;4.543067070578955114e+06;4.883848961874187924e+06;5.250016724885286763e+06;5.643441859677071683e+06;6.066131698813412338e+06;6.520239036278881133e+06;7.008072414806667715e+06;7.532107114146335982e+06;8.094996885312178172e+06;8.699586478474155068e+06;9.348925014898892492e+06;1.004628025623856299e+07;1.079515382746381313e+07;1.159929745290206559e+07;1.246273026812149398e+07;1.338975727384092845e+07;1.438498900161591545e+07;1.545336246478744783e+07;1.660016347203787975e+07;1.783105038493761420e+07;1.915207940502971038e+07;2.056973148032997921e+07;2.209094092559700459e+07;2.372312585534658283e+07;2.547422053337066248e+07;2.735270974741982669e+07;2.936766532279468700e+07;3.152878489377343655e+07;3.384643305712775141e+07;3.633168503746838123e+07;3.899637299969618767e+07;4.185313514956663549e+07;4.491546776912318170e+07;4.819778033968001604e+07;5.171545391096128523e+07;5.548490288105462492e+07;5.952364035792152584e+07;6.385034727930938452e+07;6.848494547409269214e+07;7.344867485420565307e+07;7.876417493245688081e+07;8.445557086769528687e+07;9.054856424478170276e+07;9.707052880293676257e+07;1.040506113318431973e+08;1.115198379607929438e+08;1.195112260718408674e+08;1.280599020734563619e+08;1.372032252766119540e+08;1.469809181204468906e+08;1.574352029996927977e+08;1.686109459508481324e+08;1.805558074587762952e+08;1.933204006496829689e+08;2.069584571406746805e+08;2.215270008199420869e+08;2.370865298352952600e+08;2.537012070721963048e+08;2.714390594055482149e+08;2.903721860124900341e+08;3.105769760361095667e+08;3.321343358922843933e+08;3.551299265144612789e+08;3.796544108327350020e+08;4.058037117858911157e+08;4.336792811663871408e+08;4.633883796001127958e+08;4.950443679638097882e+08;5.287670105447309613e+08;5.646827902480242252e+08;6.029252361587452888e+08;6.436352637664755583e+08;6.869615281618386507e+08;7.330607905153604746e+08;7.820982981506373882e+08;8.342481785252119303e+08;8.896938474346598387e+08;9.486284317567697763e+08;1.011255207056125879e+09;1.077788050371031284e+09;1.148451908509545565e+09;1.223483282183940172e+09;1.303130726318903685e+09;1.387655366873997450e+09;1.477331434527406931e+09;1.572446815576798677e+09;1.673303620421247005e+09
2.188555977481726441e+05;2.354470576353451179e+05;2.532942974963313318e+05;2.724921331627366017e+05;2.931425128286381951e+05;3.153550505424785661e+05;3.392475992602974293e+05;3.649468663553022197e+05;3.925890746865124675e+05;4.223206725509198150e+05;4.542990960810669349e+05;4.886935879035696271e+05;5.256860761451728176e+05;5.654721181625031168e+05;6.082619136811542558e+05;6.542813923598628026e+05;7.037733811484579928e+05;7.569988571846735431e+05;8.142382923759863479e+05;8.757930962419952266e+05;9.419871640486303950e+05;1.013168537753219018e+06;1.089711187798186438e+06;1.172016924343249062e+06;1.260517447116198251e+06;1.355676543687551981e+06;1.457992446642445866e+06;1.568000360831493046e+06;1.686275172638351796e+06;1.813434354001645697e+06;1.950141074782832991e+06;2.097107537974722451e+06;2.255098553207204677e+06;2.424935365024765953e+06;2.607499753492481075e+06;2.803738425831703935e+06;3.014667719000990037e+06;3.241378634424647316e+06;3.485042227428765967e+06;3.746915375388233922e+06;4.028346950104645453e+06;4.330784421548014507e+06;4.655780921788483858e+06;5.005002799737499095e+06;5.380237699208525941e+06;5.783403194794448093e+06;6.216556022162375972e+06;6.681901941564564593e+06;7.181806275695123710e+06;7.718805165452109650e+06;8.295617589732440189e+06;8.915158198070503771e+06;9.580551007748428732e+06;1.029514401995733567e+07;1.106252481267761998e+07;1.188653717117079347e+07;1.277129882034818083e+07;1.372122032680460438e+07;1.474102524196497165e+07;1.583577156161554717e+07;1.701087458106215298e+07;1.827213122928421572e+07;1.962574596973714232e+07;2.107835835988664255e+07;2.263707236616962403e+07;2.430948753579687327e+07;2.610373213175233454e+07;2.802849834235331044e+07;3.009307968198026717e+07;3.230741070488899946e+07;3.468210915953938663e+07;3.722852071645299345e+07;3.995876640838983655e+07;4.288579292745803297e+07;4.602342592978288233e+07;4.938642650437896699e+07;5.299055096906472743e+07;5.685261416247668117e+07;6.099055640751051158e+07;6.542351432791533321e+07;7.017189570606404543e+07;7.525745857637555897e+07;8.070339475522761047e+07;8.653441801456306875e+07;9.277685711275830865e+07;9.945875390256525576e+07;1.066099667421964407e+08;1.142622794416731149e+08;1.224495159826538563e+08;1.312076612557566166e+08;1.405749880651954412e+08;1.505921906560776532e+08;1.613025250251440704e+08;1.727519562809778154e+08;1.849893133246218562e+08;1.980664511264963150e+08;2.120384208800053895e+08;2.269636483165813386e+08;2.429041204712236822e+08;2.599255811911922693e+08;2.780977356847501993e+08;2.974944644096058607e+08;3.181940466048784852e+08;3.402793937726601958e+08;3.638382934187551737e+08;3.889636633646621108e+08;4.157538169454818368e+08;4.443127394109832048e+08;4.747503758493921757e+08;5.071829309557304382e+08;5.417331809688096046e+08;5.785307981031662226e+08;6.177126878045569658e+08;6.594233391596212387e+08;7.038151887930014133e+08;7.510489985874370337e+08;8.012942475649093390e+08;8.547295382699429989e+08;9.115430179991571903e+08;9.719328152243294716e+08;1.036107491560491562e+09;1.104286509634248495e+09;1.176700717213057756e+09;1.253592847960869074e+09;1.335218039192543030e+09;1.421844367006224394e+09;1.513753399180722237e+09;1.611240766235608101e+09
2.085124336798294971e+05;2.243213392904777138e+05;2.413269743266115547e+05;2.596197167045373353e+05;2.792967452234054799e+05;3.004625485306992196e+05;3.232294718605465023e+05;3.477183043125386466e+05;3.740589096373247448e+05;4.023909037079976988e+05;4.328643820837807143e+05;4.656407013152821455e+05;5.008933179007482249e+05;5.388086890804592986e+05;5.795872399526258232e+05;6.234444017117458861e+05;6.706117261481555179e+05;7.213380819090231089e+05;7.758909384067418287e+05;8.345577436716292286e+05;8.976474028851169860e+05;9.654918647971285973e+05;1.038447823730374686e+06;1.116898545405588578e+06;1.201255825388223631e+06;1.291962089559757849e+06;1.389492646658973536e+06;1.494358103621706599e+06;1.607106955173603725e+06;1.728328359903617064e+06;1.858655115867729997e+06;1.998766849642848130e+06;2.149393433680948336e+06;2.311318647792872507e+06;2.485384101639415603e+06;2.672493436210422777e+06;2.873616823448771611e+06;3.089795784417319112e+06;3.322148347725318745e+06;3.571874571322037373e+06;3.840262452241627034e+06;4.128694250439127907e+06;4.438653254506045952e+06;4.771731018791886978e+06;5.129635103290849365e+06;5.514197349593080580e+06;5.927382728231642395e+06;6.371298794912176207e+06;6.848205795365664177e+06;7.360527460949576460e+06;7.910862539613136090e+06;8.501997109472041950e+06;9.136917724990397692e+06;9.818825448650233448e+06;1.055115082401454262e+07;1.133756984925647825e+07;1.218202101352885738e+07;1.308872346201313846e+07;1.406219635908344761e+07;1.510727952279083431e+07;1.622915540778348595e+07;1.743337251785188541e+07;1.872587033352822810e+07;2.011300584454992786e+07;2.160158178156801313e+07;2.319887664618575573e+07;2.491267664328949526e+07;2.675130962467720360e+07;2.872368115817639232e+07;3.083931284178566560e+07;3.310838298787454143e+07;3.554176980812301487e+07;3.815109723565010726e+07;4.094878352669789642e+07;4.394809279028937966e+07;4.716318960041621327e+07;5.060919685156789422e+07;5.430225702481832355e+07;5.825959703804263473e+07;6.249959686044684798e+07;6.704186207806875557e+07;7.190730060358940065e+07;7.711820373039442301e+07;8.269833173746122420e+07;8.867300425833898783e+07;9.506919563402535021e+07;1.019156354761891663e+08;1.092429146736540943e+08;1.170835970814956874e+08;1.254723371384698004e+08;1.344460036646678746e+08;1.440438100974469483e+08;1.543074514295974970e+08;1.652812481194820702e+08;1.770122972486073375e+08;1.895506312074262202e+08;2.029493841954599321e+08;2.172649668269988000e+08;2.325572491382816732e+08;2.488897522970604300e+08;2.663298493195489943e+08;2.849489751044336557e+08;3.048228460974169374e+08;3.260316899038661122e+08;3.486604851709113717e+08;3.727992120638687611e+08;3.985431136655213833e+08;4.259929686299912333e+08;4.552553754265130758e+08;4.864430485113487840e+08;5.196751267696279883e+08;5.550774945719835758e+08;5.927831157938948870e+08;6.329323811493057013e+08;6.756734691931904554e+08;7.211627213514244556e+08;7.695650313397532701e+08;8.210542493377913237e+08;8.758136012878296375e+08;9.340361236929569244e+08;9.959251142934567928e+08;1.061694599005859375e+09;1.131569815514740229e+09;1.205787713913375616e+09;1.284597474796706915e+09;1.368261045217659950e+09;1.457053692926281691e+09;1.551264579321140051e+09
1.986761673835540423e+05;2.137407540617211780e+05;2.299458914872135792e+05;2.473777339719298470e+05;2.661289210650052410e+05;2.862990631437674747e+05;3.079952630709885852e+05;3.313326765638779616e+05;3.564351141110800672e+05;3.834356874773400486e+05;4.124775040535196313e+05;4.437144125424023368e+05;4.773118037200510735e+05;5.134474702785260160e+05;5.523125300402479479e+05;5.941124171384511283e+05;6.390679460824131966e+05;6.874164539734493010e+05;7.394130265071009053e+05;7.953318137922120513e+05;8.554674424391506473e+05;9.201365308186272159e+05;9.896793148722639307e+05;1.064461392366391839e+06;1.144875594025753206e+06;1.231343990563184023e+06;1.324320045239435276e+06;1.424290922244583489e+06;1.531779961891911225e+06;1.647349334360385546e+06;1.771602884511726210e+06;1.905189181150841061e+06;2.048804784991180059e+06;2.203197750535442028e+06;2.369171378091034014e+06;2.547588233206832781e+06;2.739374451952843927e+06;2.945524351665819995e+06;3.167105368057605810e+06;3.405263340929825790e+06;3.661228172168734483e+06;3.936319881200230680e+06;4.231955084684390575e+06;4.549653928911806084e+06;4.891047505149930716e+06;5.257885780059719458e+06;5.652046075294907205e+06;6.075542132472538389e+06;6.530533801918849349e+06;7.019337395894901827e+06;7.544436749456887133e+06;8.108495034651405178e+06;8.714367376449713483e+06;9.365114321630235761e+06;1.006401621479069442e+07;1.081458853875821084e+07;1.162059827991714329e+07;1.248608138236075267e+07;1.341536135831722431e+07;1.441306912600197457e+07;1.548416414989789017e+07;1.663395696248809993e+07;1.786813315064169466e+07;1.919277889419578388e+07;2.061440814879127964e+07;2.213999156968906894e+07;2.377698727814377472e+07;2.553337357691000775e+07;2.741768372664540261e+07;2.943904290029064566e+07;3.160720743802495673e+07;3.393260653103602678e+07;3.642638646814572066e+07;3.910045758529905230e+07;4.196754406400682032e+07;4.504123673104922473e+07;4.833604901812630147e+07;5.186747624655911326e+07;5.565205840876547992e+07;5.970744662484598160e+07;6.405247345940425992e+07;6.870722729046928883e+07;7.369313092933106422e+07;7.903302469690337777e+07;8.475125416921870410e+07;9.087376281152272224e+07;9.742818972739905119e+07;1.044439727561681867e+08;1.119524571586732268e+08;1.199870101383516788e+08;1.285831414511024505e+08;1.377786303641231954e+08;1.476136592303040922e+08;1.581309539511957765e+08;1.693759316076503098e+08;1.813968555434539616e+08;1.942449981930367351e+08;2.079748119501715302e+08;2.226441083801174164e+08;2.383142460830391049e+08;2.550503275218379200e+08;2.729214051324560046e+08;2.920006970398630500e+08;3.123658127073843479e+08;3.340989888519120812e+08;3.572873359619082808e+08;3.820230957595154643e+08;4.084039099524413347e+08;4.365331006254516244e+08;4.665199626256303191e+08;4.984800682995738983e+08;5.325355849450858235e+08;5.688156053440674543e+08;6.074564917476075888e+08;6.486022336887378693e+08;6.924048200028470755e+08;7.390246254405577183e+08;7.886308122625194788e+08;8.414017472112601995e+08;8.975254342600628138e+08;9.571999635453728437e+08;1.020633976894661665e+09;1.088047150368974447e+09;1.159670694246436596e+09;1.235747870880592108e+09;1.316534530875678301e+09;1.402299668031288624e+09;1.493325993517383814e+09
1.893222093001564208e+05;2.036788668653039203e+05;2.191226308126147778e+05;2.357356360163037025e+05;2.536062020404422365e+05;2.728292964554898208e+05;2.935070325924875797e+05;3.157492042642169399e+05;3.396738601647551986e+05;3.654079208539886167e+05;3.930878414424537332e+05;4.228603233148524887e+05;4.548830784696470946e+05;4.893256503070371691e+05;5.263702949706083164e+05;5.662129276393433101e+05;6.090641384780381341e+05;6.551502832871644059e+05;7.047146542478476185e+05;7.580187365373384673e+05;8.153435569947173353e+05;8.769911314484945033e+05;9.432860177780556260e+05;1.014576982272490626e+06;1.091238787373028696e+06;1.173674109443771187e+06;1.262315595809312304e+06;1.357628070930620423e+06;1.460110902264054166e+06;1.570300537065566750e+06;1.688773222163809929e+06;1.816147919537765672e+06;1.953089431395003106e+06;2.100311749362777453e+06;2.258581643377028406e+06;2.428722506885021925e+06;2.611618476073898841e+06;2.808218841997965705e+06;3.019542775708864443e+06;3.246684387797377072e+06;3.490818145136759616e+06;3.753204669079379179e+06;4.035196940904954914e+06;4.338246941954717040e+06;4.663912757611773908e+06;5.013866176113226451e+06;5.389900815106780268e+06;5.793940810890697874e+06;6.228050107422811911e+06;6.694442384431689046e+06;7.195491666341958568e+06;7.733743656218909658e+06;8.311927841559727676e+06;8.932970421517169103e+06;9.600008108029957861e+06;1.031640285636538453e+07;1.108575758376001380e+07;1.191193293816277198e+07;1.279906518257045001e+07;1.375158526406614855e+07;1.477423914048205875e+07;1.587210944154476747e+07;1.705063854549493268e+07;1.831565315645461902e+07;1.967339047228198871e+07;2.113052603726747632e+07;2.269420337884655595e+07;2.437206553245792910e+07;2.617228856384262815e+07;2.810361720337463170e+07;3.017540271252114326e+07;3.239764310817286000e+07;3.478102587639860064e+07;3.733697331316933036e+07;4.007769063571577519e+07;4.301621701446374506e+07;4.616647968191662431e+07;4.954335128140254319e+07;5.316271062527943403e+07;5.704150703898388892e+07;6.119782847419322282e+07;6.565097358135256916e+07;7.042152793888723850e+07;7.553144464351499081e+07;8.100412947326947749e+07;8.686453084201285243e+07;9.313923477146439254e+07;9.985656511394149065e+07;1.070466892662772238e+08;1.147417296224547923e+08;1.229758810197029859e+08;1.317855344397601336e+08;1.412094072340843379e+08;1.512886801485496163e+08;1.620671414300501347e+08;1.735913383039937019e+08;1.859107361182395220e+08;1.990778854554044604e+08;2.131485975217382312e+08;2.281821281267966926e+08;2.442413705742326975e+08;2.613930577896800339e+08;2.797079740175729990e+08;2.992611764241666794e+08;3.201322269494852424e+08;3.424054347564131021e+08;3.661701096301357746e+08;3.915208266866984963e+08;4.185577027541729808e+08;4.473866847955050468e+08;4.781198507468364835e+08;5.108757231506237984e+08;5.457795959678848982e+08;5.829638749592832327e+08;6.225684320302286148e+08;6.647409739407725334e+08;7.096374257867920399e+08;7.574223296651057005e+08;8.082692589412645102e+08;8.623612485451568365e+08;9.198912417271704674e+08;9.810625537137292624e+08;1.046089352709949017e+09;1.115197158704419851e+09;1.188623360540247202e+09;1.266617751725866556e+09;1.349443085468666792e+09;1.437375649426246643e+09
1.804270835124970763e+05;1.941104390511056990e+05;2.088300594431138306e+05;2.246642545857485384e+05;2.416972329119289352e+05;2.600195434821656090e+05;2.797285509607739514e+05;3.009289458940298064e+05;3.237332928826992866e+05;3.482626194281348144e+05;3.746470484311948530e+05;4.030264775369469426e+05;4.335513087469470338e+05;4.663832319656935288e+05;5.016960664091314538e+05;5.396766640826511430e+05;5.805258798349888530e+05;6.244596128132868325e+05;6.717099244855779689e+05;7.225262387609196594e+05;7.771766301258835010e+05;8.359492061306942487e+05;8.991535910013652174e+05;9.671225176247083582e+05;1.040213535657744622e+06;1.118810844048667233e+06;1.203327256827600533e+06;1.294206311635327758e+06;1.391924531105490867e+06;1.496993847906134557e+06;1.609964204981734743e+06;1.731426343316251645e+06;1.862014790370387491e+06;2.002411063227187609e+06;2.153347101420377381e+06;2.315608945412854198e+06;2.490040677753950004e+06;2.677548645061530173e+06;2.879105980171113275e+06;3.095757445046663750e+06;3.328624616394573823e+06;3.578911437328267843e+06;3.847910159934356343e+06;4.137007705174494069e+06;4.447692468230644241e+06;4.781561599173983559e+06;5.140328790706114843e+06;5.525832606693137437e+06;5.940045387295731343e+06;6.385082768690295517e+06;6.863213857687408105e+06;7.376872103985701688e+06;7.928666915355671197e+06;8.521396063738591969e+06;9.158058933069903404e+06;9.841870662597512826e+06;1.057627724257725291e+07;1.136497162248104624e+07;1.221191089526293799e+07;1.312133462479932234e+07;1.409778438733725436e+07;1.514612460168308951e+07;1.627156472691791132e+07;1.747968291066019982e+07;1.877645117528723180e+07;2.016826223411465809e+07;2.166195803428230062e+07;2.326486012802470848e+07;2.498480197911632061e+07;2.683016331657472625e+07;2.880990665315851197e+07;3.093361609186052158e+07;3.321153854938883334e+07;3.565462753164532036e+07;3.827458960232409835e+07;4.108393369213566184e+07;4.409602340254911780e+07;4.732513246465430409e+07;5.078650352044906467e+07;5.449641040077803284e+07;5.847222408116851747e+07;6.273248250393720716e+07;6.729696446217013896e+07;7.218676774851201475e+07;7.742439177905848622e+07;8.303382491014795005e+07;8.904063667330150306e+07;9.547207516109231114e+07;1.023571698043215275e+08;1.097268397882917076e+08;1.176140083636497110e+08;1.260537233145857602e+08;1.350832838547735810e+08;1.447423742286949158e+08;1.550732043033155203e+08;1.661206574423522949e+08;1.779324459624191523e+08;1.905592744773808718e+08;2.040550114441108406e+08;2.184768692297152281e+08;2.338855930268337131e+08;2.503456589503270686e+08;2.679254816549375653e+08;2.866976318200467825e+08;3.067390638537529707e+08;3.281313541746414900e+08;3.509609504360771179e+08;3.753194320632744431e+08;4.013037824801641703e+08;4.290166734085755348e+08;4.585667616286965609e+08;4.900689985954694748e+08;5.236449533124566674e+08;5.594231488703013659e+08;5.975394130637111664e+08;6.381372435079150200e+08;6.813681876811413765e+08;7.273922383286089897e+08;7.763782446688131094e+08;8.285043398522008657e+08;8.839583851291508675e+08;9.429384311933159828e+08;1.005653197174510598e+09;1.072322567764993191e+09;1.143178108972581148e+09;1.218463603003949165e+09;1.298435602793334961e+09;1.383364006702097178e+09
1.719683881568403158e+05;1.850113859467816947e+05;1.990422842998565466e+05;2.141357533156202408e+05;2.303720891928579658e+05;2.478376360990293615e+05;2.666252394420629134e+05;2.868347328557219589e+05;3.085734613771105651e+05;3.319568434737871285e+05;3.571089747695147526e+05;3.841632765225538751e+05;4.132631921295541688e+05;4.445629351630497258e+05;4.782282927002995275e+05;5.144374879704242339e+05;5.533821066324145067e+05;5.952680913032174576e+05;6.403168092819221783e+05;6.887661987654519035e+05;7.408719992244068999e+05;7.969090720055566635e+05;8.571728176525442395e+05;9.219806968900153879e+05;9.916738626994624501e+05;1.066618911431059474e+06;1.147209761445740005e+06;1.233869668366021244e+06;1.327053386639960343e+06;1.427249487785402685e+06;1.534982846389507176e+06;1.650817305691022193e+06;1.775358535373265389e+06;1.909257095047281822e+06;2.053211717807307607e+06;2.207972829206281342e+06;2.374346318013661541e+06;2.553197576206985861e+06;2.745455826795269269e+06;2.952118759291320108e+06;3.174257493944690563e+06;3.413021897214068566e+06;3.669646272409451194e+06;3.945455450969127938e+06;4.241871311459020711e+06;4.560419755101765506e+06;4.902738168451094069e+06;5.270583405751637183e+06;5.665840325534792617e+06;6.090530918145976029e+06;6.546824063135543838e+06;7.037045957823109813e+06;7.563691260827841237e+06;8.129434996990211308e+06;8.737145272857384756e+06;9.389896854806635529e+06;1.009098566491298564e+07;1.084394425286355987e+07;1.165255830555225350e+07;1.252088425948618911e+07;1.345326808480195887e+07;1.445436531349701062e+07;1.552916238849264570e+07;1.668299941429075412e+07;1.792159439434185624e+07;1.925106904475478083e+07;2.067797627867127582e+07;2.220932946053008363e+07;2.385263353448658809e+07;2.561591813653064147e+07;2.750777280526403338e+07;2.953738441192411631e+07;3.171457693606149033e+07;3.404985371923930198e+07;3.655444233530959487e+07;3.924034222215259075e+07;4.212037522628106177e+07;4.520823921838402003e+07;4.851856494471695274e+07;5.206697628623986244e+07;5.587015410453504324e+07;5.994590386076048762e+07;6.431322720135653764e+07;6.899239771162335575e+07;7.400504104594339430e+07;7.937421965110559762e+07;8.512452230689409375e+07;9.128215871594186127e+07;9.787505938271029294e+07;1.049329810293323100e+08;1.124876178039177805e+08;1.205727185448609143e+08;1.292242103725401014e+08;1.384803288876256049e+08;1.483817552630781233e+08;1.589717605245717764e+08;1.702963573218504190e+08;1.824044595010823905e+08;1.953480497958115637e+08;2.091823559615168571e+08;2.239660356863039434e+08;2.397613706171502769e+08;2.566344698488728404e+08;2.746554832294597030e+08;2.938988248430302739e+08;3.144434070381641388e+08;3.363728853767618537e+08;3.597759148850541115e+08;3.847464179957633018e+08;4.113838645769225359e+08;4.397935644501716495e+08;4.700869728082502484e+08;5.023820089487433434e+08;5.368033887480208278e+08;5.734829713074541092e+08;6.125601202107517719e+08;6.541820798401796818e+08;6.985043672064998150e+08;7.456911797565448284e+08;7.959158196309845448e+08;8.493611348536540270e+08;9.062199779433982372e+08;9.666956824493690729e+08;1.031002557920835614e+09;1.099366403833442211e+09;1.172025043005181789e+09;1.249228875047087193e+09;1.331241450406646490e+09
1.639247559264630254e+05;1.763587344910895335e+05;1.897346066446386394e+05;2.041235789976493397e+05;2.196022248947540647e+05;2.362528870176943019e+05;2.541641099771605514e+05;2.734311051031014067e+05;2.941562498030749266e+05;3.164496240299064084e+05;3.404295865831068368e+05;3.662233941650591441e+05;3.939678663227505167e+05;4.238100996309823822e+05;4.559082347128110123e+05;4.904322799505652511e+05;5.275649960150084225e+05;5.675028456340467092e+05;6.104570133366826922e+05;6.566545002422226826e+05;7.063392993235626491e+05;7.597736569556036266e+05;8.172394269674931420e+05;8.790395238536617253e+05;9.454994822626253590e+05;1.016969130378766335e+06;1.093824385340223089e+06;1.176469179399882210e+06;1.265337526135994820e+06;1.360895736659336369e+06;1.463644796443656785e+06;1.574122914131587371e+06;1.692908254439305514e+06;1.820621868103601737e+06;1.957930832687033806e+06;2.105551618984444998e+06;2.264253698758492712e+06;2.434863410578676965e+06;2.618268101648368873e+06;2.815420564681468531e+06;3.027343790142707061e+06;3.255136055486282334e+06;3.499976374434498604e+06;3.763130330821980257e+06;4.045956323105064686e+06;4.349912247300035320e+06;4.676562647872423753e+06;5.027586367960424162e+06;5.404784732278771698e+06;5.810090298118718900e+06;6.245576212050160393e+06;6.713466212235589512e+06;7.216145318687107414e+06;7.756171256363297813e+06;8.336286658681008033e+06;8.959432101851265877e+06;9.628760023410879076e+06;1.034764958144282177e+07;1.111972251424345002e+07;1.194886006362240389e+07;1.283922102860554680e+07;1.379526102006636001e+07;1.482175299073666707e+07;1.592380911913167685e+07;1.710690413022622839e+07;1.837690014013772830e+07;1.974007311674897373e+07;2.120314105300495028e+07;2.277329395464823395e+07;2.445822574935073033e+07;2.626616822962081805e+07;2.820592714743148908e+07;3.028692058430717885e+07;3.251921972659387812e+07;3.491359218177359551e+07;3.748154797806917131e+07;4.023538839607571810e+07;4.318825778792274743e+07;4.635419854631198943e+07;4.974820939284838736e+07;5.338630716231008619e+07;5.728559226686400175e+07;6.146431803173558414e+07;6.594196410150557011e+07;7.073931412397442758e+07;7.587853792640727758e+07;8.138327840697145462e+07;8.727874337219838798e+07;9.359180255954191089e+07;1.003510900921280384e+08;1.075871126212585121e+08;1.153323634202641994e+08;1.236214427017822713e+08;1.324911844386924654e+08;1.419807899772761762e+08;1.521319687394435406e+08;1.629890863189675808e+08;1.745993202850465178e+08;1.870128240144364238e+08;2.002828988815638721e+08;2.144661751440969110e+08;2.296228018692934811e+08;2.458166462543607652e+08;2.631155027020798922e+08;2.815913120204301476e+08;3.013203911230998635e+08;3.223836736151682138e+08;3.448669616563449502e+08;3.688611895016053319e+08;3.944626991270824075e+08;4.217735283570560813e+08;4.509017119153945446e+08;4.819615958336482644e+08;5.150741656554934978e+08;5.503673888862024546e+08;5.879765721442109346e+08;6.280447334807562828e+08;6.707229903429768085e+08;7.161709636648660898e+08;7.645571985808035135e+08;8.160596022661539316e+08;8.708658994201645851e+08;9.291741059175230265e+08;9.911930211659363508e+08;1.057142739719406247e+09;1.127255182709206581e+09;1.201774649667445898e+09;1.280958391331594467e+09
1.562758148217773996e+05;1.681305811229504470e+05;1.808834769042476255e+05;1.946024131221306743e+05;2.093604205548739701e+05;2.252360340510774695e+05;2.423137054189959890e+05;2.606842470688946778e+05;2.804453086745177279e+05;3.017018892832448473e+05;3.245668874807198299e+05;3.491616924036884448e+05;3.756168185957340756e+05;4.040725879168143729e+05;4.346798619467292447e+05;4.676008285701178247e+05;5.030098466934273019e+05;5.410943533261874691e+05;5.820558375599576393e+05;6.261108863000648562e+05;6.734923069488144247e+05;7.244503326059848769e+05;7.792539157445286401e+05;8.381921167372026248e+05;9.015755940571587998e+05;9.697382034512171522e+05;1.043038713892919826e+06;1.121862648663917324e+06;1.206624260490176268e+06;1.297768650274012703e+06;1.395774039619170129e+06;1.501154208043294959e+06;1.614461106515824329e+06;1.736287659749155631e+06;1.867270770512382966e+06;2.008094540130407317e+06;2.159493720282274764e+06;2.322257412221454550e+06;2.497233030613124836e+06;2.685330550322371069e+06;2.887527055693855044e+06;3.104871613144597970e+06;3.338490489249867387e+06;3.589592737939474639e+06;3.859476181946062483e+06;4.149533815259173978e+06;4.461260655045051128e+06;4.796261073293962516e+06;5.156256640366502106e+06;5.543094514618577436e+06;5.958756414413095452e+06;6.405368211066028103e+06;6.885210183635737747e+06;7.400727978955866769e+06;7.954544322932509705e+06;8.549471531878398731e+06;9.188524875562170520e+06;9.874936846690764651e+06;1.061217239473939501e+07;1.140394518540062383e+07;1.225423495043374971e+07;1.316730599637951143e+07;1.414772694445048645e+07;1.520039177794787474e+07;1.633054227773960307e+07;1.754379193074707314e+07;1.884615140094925091e+07;2.024405565717260540e+07;2.174439285692695528e+07;2.335453509065702185e+07;2.508237109617242217e+07;2.693634105853928998e+07;2.892547361649456993e+07;3.105942520236715674e+07;3.334852184866447002e+07;3.580380360081779957e+07;3.843707168211166561e+07;4.126093856360005587e+07;4.428888109867377579e+07;4.753529688911246508e+07;5.101556405670829862e+07;5.474610460200414807e+07;5.874445153933542967e+07;6.302932000511922687e+07;6.762068254427918792e+07;7.253984878770995140e+07;7.780954974195539951e+07;8.345402692045086622e+07;8.949912655419062078e+07;9.597239912809817493e+07;1.029032044979264587e+08;1.103228228512187153e+08;1.182645717843649387e+08;1.267639297766916007e+08;1.358586663510696590e+08;1.455889792193100154e+08;1.559976387194183171e+08;1.671301398603484929e+08;1.790348622987639606e+08;1.917632385808374286e+08;2.053699309908660054e+08;2.199130173570523262e+08;2.354541861734238565e+08;2.520589414053666890e+08;2.697968173548967838e+08;2.887416039702260494e+08;3.089715829928375483e+08;3.305697753437298536e+08;3.536242001592594385e+08;3.782281458955882788e+08;4.044804539294713736e+08;4.324858150921418071e+08;4.623550795820072293e+08;4.942055807109560966e+08;5.281614729486710429e+08;5.643540847390016317e+08;6.029222865719220638e+08;6.440128748055312634e+08;6.877809717423595190e+08;7.343904424756339788e+08;7.840143290321835279e+08;8.368353023503403664e+08;8.930461326435273886e+08;9.528501787123339176e+08;1.016461896781844616e+09;1.084107369453108549e+09;1.156024855373452902e+09;1.232465360243611813e+09
1.490021492867688939e+05;1.603060500772755768e+05;1.724664499227326305e+05;1.855481238695176144e+05;1.996207317351828387e+05;2.147591848720786802e+05;2.310440402861764887e+05;2.485619241307145858e+05;2.674059867410360021e+05;2.876763915342722903e+05;3.094808402658063569e+05;3.329351373145676334e+05;3.581637958622337319e+05;3.853006890375962248e+05;4.144897493184347404e+05;4.458857197192251333e+05;4.796549605458509177e+05;5.159763157684932230e+05;5.550420433529546717e+05;5.970588141987695126e+05;6.422487846630970016e+05;6.908507480012527667e+05;7.431213704308809247e+05;7.993365179292835528e+05;8.597926803016894264e+05;9.248084995166906156e+05;9.947264097923504887e+05;1.069914397438741755e+06;1.150767889017167035e+06;1.237711776968079386e+06;1.331202592491545714e+06;1.431730836134863785e+06;1.539823477257860824e+06;1.656046634308842709e+06;1.781008448652580380e+06;1.915362165556091350e+06;2.059809436852850951e+06;2.215103860780731309e+06;2.382054775524687022e+06;2.561531324092878960e+06;2.754466809323619585e+06;2.961863359056504909e+06;3.184796922815491445e+06;3.424422622743498534e+06;3.681980483001630288e+06;3.958801563409450464e+06;4.256314524754793383e+06;4.576052654951058328e+06;4.919661387068358250e+06;5.288906342220442370e+06;5.685681932351610623e+06;6.112020560146916658e+06;6.570102455588161014e+06;7.062266191098487936e+06;7.591019919772964902e+06;8.159053383879770525e+06;8.769250743642112240e+06;9.424704279285414144e+06;1.012872902246158570e+07;1.088487837642982975e+07;1.169696078783006966e+07;1.256905753647769056e+07;1.350554171339032426e+07;1.451109846121661179e+07;1.559074655535501800e+07;1.674986140839049406e+07;1.799419958496319503e+07;1.932992491889670119e+07;2.076363632931111753e+07;2.230239743752983958e+07;2.395376809190817177e+07;2.572583791319242865e+07;2.762726197874649614e+07;2.966729876989171281e+07;3.185585051273550093e+07;3.420350604917716980e+07;3.672158638136100769e+07;3.942219303953544050e+07;4.231825943027178198e+07;4.542360532910593599e+07;4.875299468903014809e+07;5.232219694376976043e+07;5.614805199250088632e+07;6.024853906055584550e+07;6.464284963870057464e+07;6.935146471180051565e+07;7.439623649603712559e+07;7.980047491234454513e+07;8.558903903235851228e+07;9.178843374192558229e+07;9.842691187603464723e+07;1.055345820879985243e+08;1.131435227247350365e+08;1.212879019890278131e+08;1.300041046788204461e+08;1.393308658027911782e+08;1.493094113805940151e+08;1.599836067454339564e+08;1.714001126758967340e+08;1.836085496931684315e+08;1.966616708689699769e+08;2.106155434990333319e+08;2.255297400058299303e+08;2.414675384438362420e+08;2.584961329897498488e+08;2.766868548093965054e+08;2.961154037023096085e+08;3.168620909344772100e+08;3.390120936790708303e+08;3.626557214944963455e+08;3.878886952788295746e+08;4.148124391493538618e+08;4.435343857058625221e+08;4.741682951466419101e+08;5.068345887161934376e+08;5.416606969745202065e+08;5.787814233887513876e+08;6.183393237587800026e+08;6.604851020004678965e+08;7.053780228220990896e+08;7.531863418412543535e+08;8.040877537034004927e+08;8.582698587752442360e+08;9.159306490012042522e+08;9.772790135240287781e+08;1.042535264686571121e+09;1.111931685046658993e+09;1.185713096051968813e+09
1.420852618581067654e+05;1.528652522241715924e+05;1.644621407889191760e+05;1.769377187107106729e+05;1.903584381649346324e+05;2.047957624518662342e+05;2.203265422339475190e+05;2.370334198332848318e+05;2.550052636609762558e+05;2.743376350003736443e+05;2.951332895275142509e+05;3.175027161246228497e+05;3.415647157274207566e+05;3.674470231446789112e+05;3.952869750002619112e+05;4.252322271742042503e+05;4.574415253617045237e+05;4.920855326280823210e+05;5.293477181147381198e+05;5.694253113471382530e+05;6.125303269127465319e+05;6.588906646148153814e+05;7.087512905692720087e+05;7.623755050980306696e+05;8.200463036839473061e+05;8.820678376924538752e+05;9.487669820345297921e+05;1.020495017446112586e+06;1.097629435593435774e+06;1.180575875782923773e+06;1.269770202661979944e+06;1.365680734942076495e+06;1.468810635867341654e+06;1.579700476882149233e+06;1.698930986734806094e+06;1.827125999083812116e+06;1.964955612557818415e+06;2.113139578159504570e+06;2.272450929903460201e+06;2.443719875638123136e+06;2.627837966129813809e+06;2.825762561682683881e+06;3.038521616838626564e+06;3.267218805045466870e+06;3.513039006611749530e+06;3.777254184775434434e+06;4.061229676319081802e+06;4.366430924854108132e+06;4.694430686695766635e+06;5.046916741142216139e+06;5.425700138977524824e+06;5.832724025133184157e+06;6.270073073679717258e+06;6.739983575673190877e+06;7.244854222870056517e+06;7.787257632937882096e+06;8.369952664551250637e+06;8.995897573657892644e+06;9.668264065252158791e+06;1.039045229820087738e+07;1.116610690402425639e+07;1.199913408407586999e+07;1.289371985325273685e+07;1.385434950226155482e+07;1.488582835450874642e+07;1.599330389794082567e+07;1.718228937658536062e+07;1.845868893117948994e+07;1.982882438310125843e+07;2.129946376085343957e+07;2.287785167358129844e+07;2.457174164156300202e+07;2.638943049926573783e+07;2.833979499243905768e+07;3.043233069680467620e+07;3.267719339220450446e+07;3.508524303260191530e+07;3.766809045905939490e+07;4.043814700976023078e+07;4.340867718834333122e+07;4.659385455914112180e+07;5.000882104552848637e+07;5.366974981536517292e+07;5.759391194546526670e+07;6.179974706521047652e+07;6.630693818777306378e+07;7.113649094589689374e+07;7.631081745789904892e+07;8.185382505835396051e+07;8.779101013692538440e+07;9.414955733789579570e+07;1.009584443821625859e+08;1.082485527828279287e+08;1.160527847349401712e+08;1.244061864694074392e+08;1.333460783707781881e+08;1.429121921681849957e+08;1.531468155184058547e+08;1.640949443099473119e+08;1.758044430265754759e+08;1.883262135187631249e+08;2.017143725413044989e+08;2.160264384252385795e+08;2.313235272621594965e+08;2.476705589889676571e+08;2.651364737710734010e+08;2.837944590922616720e+08;3.037221879694002271e+08;3.250020687205349803e+08;3.477215067251851559e+08;3.719731786261247993e+08;3.978553194326851964e+08;4.254720229961462617e+08;4.549335563392258883e+08;4.863566883325053453e+08;5.198650332225702405e+08;5.555894095283273458e+08;5.936682148341000080e+08;6.342478170210291147e+08;6.774829624907429218e+08;7.235372019494639635e+08;7.725833343338133097e+08;8.248038694744963646e+08;8.803915101089197397e+08;9.395496538686544895e+08;1.002492915884522796e+09;1.069447672667701483e+09;1.140652627943035364e+09
1.355075354397504707e+05;1.457892445733028871e+05;1.568501813711384311e+05;1.687492977586657507e+05;1.815499936808385246e+05;1.953204513447439531e+05;2.101339944226228690e+05;2.260694740616641066e+05;2.432116836815289571e+05;2.616518046845589415e+05;2.814878853582527372e+05;3.028253554148846888e+05;3.257775787899927818e+05;3.504664475114773377e+05;3.770230196533108829e+05;4.055882046056173858e+05;4.363134991245740093e+05;4.693617778744481038e+05;5.049081424397585797e+05;5.431408330694608158e+05;5.842622077192162396e+05;6.284897932820562273e+05;6.760574142449714709e+05;7.272164043793624733e+05;7.822369074690155685e+05;8.414092735022816341e+05;9.050455572054497898e+05;9.734811262765754946e+05;1.047076387191905058e+06;1.126218637005256722e+06;1.211324050144126639e+06;1.302839809829658130e+06;1.401246394409896573e+06;1.507060029603114817e+06;1.620835318399529438e+06;1.743168061171592446e+06;1.874698279393835226e+06;2.016113457281064941e+06;2.168152016615918372e+06;2.331607041063225828e+06;2.507330267353815958e+06;2.696236361879694741e+06;2.899307502466473263e+06;3.117598286392596550e+06;3.352240987103729974e+06;3.604451183536777273e+06;3.875533787515401375e+06;4.166889496325351764e+06;4.480021699313094839e+06;4.816543869190556929e+06;5.178187470678285696e+06;5.566810421167295426e+06;5.984406140257562511e+06;6.433113227319942787e+06;6.915225808645404875e+06;7.433204598296275362e+06;7.989688719459167682e+06;8.587508335930617526e+06;9.229698146335318685e+06;9.919511796817876399e+06;1.066043727122830227e+07;1.145621332127691805e+07;1.231084700277232751e+07;1.322863238782513328e+07;1.421417052692011185e+07;1.527239073889956996e+07;1.640857331126459315e+07;1.762837369776864350e+07;1.893784830503034964e+07;2.034348196483986452e+07;2.185221719403741136e+07;2.347148534919553250e+07;2.520923978897222131e+07;2.707399116279498488e+07;2.907484495061109588e+07;3.122154138467492908e+07;3.352449789088312536e+07;3.599485419383526593e+07;3.864452023679433763e+07;4.148622707484102994e+07;4.453358090696869791e+07;4.780112042041234672e+07;5.130437762838457525e+07;5.505994239041051269e+07;5.908553081271640211e+07;6.340005773454714566e+07;6.802371351497641206e+07;7.297804534356415272e+07;7.828604330725066364e+07;8.397223145504736900e+07;9.006276411139762402e+07;9.658552769861209393e+07;1.035702483383838534e+08;1.110486055121044219e+08;1.190543520696400106e+08;1.276234408861638457e+08;1.367941584766716957e+08;1.466072658880864978e+08;1.571061471989211142e+08;1.683369659669751227e+08;1.803488299757370055e+08;1.931939646407222152e+08;2.069278954474532306e+08;2.216096398033321202e+08;2.373019086962973773e+08;2.540713185638996661e+08;2.719886137871534824e+08;2.911289002345297337e+08;3.115718902922967672e+08;3.334021598287382722e+08;3.567094175509240627e+08;3.815887872241941690e+08;4.081411032363694906e+08;4.364732200003713369e+08;4.666983357012452483e+08;4.989363309062072039e+08;5.333141225688161254e+08;5.699660339719561338e+08;6.090341811677199602e+08;6.506688764861022234e+08;6.950290496995412111e+08;7.422826874446108341e+08;7.926072915181353092e+08;8.461903566808410883e+08;9.032298686183326244e+08;9.639348227264466286e+08;1.028525764405280113e+09;1.097235351565404415e+09
1.292521963030790357e+05;1.390599905517013976e+05;1.496111776760023204e+05;1.609620079976675333e+05;1.731729771017372841e+05;1.863091449671892042e+05;2.004404789434759005e+05;2.156422223386203405e+05;2.319952905131695734e+05;2.495866965123245318e+05;2.685100084168231697e+05;2.888658407510146499e+05;3.107623824567061965e+05;3.343159641227783286e+05;3.596516673548945691e+05;3.869039793781729531e+05;4.162174961877940223e+05;4.477476778014256852e+05;4.816616594217152451e+05;5.181391225901719881e+05;5.573732307048253715e+05;5.995716335858328966e+05;6.449575461063713301e+05;6.937709062617069576e+05;7.462696184296726715e+05;8.027308879818009445e+05;8.634526538373534568e+05;9.287551260162539547e+05;9.989824357392735546e+05;1.074504406151883537e+06;1.155718452309339307e+06;1.243051619659437565e+06;1.336962770898492541e+06;1.437944931755936472e+06;1.546527806987607619e+06;1.663280478629541118e+06;1.788814299385686871e+06;1.923785994896810269e+06;2.068900989566655597e+06;2.224916971612430178e+06;2.392647714053540491e+06;2.572967169472563080e+06;2.766813857565376442e+06;2.975195565756150987e+06;3.199194384488881566e+06;3.439972100223185960e+06;3.698775970662345644e+06;3.976944908332413994e+06;4.275916100318669342e+06;4.597232093743870035e+06;4.942548378464326262e+06;5.313641500453962013e+06;5.712417741451238282e+06;6.140922402677238919e+06;6.601349732781344093e+06;7.096053542649259791e+06;7.627558552329992875e+06;8.198572518088192679e+06;8.811999190497746691e+06;9.470952157537337393e+06;1.017876962987428531e+07;1.093903022888793983e+07;1.175556984153516218e+07;1.263249960988193564e+07;1.357422512702251039e+07;1.458546691520458832e+07;1.567128226625223272e+07;1.683708852885931358e+07;1.808868793201258406e+07;1.943229403868608549e+07;2.087455992905633152e+07;2.242260821780211851e+07;2.408406301559761539e+07;2.586708395066987351e+07;2.778040237228100374e+07;2.983335986423169076e+07;3.203594920291922614e+07;3.439885790119476616e+07;3.693351448617038131e+07;3.965213766631355882e+07;4.256778855052338541e+07;4.569442608957024664e+07;4.904696591807921231e+07;5.264134278337526321e+07;5.649457675581175834e+07;6.062484342372240126e+07;6.505154828490940481e+07;6.979540555553770065e+07;7.487852162644769251e+07;8.032448340628488362e+07;8.615845180035038292e+07;9.240726058383040130e+07;9.909952093792153895e+07;1.062657319273934215e+08;1.139383972084100693e+08;1.221521482656077743e+08;1.309438744880272299e+08;1.403528604040202796e+08;1.504209304058761299e+08;1.611926013058393002e+08;1.727152430759685338e+08;1.850392481353139281e+08;1.982182095589957535e+08;2.123091085949546397e+08;2.273725118853062391e+08;2.434727788008078933e+08;2.606782793082613051e+08;2.790616228023630977e+08;2.986998983453678489e+08;3.196749267695283890e+08;3.420735251098719835e+08;3.659877838466475010e+08;3.915153574496350288e+08;4.187597687292546630e+08;4.478307275122521520e+08;4.788444641736859083e+08;5.119240785698339343e+08;5.471999049318176508e+08;5.848098932935477495e+08;6.249000080429022312e+08;6.676246442006982565e+08;7.131470620480861664e+08;7.616398407391864061e+08;8.132853515534961224e+08;8.682762514603785276e+08;9.268159976853499413e+08;9.891193839886611700e+08;1.055413099384054065e+09
1.233032779001444142e+05;1.326603211496761651e+05;1.427266681337380433e+05;1.535559985012453399e+05;1.652060441576121957e+05;1.777388940011168597e+05;1.912213214428362553e+05;2.057251363983664778e+05;2.213275635631249752e+05;2.381116489150669368e+05;2.561666965304571786e+05;2.755887379500994575e+05;2.964810364957742277e+05;3.189546291110853199e+05;3.431289084867842030e+05;3.691322484306840342e+05;3.971026756552632432e+05;4.271885913851367077e+05;4.595495464305591304e+05;4.943570736348862993e+05;5.317955818836896215e+05;5.720633161620437168e+05;6.153733884662643541e+05;6.619548847182963509e+05;7.120540531955689657e+05;7.659355803794550011e+05;8.238839605422288878e+05;8.862049658360531321e+05;9.532272241238583811e+05;1.025303912296936731e+06;1.102814573365674354e+06;1.186167066185485339e+06;1.275799657294788631e+06;1.372183264997128397e+06;1.475823866516782902e+06;1.587265079801476095e+06;1.707090932336645434e+06;1.835928830178702483e+06;1.974452741311792517e+06;2.123386608385000844e+06;2.283508006902529392e+06;2.455652066015919205e+06;2.640715670213124715e+06;2.839661961416141130e+06;3.053525162286927458e+06;3.283415742915479932e+06;3.530525954512744676e+06;3.796135755273234565e+06;4.081619155205133837e+06;4.388451008450453170e+06;4.718214283452310599e+06;5.072607843259125017e+06;5.453454770302187651e+06;5.862711272150417790e+06;6.302476207027787343e+06;6.775001270293032750e+06;7.282701885628952645e+06;7.828168847370523028e+06;8.414180763230843470e+06;9.043717349665088579e+06;9.719973635247098282e+06;1.044637513072876818e+07;1.122659402792587690e+07;1.206456649320834130e+07;1.296451112519509159e+07;1.393094865027067624e+07;1.496872293372326344e+07;1.608302338872446306e+07;1.727940886995522678e+07;1.856383314350119978e+07;1.994267202967363596e+07;2.142275232064539567e+07;2.301138258027336374e+07;2.471638593917152286e+07;2.654613500403541699e+07;2.850958900638402626e+07;3.061633332230150700e+07;3.287662150139066204e+07;3.530141995008569211e+07;3.790245542155858874e+07;4.069226547188791633e+07;4.368425204976003617e+07;4.689273839487186819e+07;5.033302942830421031e+07;5.402147582651804388e+07;5.797554197922635823e+07;6.221387804020585865e+07;6.675639628921693563e+07;7.162435203244914114e+07;7.684042927846422791e+07;8.242883143626551330e+07;8.841537729211443663e+07;9.482760253175573051e+07;1.016948670850867033e+08;1.090484685807493478e+08;1.169217622087346315e+08;1.253502873000053912e+08;1.343719009430012405e+08;1.440269189680202901e+08;1.543582646417934000e+08;1.654116254258312583e+08;1.772356181636985838e+08;1.898819630740074515e+08;2.034056669376198947e+08;2.178652158795794249e+08;2.333227781580913365e+08;2.498444173852554858e+08;2.675003166164493561e+08;2.863650137577958107e+08;3.065176487537574172e+08;3.280422230298143625e+08;3.510278716783241630e+08;3.755691488888926506e+08;4.017663271383433342e+08;4.297257106692096591e+08;4.595599638001288772e+08;4.913884546260009408e+08;5.253376146809592247e+08;5.615413151529791355e+08;6.001412602544260025e+08;6.412873983701280355e+08;6.851383516209520102e+08;7.318618644993485212e+08;7.816352722505917549e+08;8.346459896938099861e+08;8.910920211946911812e+08;9.511824925235949755e+08;1.015138205352688432e+09
1.176455855658317887e+05;1.265738970169282984e+05;1.361790828988786670e+05;1.465123767347374815e+05;1.576288805770327454e+05;1.695878560339430987e+05;1.824530370661024062e+05;1.962929661686098843e+05;2.111813556710528210e+05;2.271974760149460344e+05;2.444265730037151370e+05;2.629603161657144665e+05;2.828972805265558418e+05;3.043434642538243206e+05;3.274128448158337269e+05;3.522279764873214299e+05;3.789206322399186320e+05;4.076324932740668301e+05;4.385158896836528438e+05;4.717345959957469604e+05;5.074646855957094231e+05;5.458954483355198754e+05;5.872303759294704068e+05;6.316882200699321693e+05;6.795041285460718209e+05;7.309308650232189102e+05;7.862401185410307953e+05;8.457239092152114026e+05;9.096960970848447178e+05;9.784940015334751224e+05;1.052480139232845744e+06;1.132044089112081332e+06;1.217604493446067674e+06;1.309611204789097654e+06;1.408547589149318403e+06;1.514932996518073604e+06;1.629325410629541846e+06;1.752324290638773236e+06;1.884573618270568550e+06;2.026765164912250126e+06;2.179641994101314805e+06;2.344002215898964554e+06;2.520703010748789646e+06;2.710664941590452101e+06;2.914876574251480866e+06;3.134399427460277453e+06;3.370373275230799336e+06;3.624021825861513615e+06;3.896658803368936758e+06;4.189694458851967938e+06;4.504642541058650240e+06;4.843127757301047444e+06;5.206893757853865623e+06;5.597811679072245955e+06;6.017889282682944089e+06;6.469280731053936295e+06;6.954297040716878138e+06;7.475417259038419463e+06;8.035300411683369428e+06;8.636798271425848827e+06;9.282969001915706322e+06;9.977091733234537765e+06;1.072268212945432775e+07;1.152350901198061183e+07;1.238361210619449243e+07;1.330732098284001648e+07;1.429927526971160248e+07;1.536444621352514997e+07;1.650815967636475712e+07;1.773612065584043413e+07;1.905443942301680893e+07;2.046965937737615779e+07;2.198878672343933210e+07;2.361932207932228968e+07;2.536929413335499913e+07;2.724729547100646421e+07;2.926252070070647448e+07;3.142480701375207677e+07;3.374467732035347819e+07;3.623338611096376181e+07;3.890296819940721244e+07;4.176629051195439696e+07;4.483710709434160590e+07;4.813011751690495014e+07;5.166102886635401845e+07;5.544662152139452845e+07;5.950481891829074174e+07;6.385476152158642560e+07;6.851688522465266287e+07;7.351300441431516409e+07;7.886639994371174276e+07;8.460191226758784056e+07;9.074604000464013219e+07;9.732704420192468166e+07;1.043750585872364938e+08;1.119222061061724275e+08;1.200027220518093109e+08;1.286530841061749905e+08;1.379121496242913604e+08;1.478213005030902624e+08;1.584245959894358516e+08;1.697689337934530079e+08;1.819042198855110109e+08;1.948835473674936593e+08;2.087633848215161264e+08;2.236037745518537760e+08;2.394685411485994160e+08;2.564255108147321045e+08;2.745467419111872315e+08;2.939087671882339120e+08;3.145928481848058701e+08;3.366852422914543152e+08;3.602774829867616296e+08;3.854666737715150118e+08;4.123557963394582868e+08;4.410540335391763449e+08;4.716771076967213750e+08;5.043476348847593665e+08;5.391954957408099174e+08;5.763582234535175562e+08;6.159814095543123484e+08;6.582191281690555811e+08;7.032343794039626122e+08;7.511995525584967136e+08;8.022969098790066242e+08;8.567190915868479013e+08;9.146696429363470078e+08;9.763635640807994604e+08
1.122646621732525673e+05;1.207851715783726831e+05;1.299517042416833137e+05;1.398131660242202342e+05;1.504221564215269755e+05;1.618352465312518179e+05;1.741132778257094033e+05;1.873216832736549550e+05;2.015308324688005087e+05;2.168164025436738448e+05;2.332597767776351830e+05;2.509484729469537269e+05;2.699766036143053789e+05;2.904453707146839588e+05;3.124635969660173287e+05;3.361482968162040925e+05;3.616252898345137364e+05;3.890298596652825945e+05;4.185074618871267885e+05;4.502144843611282413e+05;4.843190639093436184e+05;5.210019634400015930e+05;5.604575139307900099e+05;6.028946259961086325e+05;6.485378761012690375e+05;6.976286728461214807e+05;7.504265091252865968e+05;8.072103063825804275e+05;8.682798576163409743e+05;9.339573762601729250e+05;1.004589158563540550e+06;1.080547367630859604e+06;1.162231947845293675e+06;1.250072679011948640e+06;1.344531380201513646e+06;1.446104273964735912e+06;1.555324522324278019e+06;1.672764946731185308e+06;1.799040945009896066e+06;1.934813619199333247e+06;2.080793129144935403e+06;2.237742287698216271e+06;2.406480414450844284e+06;2.587887466062042397e+06;2.782908462446544785e+06;2.992558229370383080e+06;3.217926479359675664e+06;3.460183254271968268e+06;3.720584754408694804e+06;4.000479580670320895e+06;4.301315417972838506e+06;4.624646189966083504e+06;4.972139717022263445e+06;5.345585911500220187e+06;5.746905546449829824e+06;6.178159636199158616e+06;6.641559469674124382e+06;7.139477339848270640e+06;7.674458015394177288e+06;8.249231003447781317e+06;8.866723655371885747e+06;9.530075170548127964e+06;1.024265155653830245e+07;1.100806160742512718e+07;1.183017396581115760e+07;1.271313533778570592e+07;1.366138993421027437e+07;1.467970021590333432e+07;1.577316902473790385e+07;1.694726318731540442e+07;1.820783868274557963e+07;1.956116747113856673e+07;2.101396608474682644e+07;2.257342608923830092e+07;2.424724652836508304e+07;2.604366847134945914e+07;2.797151178857838362e+07;3.004021428774959221e+07;3.225987334940938652e+07;3.464129020788984746e+07;3.719601703096909076e+07;3.993640695919595659e+07;4.287566727367218584e+07;4.602791586919482797e+07;4.940824121813609451e+07;5.303276601902911812e+07;5.691871473283892125e+07;6.108448521908243746e+07;6.554972469342114776e+07;7.033541023813016713e+07;7.546393410681734979e+07;8.095919407498000562e+07;8.684668909857706726e+07;9.315362055340647697e+07;9.990899933915585279e+07;1.071437591431197226e+08;1.148908761700457335e+08;1.231854956561723053e+08;1.320650654974052161e+08;1.415694773335825205e+08;1.517412154430687129e+08;1.626255138143569231e+08;1.742705217739492059e+08;1.867274785626858473e+08;2.000508972656688392e+08;2.142987585141373277e+08;2.295327143911076784e+08;2.458183029862512648e+08;2.632251740591943860e+08;2.818273262847185135e+08;3.017033565675879717e+08;3.229367219293117523e+08;3.456160144841915369e+08;3.698352500372505784e+08;3.956941708521093726e+08;4.232985631531526446e+08;4.527605899426190853e+08;4.841991397301524878e+08;5.177401917898064256e+08;5.535171985775012970e+08;5.916714859606049061e+08;6.323526719299383163e+08;6.757191044850150347e+08;7.219383194034519196e+08;7.711875186264557838e+08;8.236540700147681236e+08;8.795360292516156435e+08;9.390426846926854849e+08
1.071467547960145021e+05;1.152793552279627183e+05;1.240286280933469679e+05;1.334412642601282569e+05;1.435674817409030511e+05;1.544612912225079781e+05;1.661807814801532368e+05;1.787884261530345830e+05;1.923514134671026550e+05;2.069420006065512425e+05;2.226378945602319145e+05;2.395226614027096948e+05;2.576861661125649116e+05;2.772250451837316505e+05;2.982432144499249407e+05;3.208524147177872364e+05;3.451727979926962289e+05;3.713335572827265132e+05;3.994736031818636111e+05;4.297422906645103940e+05;4.623001997704630485e+05;4.973199741237322451e+05;5.349872215113878483e+05;5.755014810509502422e+05;6.190772617983277887e+05;6.659451579934695037e+05;7.163530465108577628e+05;7.705673724761172198e+05;8.288745294318586821e+05;8.915823408860149793e+05;9.590216505566956475e+05;1.031548029140793486e+06;1.109543605980503373e+06;1.193419034587484086e+06;1.283615601605182281e+06;1.380607489456572104e+06;1.484904203630126081e+06;1.597053176313371165e+06;1.717642558884608326e+06;1.847304216631423216e+06;1.986716939973197179e+06;2.136609887435067445e+06;2.297766276652104687e+06;2.471027340775680728e+06;2.657296568824558053e+06;2.857544249753545504e+06;3.072812341333748307e+06;3.304219686330983881e+06;3.552967599947618321e+06;3.820345854069238994e+06;4.107739085516712163e+06;4.416633657273141667e+06;4.748625003520864062e+06;5.105425491306349635e+06;5.488872833738998510e+06;5.900939091848893091e+06;6.343740304568111897e+06;6.819546788770433515e+06;7.330794153918175958e+06;7.880095078618643805e+06;8.470251899300025776e+06;9.104270064277973026e+06;9.785372509713463485e+06;1.051701501735258475e+07;1.130290261752924323e+07;1.214700710464233533e+07;1.305358573629878834e+07;1.402720119143253565e+07;1.507274286707361601e+07;1.619544959800199233e+07;1.740093388828623295e+07;1.869520774872746691e+07;2.008471023944744468e+07;2.157633682233141735e+07;2.317747063376405463e+07;2.489601579403104261e+07;2.674043287600203604e+07;2.871977666217052191e+07;3.084373632587076724e+07;3.312267817950597033e+07;3.556769113988853246e+07;3.819063506837991625e+07;4.100419215131790191e+07;4.402192149437822402e+07;4.725831711287967861e+07;5.072886950876906514e+07;5.445013103394882381e+07;5.843978524891199172e+07;6.271672049514681101e+07;6.730110790959650278e+07;7.221448411961843073e+07;7.747983886711879075e+07;8.312170782135891914e+07;8.916627085068771243e+07;9.564145603473161161e+07;1.025770497099038959e+08;1.100048128529078215e+08;1.179586041186437011e+08;1.264745098613529354e+08;1.355909814799289405e+08;1.453489804412700236e+08;1.557921313481285870e+08;1.669668834312439561e+08;1.789226808586709201e+08;1.917121422688620389e+08;2.053912499477974772e+08;2.200195490844985545e+08;2.356603575534080863e+08;2.523809866867517829e+08;2.702529735146675706e+08;2.893523249660131931e+08;3.097597745380014777e+08;3.315610519587084651e+08;3.548471663823080659e+08;3.797147036735079885e+08;4.062661383543141484e+08;4.346101608038960099e+08;4.648620203195940256e+08;4.971438846659741998e+08;5.315852167574081421e+08;5.683231691392339468e+08;6.075029969526971579e+08;6.492784900897614956e+08;6.938124252654221058e+08;7.412770387570972443e+08;7.918545205844576359e+08;8.457375309261469841e+08;9.031297395946776867e+08
1.022787824206477671e+05;1.100423806474088924e+05;1.183947267959673773e+05;1.273804038909512310e+05;1.370473636097072449e+05;1.474471799650423345e+05;1.586353219950235507e+05;1.706714468727073690e+05;1.836197149526857247e+05;1.975491283825969440e+05;2.125338950269521447e+05;2.286538195785616699e+05;2.459947238699320296e+05;2.646488985436030198e+05;2.847155883979405044e+05;3.063015138933885028e+05;3.295214314843593165e+05;3.544987356355508673e+05;3.813661055882877554e+05;4.102662001636975911e+05;4.413524041270574089e+05;4.747896298910020851e+05;5.107551786066464265e+05;5.494396649820577586e+05;5.910480104783517309e+05;6.358005098645882681e+05;6.839339764688359573e+05;7.357029718406702159e+05;7.913811259466321208e+05;8.512625544525033329e+05;9.156633801081302809e+05;9.849233657449870370e+05;1.059407666922896635e+06;1.139508712823979091e+06;1.225648224592925981e+06;1.318279380961131537e+06;1.417889141674191458e+06;1.525000739970049821e+06;1.640176356128650485e+06;1.764019984938580776e+06;1.897180510806509526e+06;2.040355005166686838e+06;2.194292261847096961e+06;2.359796587103860453e+06;2.537731862161075231e+06;2.729025897291860543e+06;2.934675097743900958e+06;3.155749463164489716e+06;3.393397943611938506e+06;3.648854176761164796e+06;3.923442632523401175e+06;4.218585193009660579e+06;4.535808197579645552e+06;4.876749984637505375e+06;5.243168963866091333e+06;5.636952254743201658e+06;6.060124929454634897e+06;6.514859900727950037e+06;7.003488497641813941e+06;7.528511775157967582e+06;8.092612605944532901e+06;8.698668606047431007e+06;9.349765949118258432e+06;1.004921412721346505e+07;1.080056171967627294e+07;1.160761323528537527e+07;1.247444709671181627e+07;1.340543484039106965e+07;1.440526160916882195e+07;1.547894801955953799e+07;1.663187349014780298e+07;1.786980112256189808e+07;1.919890423161613941e+07;2.062579462658188120e+07;2.215755275119693950e+07;2.380175979588051140e+07;2.556653190177967027e+07;2.746055658266313002e+07;2.949313149736202881e+07;3.167420571237165108e+07;3.401442360151509196e+07;3.652517153700997680e+07;3.921862753411634266e+07;4.210781401964785159e+07;4.520665390296594799e+07;4.853003013679392636e+07;5.209384896415986121e+07;5.591510705704919994e+07;6.001196276192037016e+07;6.440381167713738233e+07;6.911136679752641916e+07;7.415674347171872854e+07;7.956354942878240347e+07;8.535698014159373939e+07;9.156391980581770837e+07;9.821304822500720620e+07;1.053349539041505456e+08;1.129622536662799567e+08;1.211297191191385984e+08;1.298744103116541654e+08;1.392358169329903722e+08;1.492560074200710654e+08;1.599797863531215191e+08;1.714548605324939489e+08;1.837320141439463496e+08;1.968652934340794683e+08;2.109122013319188654e+08;2.259339024676400423e+08;2.419954390545153320e+08;2.591659581155121028e+08;2.775189505517388582e+08;2.971325025660179853e+08;3.180895599712492824e+08;3.404782059300355911e+08;3.643919526891903281e+08;3.899300478906140924e+08;4.171977960577626824e+08;4.463068958761206269e+08;4.773757939046729207e+08;5.105300553757992387e+08;5.459027527609428167e+08;5.836348728007956743e+08;6.238757427204717398e+08;6.667834763727759123e+08;7.125254410759934187e+08;7.612787459365732670e+08;8.132307524727203846e+08;8.685796083798830509e+08
9.764830474298213085e+04;1.050608692864619807e+05;1.130356130970977974e+05;1.216151132502302935e+05;1.308451645918598078e+05;1.407750221375294786e+05;1.514576616417009500e+05;1.629500596894632617e+05;1.753134947618633159e+05;1.886138708327957138e+05;2.029220651695215784e+05;2.183143021316149679e+05;2.348725548942794267e+05;2.526849771627761074e+05;2.718463670954703703e+05;2.924586658145428519e+05;3.146314930564838578e+05;3.384827226998061524e+05;3.641391011058167787e+05;3.917369114208924584e+05;4.214226872160254279e+05;4.533539790830250131e+05;4.877001780669350992e+05;5.246434000933883945e+05;5.643794358473100001e+05;6.071187708783072885e+05;6.530876810492142104e+05;7.025294088082666276e+05;7.557054261548300274e+05;8.128967905850311508e+05;8.744056007479822729e+05;9.405565590172224911e+05;1.011698648690388189e+06;1.088206934069201350e+06;1.170484492250589887e+06;1.258964486074935645e+06;1.354112388334047515e+06;1.456428368041903945e+06;1.566449850318015320e+06;1.684754262227735249e+06;1.811961977770738071e+06;1.948739476112789940e+06;2.095802728113218211e+06;2.253920827224113047e+06;2.423919881924078800e+06;2.606687188003419433e+06;2.803175700247511733e+06;3.014408824369037990e+06;3.241485551426081453e+06;3.485585958433934022e+06;3.747977100441530813e+06;4.030019320997029077e+06;4.333173009684808552e+06;4.659005837275565602e+06;5.009200501005212776e+06;5.385563014580233954e+06;5.790031579720566981e+06;6.224686078382950276e+06;6.691758227280505933e+06;7.193642438919136301e+06;7.732907436131387018e+06;8.312308669991299510e+06;8.934801594065703452e+06;9.603555851186938584e+06;1.032197043234317563e+07;1.109368987086596899e+07;1.192262153887294419e+07;1.281295411689004116e+07;1.376917731175615638e+07;1.479610290228690021e+07;1.589888719678055681e+07;1.708305499127018824e+07;1.835452512247451022e+07;1.971963771471641213e+07;2.118518322558682784e+07;2.275843340095797926e+07;2.444717425598248094e+07;2.625974120505049452e+07;2.820505647026269883e+07;3.029266890486415476e+07;3.253279637522403523e+07;3.493637085243076831e+07;3.751508637228289247e+07;4.028145003052910417e+07;4.324883618854866177e+07;4.643154407333997637e+07;4.984485896463870257e+07;5.350511717128282040e+07;5.742977500852739066e+07;6.163748199795199931e+07;6.614815852181439102e+07;7.098307817425259948e+07;7.616495506260512769e+07;8.171803632330599427e+07;8.766820012829367816e+07;9.404305946964232624e+07;1.008720720222749412e+08;1.081866563970175683e+08;1.160203151089330465e+08;1.244087645988845676e+08;1.333900726596648544e+08;1.430048036314699054e+08;1.532961717455593646e+08;1.643102030089494884e+08;1.760959060376727879e+08;1.887054522606350780e+08;2.021943659314562976e+08;2.166217244008610249e+08;2.320503691179263294e+08;2.485471278446235061e+08;2.661830485842470229e+08;2.850336457413073778e+08;3.051791590473461151e+08;3.267048258048524261e+08;3.497011670192824602e+08;3.742642880076887012e+08;4.004961940913624167e+08;4.285051219994207621e+08;4.584058876304144263e+08;4.903202508392002583e+08;5.243772979387837648e+08;5.607138426273119450e+08;5.994748460749537945e+08;6.408138569271816015e+08;6.848934720071471930e+08;7.318858185236052275e+08;7.819730586177687645e+08;8.353479171093585491e+08
9.324349207303392177e+04;1.003220990316614480e+05;1.079376054182653897e+05;1.161306792489033833e+05;1.249450626683461742e+05;1.344278036010615178e+05;1.446295047753205290e+05;1.556045914139347442e+05;1.674115989802750410e+05;1.801134824704967905e+05;1.937779488522868196e+05;2.084778143678647175e+05;2.242913885448173969e+05;2.413028868933241465e+05;2.596028744126693346e+05;2.792887421850274550e+05;3.004652195003295201e+05;3.232449241337892017e+05;3.477489535880897893e+05;3.741075203158358927e+05;4.024606341566311894e+05;4.329588354561441811e+05;4.657639825850191992e+05;5.010500978430511896e+05;5.390042760197999887e+05;5.798276601898332592e+05;6.237364896473450353e+05;6.709632252357545076e+05;7.217577577016729629e+05;7.763887051027703565e+05;8.351448057264571544e+05;8.983364134326048661e+05;9.662971028214358957e+05;1.039385392147668870e+06;1.117986592458310071e+06;1.202514792023537215e+06;1.293414985763475299e+06;1.391165360047411872e+06;1.496279743961771950e+06;1.609310238909428939e+06;1.730850039219725179e+06;1.861536457318830770e+06;2.002054167936064070e+06;2.153138686808308121e+06;2.315580100394092035e+06;2.490227064224104863e+06;2.677991088703929912e+06;2.879851132443049923e+06;3.096858524528758600e+06;3.330142238582589198e+06;3.580914542951874435e+06;3.850477052991899196e+06;4.140227213092802558e+06;4.451665237913896330e+06;4.786401544195065275e+06;5.146164706541741267e+06;5.532809972726186737e+06;5.948328376310593449e+06;6.394856486804394983e+06;6.874686840100316331e+06;7.390279094617619179e+06;7.944271961408858187e+06;8.539495959481360391e+06;9.178987050724800676e+06;9.866001212179919705e+06;1.060403000686046109e+07;1.139681721805081889e+07;1.224837661587268300e+07;1.316301092899233475e+07;1.414533209864588082e+07;1.520028289664699323e+07;1.633315999379045889e+07;1.754963857001989335e+07;1.885579856292849034e+07;2.025815265661521256e+07;2.176367611862500384e+07;2.337983859866274893e+07;2.511463800900715590e+07;2.697663661307683215e+07;2.897499945537044853e+07;3.111953527312846109e+07;3.342074003740571439e+07;3.588984327896241099e+07;3.853885736236467212e+07;4.138062987998234481e+07;4.442889934622453898e+07;4.769835438127138466e+07;5.120469658285803348e+07;5.496470729425713420e+07;5.899631848653624952e+07;6.331868798346668482e+07;6.795227926799814403e+07;7.291894612022581697e+07;7.824202234799581766e+07;8.394641688291010261e+07;9.005871452647282183e+07;9.660728264330731332e+07;1.036223841111129820e+08;1.111362968497893959e+08;1.191834402655978799e+08;1.278005089596893042e+08;1.370266140642762184e+08;1.469034325840119720e+08;1.574753651346259117e+08;1.687897024858119488e+08;1.808968013305357099e+08;1.938502697185895145e+08;2.077071626078900695e+08;2.225281880035331249e+08;2.383779241710336506e+08;2.553250484272251427e+08;2.734425780296372175e+08;2.928081237030106187e+08;3.135041563597715497e+08;3.356182875900097489e+08;3.592435645156890750e+08;3.844787796235272884e+08;4.114287962113116384e+08;4.402048901032006741e+08;4.709251083111795187e+08;5.037146453422207832e+08;5.387062378731893301e+08;5.760405785399383307e+08;6.158667496109876633e+08;6.583426773420011997e+08;7.036356078334242105e+08;7.519226052407091856e+08;8.033910732153544426e+08
8.905309636473923456e+04;9.581397308132142643e+04;1.030876944168687332e+05;1.109131114544217708e+05;1.193320126514926524e+05;1.283893452535015531e+05;1.381334533202415623e+05;1.486163336031863000e+05;1.598939106025786605e+05;1.720263322312859527e+05;1.850782876169873343e+05;1.991193486871826753e+05;2.142243373017666454e+05;2.304737198273857648e+05;2.479540311864092655e+05;2.667583305616232683e+05;2.869866910971844918e+05;3.087467261065920466e+05;3.321541544811647618e+05;3.573334081881152815e+05;3.844182849565792130e+05;4.135526494743638905e+05;4.448911866581410286e+05;4.786002108165056561e+05;5.148585348005946144e+05;5.538584035305789439e+05;5.958064966011857614e+05;6.409250050059749046e+05;6.894527873790082522e+05;7.416466115381496493e+05;7.977824875240013935e+05;8.581570987683224957e+05;9.230893384943964193e+05;9.929219589524248149e+05;1.068023341628621332e+06;1.148789397135841660e+06;1.235645604104758939e+06;1.329049197042335989e+06;1.429491513818558306e+06;1.537500514180702390e+06;1.653643481482336763e+06;1.778529920651925029e+06;1.912814666322792182e+06;2.057201215993060963e+06;2.212445304102894850e+06;2.379358733989366330e+06;2.558813485829473473e+06;2.751746119899437763e+06;2.959162495773810428e+06;3.182142829468562268e+06;3.421847111989414319e+06;3.679520914303997066e+06;3.956501605402908754e+06;4.254225011861015111e+06;4.574232549165319651e+06;4.918178857040901668e+06;5.287839973084317520e+06;5.685122081217658706e+06;6.112070873811492696e+06;6.570881568785924464e+06;7.063909625610862859e+06;7.593682206877694465e+06;8.162910435032739304e+06;8.774502496922004968e+06;9.431577652050901204e+06;1.013748120387172326e+07;1.089580049701359496e+07;1.171038200716558285e+07;1.258534959431117587e+07;1.352512399421215802e+07;1.453444362745998427e+07;1.561838681003649160e+07;1.678239545420940593e+07;1.803230035368194804e+07;1.937434815228703246e+07;2.081523010110518709e+07;2.236211271478368714e+07;2.402267044396172464e+07;2.580512048713901639e+07;2.771825987204458565e+07;2.977150494353908300e+07;3.197493340244317055e+07;3.433932904724669456e+07;3.687622937861113995e+07;3.959797623484313488e+07;4.251776963505488634e+07;4.564972501568495482e+07;4.900893405526281893e+07;5.261152929192335159e+07;5.647475274807261676e+07;6.061702878694400936e+07;6.505804143636195362e+07;6.981881642606249452e+07;7.492180819623570144e+07;8.039099214667868614e+07;8.625196240797060728e+07;9.253203542855544388e+07;9.926035968429736793e+07;1.064680318302931190e+08;1.141882196281629503e+08;1.224562919958807528e+08;1.313099565413859040e+08;1.407894049558516443e+08;1.509374666572690010e+08;1.617997710903721154e+08;1.734249191045351326e+08;1.858646638472214341e+08;1.991741016270576715e+08;2.134118732171510458e+08;2.286403760867401063e+08;2.449259880664480627e+08;2.623393029706393182e+08;2.809553787188650966e+08;3.008539985169402957e+08;3.221199456779478192e+08;3.448432926832260489e+08;3.691197051037135720e+08;3.950507610235769153e+08;4.227442866288958788e+08;4.523147086476140618e+08;4.838834243491520286e+08;5.175791898363783956e+08;5.535385273872226477e+08;5.919061526288058758e+08;6.328354223529721498e+08;6.764888038101164103e+08;7.230383663457472324e+08;7.726662962742693424e+08
8.506642337882315041e+04;9.152499003606913902e+04;9.847351085187189165e+04;1.059491075680102222e+05;1.139917090985217947e+05;1.226442631913914665e+05;1.319529639787907072e+05;1.419674966003850277e+05;1.527413001718302548e+05;1.643318504641198670e+05;1.768009637601753348e+05;1.902151234627085505e+05;2.046458311432077026e+05;2.201699838456340367e+05;2.368702795913894661e+05;2.548356531745150569e+05;2.741617444886163576e+05;2.949514017905812943e+05;3.173152224813220673e+05;3.413721341713676811e+05;3.672500190001964802e+05;3.950863843932055170e+05;4.250290836708905408e+05;4.572370901712448685e+05;4.918813288102460792e+05;5.291455692880288698e+05;5.692273854504715418e+05;6.123391856386474101e+05;6.587093192052330123e+05;7.085832647452785168e+05;7.622249059851415223e+05;8.199179016943149036e+05;8.819671564369919943e+05;9.487003994615537813e+05;1.020469879540694761e+06;1.097654184124736581e+06;1.180660191756999819e+06;1.269925167325535789e+06;1.365919010393941542e+06;1.469146667564758332e+06;1.580150720589810517e+06;1.699514162749140523e+06;1.827863376883986872e+06;1.965871329386067577e+06;2.114260995425114408e+06;2.273809031735743862e+06;2.445349714393987320e+06;2.629779160191048402e+06;2.828059851465566084e+06;3.041225485586466268e+06;3.270386171695229132e+06;3.516733998817288782e+06;3.781549001049514394e+06;4.066205547224021517e+06;4.372179184243381023e+06;4.701053965189394541e+06;5.054530295323494822e+06;5.434433331239119172e+06;5.842721970686097629e+06;6.281498472987635061e+06;6.753018752505294979e+06;7.259703390283314511e+06;7.804149411845211871e+06;8.389142882097663358e+06;9.017672371463457122e+06;9.692943350690709427e+06;1.041839357530936971e+07;1.119770952439464815e+07;1.203484396221669391e+07;1.293403469544327259e+07;1.389982460289824009e+07;1.493708301940780133e+07;1.605102856004566699e+07;1.724725347610043362e+07;1.853174963933647424e+07;1.991093625664756820e+07;2.139168942297156155e+07;2.298137362638235092e+07;2.468787532561494410e+07;2.651963872690569237e+07;2.848570389392343909e+07;3.059574733182286844e+07;3.286012519396727905e+07;3.528991926773869246e+07;3.789698590401799232e+07;4.069400806347834319e+07;4.369455066164019704e+07;4.691311940390910208e+07;5.036522331131322682e+07;5.406744114763630927e+07;5.803749196887704730e+07;6.229431002665039897e+07;6.685812426812797785e+07;7.175054268655358255e+07;7.699464178809313476e+07;8.261506145295295119e+07;8.863810548121558130e+07;9.509184812675775588e+07;1.020062469359013140e+08;1.094132622211090177e+08;1.173469835141405761e+08;1.258437633574668467e+08;1.349423588076108992e+08;1.446840810392849147e+08;1.551129534548770189e+08;1.662758787196900249e+08;1.782228151598900259e+08;1.910069629769433439e+08;2.046849607493932843e+08;2.193170927106751800e+08;2.349675073096778989e+08;2.517044475792773664e+08;2.696004938571977019e+08;2.887328194230661988e+08;3.091834596354475617e+08;3.310395951734969616e+08;3.543938500088235140e+08;3.793446047550951838e+08;4.059963260654475689e+08;4.344599127707563639e+08;4.648530594758920670e+08;4.973006383558350205e+08;5.319350999189284444e+08;5.688968935310003757e+08;6.083349085216667652e+08;6.504069367222640514e+08;6.952801573139996529e+08;7.431316448958727121e+08
8.127330598010239191e+04;8.744421520658528607e+04;9.408329475534644735e+04;1.012260203028035321e+05;1.089105507276342978e+05;1.171779304832220951e+05;1.260723071679647401e+05;1.356411654272831220e+05;1.459355784049901995e+05;1.570104780514636368e+05;1.689249456923842081e+05;1.817425243652626814e+05;1.955315545416621317e+05;2.103655349719701917e+05;2.263235105168592418e+05;2.434904889661860070e+05;2.619578889924459509e+05;2.818240215426173527e+05;3.031946071405683761e+05;3.261833317518400145e+05;3.509124440558707574e+05;3.775133971768992487e+05;4.061275381464419188e+05;4.369068486063859309e+05;4.700147405158100883e+05;5.056269108957101125e+05;5.439322599358134903e+05;5.851338770989470650e+05;6.294501001895432128e+05;6.771156527093466138e+05;7.283828652022324968e+05;7.835229866964343237e+05;8.428275927864108235e+05;9.066100973604271421e+05;9.752073754742421443e+05;1.048981505401520757e+06;1.128321638455248903e+06;1.213646005777343642e+06;1.305404071937330998e+06;1.404078845866139745e+06;1.510189360384379979e+06;1.624293332362294197e+06;1.746990016383375507e+06;1.878923265666142339e+06;2.020784814945496386e+06;2.173317801018369384e+06;2.337320537729159463e+06;2.513650563307434320e+06;2.703228979184865952e+06;2.907045100701046176e+06;3.126161441481669899e+06;3.361719054724423680e+06;3.614943256171354093e+06;3.887149755192610435e+06;4.179751222138880752e+06;4.494264321972662583e+06;4.832317246145011857e+06;5.195657776757430285e+06;5.586161919249657542e+06;6.005843142182117328e+06;6.456862265143255703e+06;6.941538038422023878e+06;7.462358460839346983e+06;8.021992885049914941e+06;8.623304962693221867e+06;9.269366485034203157e+06;9.963472178151147440e+06;1.070915551534628123e+07;1.151020561326876283e+07;1.237068528224541247e+07;1.329495030554810725e+07;1.428767002676483802e+07;1.535384932912224717e+07;1.649885209551585466e+07;1.772842624316195399e+07;1.904873043221052364e+07;2.046636255331467837e+07;2.198839010513390973e+07;2.362238257895586640e+07;2.537644597416258231e+07;2.725925957509181276e+07;2.928011512696418539e+07;3.144895855602123961e+07;3.377643438677299023e+07;3.627393301737871021e+07;3.895364102262427658e+07;4.182859466277336329e+07;4.491273678571252525e+07;4.822097731932967901e+07;5.176925756097041070e+07;5.557461848105196655e+07;5.965527326858243346e+07;6.403068435734737664e+07;6.872164518295338750e+07;7.375036693273681402e+07;7.914057056273148954e+07;8.491758436854279041e+07;9.110844740997126698e+07;9.774201910263210535e+07;1.048490953037151992e+08;1.124625312332016230e+08;1.206173715865608156e+08;1.293509882100258023e+08;1.387032257250226140e+08;1.487165555042380095e+08;1.594362384182457030e+08;1.709104967882459164e+08;1.831906959978556931e+08;1.963315362344246507e+08;2.103912548485914469e+08;2.254318398393315673e+08;2.415192549908681512e+08;2.587236772075019479e+08;2.771197466122950912e+08;2.967868299966498613e+08;3.178092982286877632e+08;3.402768182504139543e+08;3.642846603162975907e+08;3.899340211488089561e+08;4.173323637107295394e+08;4.465937743186352253e+08;4.778393378474059105e+08;5.111975318022982478e+08;5.468046400621705055e+08;5.848051871259107590e+08;6.253523937232908010e+08;6.686086546820621490e+08;7.147460399741009474e+08
7.766407856389570225e+04;8.356125313303609437e+04;8.990586590425667237e+04;9.673182565705753223e+04;1.040756063308492012e+05;1.119764405483249720e+05;1.204765276783058798e+05;1.296212575235215627e+05;1.394594507989994017e+05;1.500436176528753713e+05;1.614302355737807811e+05;1.736800481280022068e+05;1.868583860758505180e+05;2.010355125306601985e+05;2.162869939458897861e+05;2.326940988468586584e+05;2.503442263639207813e+05;2.693313667744454578e+05;2.897565964221721515e+05;3.117286095551228500e+05;3.353642898086276837e+05;3.607893242580414517e+05;3.881388631780992146e+05;4.175582288732298766e+05;4.492036771867483621e+05;4.832432155570604373e+05;5.198574817681512795e+05;5.592406878400344867e+05;6.016016338240202749e+05;6.471647966089777183e+05;6.961714992103761761e+05;7.488811664039073512e+05;8.055726729830791010e+05;8.665457913661869243e+05;9.321227457546362421e+05;1.002649880553511786e+06;1.078499451309462776e+06;1.160071547000620980e+06;1.247796153133821208e+06;1.342135365764790447e+06;1.443585767262292095e+06;1.552680975390556967e+06;1.669994378084461670e+06;1.796142067148797680e+06;1.931785985022510635e+06;2.077637299719246337e+06;2.234460024089490995e+06;2.403074896649214439e+06;2.584363542389007285e+06;2.779272933224492241e+06;2.988820169073207770e+06;3.214097601946428884e+06;3.456278326945629902e+06;3.716622065636996180e+06;3.996481468965034466e+06;4.297308868657286279e+06;4.620663507970101200e+06;4.968219284636230208e+06;5.341773041014161892e+06;5.743253438694819808e+06;6.174730457217665389e+06;6.638425559083293192e+06;7.136722565927991644e+06;7.672179293563700281e+06;8.247539996578647755e+06;8.865748676367212087e+06;9.529963309787211940e+06;1.024357105918324552e+07;1.101020452822474763e+07;1.183375913192588277e+07;1.271841165335972980e+07;1.366864006390855461e+07;1.468924468848248757e+07;1.578537080194448680e+07;1.696253274804313853e+07;1.822663967746077478e+07;1.958402300716561452e+07;2.104146570911182463e+07;2.260623354245254770e+07;2.428610834986808896e+07;2.608942354532617331e+07;2.802510192765380815e+07;3.010269596161827818e+07;3.233243067594581842e+07;3.472524933569265157e+07;3.729286205479407310e+07;4.004779752330325544e+07;4.300345803295776993e+07;4.617417799416513741e+07;4.957528614731515944e+07;5.322317168159928173e+07;5.713535448511011899e+07;6.133055976099934429e+07;6.582879725596388429e+07;7.065144535907520354e+07;7.582134034131856263e+07;8.136287101880002022e+07;8.730207913574177027e+07;9.366676577686858177e+07;1.004866041328338385e+08;1.077932589566050619e+08;1.156205130637074411e+08;1.240044012444497198e+08;1.329833519719660431e+08;1.425983373062025905e+08;1.528930314105004668e+08;1.639139781146740019e+08;1.757107679759479463e+08;1.883362253073874414e+08;2.018466056617304087e+08;2.163018042779653966e+08;2.317655760172623098e+08;2.483057673353234828e+08;2.659945608585714996e+08;2.849087331532849669e+08;3.051299262983092666e+08;3.267449338948272467e+08;3.498460021696938872e+08;3.745311468528887630e+08;4.009044865343508720e+08;4.290765932308325768e+08;4.591648609200623035e+08;4.912938928262761831e+08;5.255959082699331641e+08;5.622111699231213331e+08;6.012884323428587914e+08;6.429854126852667332e+08;6.874692845366466045e+08
7.422955260017026740e+04;7.986622130430240941e+04;8.593059557993165799e+04;9.245509256927653041e+04;9.947458216965389147e+04;1.070265721267279150e+05;1.151514070396040042e+05;1.238924823170118034e+05;1.332964742007111490e+05;1.434135870548273087e+05;1.542978192082835885e+05;1.660072487325067923e+05;1.786043406384236296e+05;1.921562770860113378e+05;2.067353123168214515e+05;2.224191541454253893e+05;2.392913739805406367e+05;2.574418474906782503e+05;2.769672281842516968e+05;2.979714563393558492e+05;3.205663058965746895e+05;3.448719721180915367e+05;3.710177030204923940e+05;3.991424778067511506e+05;4.293957357568560401e+05;4.619381592867138679e+05;4.969425151528207352e+05;5.345945580673178192e+05;5.750940012940806337e+05;6.186555591258011991e+05;6.655100664921428543e+05;7.159056813251180574e+05;7.701091757094131317e+05;8.284073222734705778e+05;8.911083827375478577e+05;9.585437060231771320e+05;1.031069443853054196e+06;1.109068392328859307e+06;1.192951968571756966e+06;1.283162332146708621e+06;1.380174661672642455e+06;1.484499597744046710e+06;1.596685864065134898e+06;1.717323079520502128e+06;1.847044774786545197e+06;1.986531628023452358e+06;2.136514935186222196e+06;2.297780331554978620e+06;2.471171782215823419e+06;2.657595860427492764e+06;2.858026334088752978e+06;3.073509081882934086e+06;3.305167362123293336e+06;3.554207458861434367e+06;3.821924731452476233e+06;4.109710095506735612e+06;4.419056964997955598e+06;4.751568687249403447e+06;5.108966504591288976e+06;5.493098078678624704e+06;5.905946615780533291e+06;6.349640633818446659e+06;6.826464414536282420e+06;7.338869186941459775e+06;7.889485091077672318e+06;8.481133974263751879e+06;9.116843075203794986e+06;9.799859654796326533e+06;1.053366663611379638e+07;1.132199931984198652e+07;1.216886324550991878e+07;1.307855327309138328e+07;1.405567396403549053e+07;1.510516134549410827e+07;1.623230614648011141e+07;1.744277859988519922e+07;1.874265490977124870e+07;2.013844548908659443e+07;2.163712507899893820e+07;2.324616486734414101e+07;2.497356673032574356e+07;2.682789972852969170e+07;2.881833899558564648e+07;3.095470716538729519e+07;3.324751849172676355e+07;3.570802582247618586e+07;3.834827059910866618e+07;4.118113606133603305e+07;4.422040384608669579e+07;4.748081417975912988e+07;5.097812987295280397e+07;5.472920433736740798e+07;5.875205385564719886e+07;6.306593434628966451e+07;6.769142287761683762e+07;7.265050419709065557e+07;7.796666255492335558e+07;8.366497911415706575e+07;8.977223525293420255e+07;9.631702207880286872e+07;1.033298564894036055e+08;1.108433041288562268e+08;1.188921096047264487e+08;1.275133343462737799e+08;1.367465025012304783e+08;1.466337552852097154e+08;1.572200142153154314e+08;1.685531536773645878e+08;1.806841832947438657e+08;1.936674405857046545e+08;2.075607944155241251e+08;2.224258597700204849e+08;2.383282243975420892e+08;2.553376878877455294e+08;2.735285137774029970e+08;2.929796952959814668e+08;3.137752353867809772e+08;3.360044416635106206e+08;3.597622369866778851e+08;3.851494863695975542e+08;4.122733409500933886e+08;4.412475997912119627e+08;4.721930903019969463e+08;5.052380680988551378e+08;5.405186371577390432e+08;5.781791911386839151e+08;6.183728767963848114e+08;6.612620804241454601e+08
7.096099327893029840e+04;7.634972505939083931e+04;8.214737959657123429e+04;8.838495393543943646e+04;9.509579083254534635e+04;1.023157558178471227e+05;1.100834275700077123e+05;1.184403026003745472e+05;1.274310153144723154e+05;1.371035745989679126e+05;1.475096181669986981e+05;1.587046859856502269e+05;1.707485142072415620e+05;1.837053511305974389e+05;1.976442968311234727e+05;2.126396682186622929e+05;2.287713914115226944e+05;2.461254234534810239e+05;2.647942055489515769e+05;2.848771501506924978e+05;3.064811644049262395e+05;3.297212126413721708e+05;3.547209207914351136e+05;3.816132258275508648e+05;4.105410735409541521e+05;4.416581682159018237e+05;4.751297780154807260e+05;5.111336001698730979e+05;5.498606903527455870e+05;5.915164609470248688e+05;6.363217532388598192e+05;6.845139889397779480e+05;7.363484068229519762e+05;7.920993906727269059e+05;8.520618951874370687e+05;9.165529769478972303e+05;9.859134380668186350e+05;1.060509590673980303e+06;1.140735150965799112e+06;1.227013272162851179e+06;1.319798726372400066e+06;1.419580246054344578e+06;1.526883036532890750e+06;1.642271471792848315e+06;1.766351986647287384e+06;1.899776179266982712e+06;2.043244139026327059e+06;2.197508015644973144e+06;2.363375846698778681e+06;2.541715661736411974e+06;2.733459882473635022e+06;2.939610039858793374e+06;3.161241830197787378e+06;3.399510534020302817e+06;3.655656822946795728e+06;3.931012981498649344e+06;4.227009572576452047e+06;4.545182577226112597e+06;4.887181041318424046e+06;5.254775263902485371e+06;5.649865564246100374e+06;6.074491666974307969e+06;6.530842747245538980e+06;7.021268180592430755e+06;7.548289044888389297e+06;8.114610424904568121e+06;8.723134573092412204e+06;9.376974983584525064e+06;1.007947143993766978e+07;1.083420610088458098e+07;1.164502069230037369e+07;1.251603487774319947e+07;1.345166588430875167e+07;1.445664946514593065e+07;1.553606228484384716e+07;1.669534581898701377e+07;1.794033186456726119e+07;1.927726976356312633e+07;2.071285544792193174e+07;2.225426242040342838e+07;2.390917479225048050e+07;2.568582250549593568e+07;2.759301887485169247e+07;2.964020059163991734e+07;3.183747034003771096e+07;3.419564218411417305e+07;3.672628989267630130e+07;3.944179837790009379e+07;4.235541843299099058e+07;4.548132496389150620e+07;4.883467892011037469e+07;5.243169314032394439e+07;5.628970233932945132e+07;6.042723747432393581e+07;6.486410474030134827e+07;6.962146945665802062e+07;7.472194511979822814e+07;8.018968790974509716e+07;8.605049695241300762e+07;9.233192065338400006e+07;9.906336943358853459e+07;1.062762352124778777e+08;1.140040179998584986e+08;1.222824599737163335e+08;1.311496874379197359e+08;1.406463610709886849e+08;1.508158348946234584e+08;1.617043244090961516e+08;1.733610843612452447e+08;1.858385966301724613e+08;1.991927687357541323e+08;2.134831434954401553e+08;2.287731203759526610e+08;2.451301891083571017e+08;2.626261761571086347e+08;2.813375046570641398e+08;3.013454684559280276e+08;3.227365209241991043e+08;3.456025792202541828e+08;3.700413447236450315e+08;3.961566403775233626e+08;4.240587657081112266e+08;4.538648703188059926e+08;4.856993466853601933e+08;5.196942431107264161e+08;5.559896977288377285e+08;5.947343944807461500e+08;6.360860420204787254e+08
6.785009723543385917e+04;7.300283364826420438e+04;7.854661257446801756e+04;8.451107896244732547e+04;9.092812152692368545e+04;9.783204215867511812e+04;1.052597380773546320e+05;1.132508976804478007e+05;1.218482111121043126e+05;1.310975966514500615e+05;1.410484441012319585e+05;1.517538764451493334e+05;1.632710311356742750e+05;1.756613624748035218e+05;1.889909666577821190e+05;2.033309311656379723e+05;2.187577103160610131e+05;2.353535289151596371e+05;2.532068160951382306e+05;2.724126715754997567e+05;2.930733667491752421e+05;3.152988831703361939e+05;3.392074912084924290e+05;3.649263718349215342e+05;3.925922847231162013e+05;4.223522860758783063e+05;4.543644998388719396e+05;4.887989462255762191e+05;5.258384317616134649e+05;5.656795053601190448e+05;6.085334852641901234e+05;6.546275620397184975e+05;7.042059831736694323e+05;7.575313252294360427e+05;8.148858599366350099e+05;8.765730210453200852e+05;9.429189792612637393e+05;1.014274333096155315e+06;1.091015924020924605e+06;1.173548784901755163e+06;1.262308231329618720e+06;1.357762106128064916e+06;1.460413188043457456e+06;1.570801776389181847e+06;1.689508464232635917e+06;1.817157113588590408e+06;1.954418047009225236e+06;2.102011470955772325e+06;2.260711147388745099e+06;2.431348331141174305e+06;2.614815991832911968e+06;2.812073340360192116e+06;3.024150681347065140e+06;3.252154614388443530e+06;3.497273608442517929e+06;3.760783975362428930e+06;4.044056270280933008e+06;4.348562148401028477e+06;4.675881709691142663e+06;5.027711365053343587e+06;5.405872259721510112e+06;5.812319291974573396e+06;6.249150767706665210e+06;6.718618734009698965e+06;7.223140037680711597e+06;7.765308157486895099e+06;8.347905862117242999e+06;8.973918749004190788e+06;9.646549722662152722e+06;1.036923447482732497e+07;1.114565803253078461e+07;1.197977244429316930e+07;1.287581567891711555e+07;1.383833181585453823e+07;1.487219261087351665e+07;1.598262052576873079e+07;1.717521331609027088e+07;1.845597027642488107e+07;1.983132024856657907e+07;2.130815150400296226e+07;2.289384361858946830e+07;2.459630146396342292e+07;2.642399144732738286e+07;2.838598013859639689e+07;3.049197543164759502e+07;3.275237039448097348e+07;3.517828997157881409e+07;3.778164071055793762e+07;4.057516369448395073e+07;4.357249087078326195e+07;4.678820497779290378e+07;5.023790328040713817e+07;5.393826533720708638e+07;5.790712503277526796e+07;6.216354712071983516e+07;6.672790853515781462e+07;7.162198474115720391e+07;7.686904140783549845e+07;8.249393170151066780e+07;8.852319951049621403e+07;9.498518892783080041e+07;1.019101603334621638e+08;1.093304134330975413e+08;1.172804176272970438e+08;1.257969501010776311e+08;1.349192420417355895e+08;1.446891334105058014e+08;1.551512367121222615e+08;1.663531102254582047e+08;1.783454411780000925e+08;1.911822393673656583e+08;2.049210417536737621e+08;2.196231285683797300e+08;2.353537515072718859e+08;2.521823745980671644e+08;2.701829283570001125e+08;2.894340778725914955e+08;3.100195054804620147e+08;3.320282087184727192e+08;3.555548142785586119e+08;3.806999086991236806e+08;4.075703865704079866e+08;4.362798170549566150e+08;4.669488295558614731e+08;4.997055193969700933e+08;5.346858744125587344e+08;5.720342233773863316e+08;6.119037072439370155e+08
6.488897132992919796e+04;6.981705742502521025e+04;7.511916342910726962e+04;8.082364682700976846e+04;8.696101177237770753e+04;9.356407120630978898e+04;1.006681211752133531e+05;1.083111282607876637e+05;1.165339311027974036e+05;1.253804570680324250e+05;1.348979551968523301e+05;1.451372466423550504e+05;1.561529939072555862e+05;1.680039902796554961e+05;1.807534709724895365e+05;1.944694475821768865e+05;2.092250676009393937e+05;2.250990008448899898e+05;2.421758547964873433e+05;2.605466210067764041e+05;2.803091548597318470e+05;3.015686911696817842e+05;3.244383982628774247e+05;3.490399733880936401e+05;3.755042825078951428e+05;4.039720477443311829e+05;4.345945859903824166e+05;4.675346024529070128e+05;5.029670431654285057e+05;5.410800108005993534e+05;5.820757484242448118e+05;6.261716961670039454e+05;6.736016261470618192e+05;7.246168613589742454e+05;7.794875846530657727e+05;8.385042443665680476e+05;9.019790636346024694e+05;9.702476609084617812e+05;1.043670789742315304e+06;1.122636206478560809e+06;1.207560675071494421e+06;1.298892118937530322e+06;1.397111930414700648e+06;1.502737449153559282e+06;1.616324621551264310e+06;1.738470854182753945e+06;1.869818075080523966e+06;2.011056017671209993e+06;2.162925743198122829e+06;2.326223418542353436e+06;2.501804367516423576e+06;2.690587414929749910e+06;2.893559544041670859e+06;3.111780889408364426e+06;3.346390088612127118e+06;3.598610017941344995e+06;3.869753938759410754e+06;4.161232083084426820e+06;4.474558708786527626e+06;4.811359656819498166e+06;5.173380445026363246e+06;5.562494935317760333e+06;5.980714613413984887e+06;6.430198522874594666e+06;6.913263897823163308e+06;7.432397541624180041e+06;7.990268001764717512e+06;8.589738594384508207e+06;9.233881335259949788e+06;9.925991837593382224e+06;1.066960524072496407e+07;1.146851323783768527e+07;1.232678227490469813e+07;1.324877299755036831e+07;1.423916102712157927e+07;1.530295915218692832e+07;1.644554102680240385e+07;1.767266647234005481e+07;1.899050848534668237e+07;2.040568205991661176e+07;2.192527493934271485e+07;2.355688041843359545e+07;2.530863232480248436e+07;2.718924231472156569e+07;2.920803962674662843e+07;3.137501344429119676e+07;3.370085802670382708e+07;3.619702077709659189e+07;3.887575342435838282e+07;4.175016650626683235e+07;4.483428735061068088e+07;4.814312176161161810e+07;5.169271962973365188e+07;5.550024469430920482e+07;5.958404870007679611e+07;6.396375020102519542e+07;6.866031827756549418e+07;7.369616144632868469e+07;7.909522205551287532e+07;8.488307647300876677e+07;9.108704138919278979e+07;9.773628657163712382e+07;1.048619544247770607e+08;1.124972867239234596e+08;1.206777589100778550e+08;1.294412223493796289e+08;1.388280549792242944e+08;1.488813207818301916e+08;1.596469385451993942e+08;1.711738603916036189e+08;1.835142605740526021e+08;1.967237350626600087e+08;2.108615124645939171e+08;2.259906768440116644e+08;2.421784030316028297e+08;2.594962050375612080e+08;2.780201982065110803e+08;2.978313757787616849e+08;3.190159005484081507e+08;3.416654123367006183e+08;3.658773520268121958e+08;3.917553029357903600e+08;4.194093503296825290e+08;4.489564599189967513e+08;4.805208762044157386e+08;5.142345415760035515e+08;5.502375371043576002e+08;5.886785459981697798e+08
6.207011245285550831e+04;6.678432614238219685e+04;7.185635204286318913e+04;7.731332160433634999e+04;8.318442045742709888e+04;8.950104358431941364e+04;9.629696217037781025e+04;1.036085030110115331e+05;1.114747414133855928e+05;1.199377086022116273e+05;1.290426147137634835e+05;1.388380885424703301e+05;1.493764352907040739e+05;1.607139136647293926e+05;1.729110337590539129e+05;1.860328772777040431e+05;2.001494417551683146e+05;2.153360105620865652e+05;2.316735506119313359e+05;2.492491398257855617e+05;2.681564265629979200e+05;2.884961233874227619e+05;3.103765377119153854e+05;3.339141420498799416e+05;3.592341868013538187e+05;3.864713587144727353e+05;4.157704883913962985e+05;4.472873104524990194e+05;4.811892802343116491e+05;5.176564511773323757e+05;5.568824173596621258e+05;5.990753259539736900e+05;6.444589647286318941e+05;6.932739300819346681e+05;7.457788814914631657e+05;8.022518886811573757e+05;8.629918782588012982e+05;9.283201870567994192e+05;9.985822299233212834e+05;1.074149290259813657e+06;1.155420442187006352e+06;1.242824613847877365e+06;1.336822802025065059e+06;1.437910448963335948e+06;1.546619993049717974e+06;1.663523605816571275e+06;1.789236128598661628e+06;1.924418223100825911e+06;2.069779751115995459e+06;2.226083399683921132e+06;2.394148569099576678e+06;2.574855542368131224e+06;2.769149955975083634e+06;2.978047593184275553e+06;3.202639522516683210e+06;3.444097605583114084e+06;3.703680400072395336e+06;3.982739485415741801e+06;4.282726240483061410e+06;4.605199104609286413e+06;4.951831355314257555e+06;5.324419438272253610e+06;5.724891887404765002e+06;6.155318875438908115e+06;6.617922437882012688e+06;7.115087416124126874e+06;7.649373168312107213e+06;8.223526099732339382e+06;8.840493067719070241e+06;9.503435719566114247e+06;1.021574582558265142e+07;1.098106167330084369e+07;1.180328559292064421e+07;1.268660268839581683e+07;1.363550085309132747e+07;1.465479215374597348e+07;1.574963567151465826e+07;1.692556189417006075e+07;1.818849875914570689e+07;1.954479945297362655e+07;2.100127207885518298e+07;2.256521131059792265e+07;2.424443215797057375e+07;2.604730597568691149e+07;2.798279885572177172e+07;3.006051255055235326e+07;3.229072808314020932e+07;3.468445220809029043e+07;3.725346689748352766e+07;4.001038203426667303e+07;4.296869150598801672e+07;4.614283290193578601e+07;4.954825102750019729e+07;5.320146546077526361e+07;5.712014238809062541e+07;6.132317096735131741e+07;6.583074448072161525e+07;7.066444655132262409e+07;7.584734271236015856e+07;8.140407763129971921e+07;8.736097830646243691e+07;9.374616356877006590e+07;1.005896602372178286e+08;1.079235262931746095e+08;1.157819814556291252e+08;1.242015455571524054e+08;1.332211851386778355e+08;1.428824687000729740e+08;1.532297310629215240e+08;1.643102473223674595e+08;1.761744168854666054e+08;1.888759581152403057e+08;2.024721141218348444e+08;2.170238702650835514e+08;2.325961839567496181e+08;2.492582273748898804e+08;2.670836437285680473e+08;2.861508177367613316e+08;3.065431610128877759e+08;3.283494130738986731e+08;3.516639587221005559e+08;3.765871625774381161e+08;4.032257215693377852e+08;4.316930362288082242e+08;4.621096016551712751e+08;4.946034190657005310e+08;5.293104288726733327e+08;5.663749662688554525e+08
5.938638832363768597e+04;6.389696831327929976e+04;6.874992708280909574e+04;7.397122842765953101e+04;7.958880221788717608e+04;8.563269294814880413e+04;9.213521947388221452e+04;9.913114677172873053e+04;1.066578706244922651e+05;1.147556161978960736e+05;1.234676515479852533e+05;1.328405171752872993e+05;1.429242728242015291e+05;1.537727628151544777e+05;1.654439012918295921e+05;1.779999788681922946e+05;1.915079922693911067e+05;2.060399986780335894e+05;2.216734966235673928e+05;2.384918353872068983e+05;2.565846550400166598e+05;2.760483593869619071e+05;2.969866242560060346e+05;3.195109437500472413e+05;3.437412172703546239e+05;3.698063803252967191e+05;3.978450823573499802e+05;4.280064150566738099e+05;4.604506948810312897e+05;4.953503037718508858e+05;5.328905923441740451e+05;5.732708501379610971e+05;6.167053478483118815e+05;6.634244568061704049e+05;7.136758513595729601e+05;7.677258002107909415e+05;8.258605531965332339e+05;8.883878304631839273e+05;9.556384214820776833e+05;1.027967901879719808e+06;1.105758476623003371e+06;1.189420958702593576e+06;1.279396893102594186e+06;1.376160836533196969e+06;1.480222804137155414e+06;1.592130895165861351e+06;1.712474110455834772e+06;1.841885375431130640e+06;1.981044783304469427e+06;2.130683074168860447e+06;2.291585366746751592e+06;2.464595160719839390e+06;2.650618628783977125e+06;2.850629218881782144e+06;3.065672588452501688e+06;3.296871894018054008e+06;3.545433460992042441e+06;3.812652860274387524e+06;4.099921419963992201e+06;4.408733202410959639e+06;4.740692478833128698e+06;5.097521735844507813e+06;5.481070250502881594e+06;5.893323272872579284e+06;6.336411857638319954e+06;6.812623388991773129e+06;7.324412845861097798e+06;7.874414857569381595e+06;8.465456603196224198e+06;9.100571611296271905e+06;9.783014520191742107e+06;1.051627686283755116e+07;1.130410394422919489e+07;1.215051288354203291e+07;1.305981189762591012e+07;1.403662090716065466e+07;1.508589355171447992e+07;1.621294070515376888e+07;1.742345558832653984e+07;1.872354058170511574e+07;2.011973584674691409e+07;2.161904987110255659e+07;2.322899205950539187e+07;2.495760749921249226e+07;2.681351403625478223e+07;2.880594180650170892e+07;3.094477537367745116e+07;3.324059863496192172e+07;3.570474266373910010e+07;3.834933666837827116e+07;4.118736225568261743e+07;4.423271119785142690e+07;4.750024691243397444e+07;5.100586987591312826e+07;5.476658720308181643e+07;5.880058663659269363e+07;6.312731520352293551e+07;6.776756280905036628e+07;7.274355105091500282e+07;7.807902755258709192e+07;8.379936612781003118e+07;8.993167310454469919e+07;9.650490015226942301e+07;1.035499639730768055e+08;1.110998732342360914e+08;1.191898631375202537e+08;1.278575380391547829e+08;1.371430225531812012e+08;1.470891215907995999e+08;1.577414898087014258e+08;1.691488109604054093e+08;1.813629876666258276e+08;1.944393421430599689e+08;2.084368284474330842e+08;2.234182568318139315e+08;2.394505308109435737e+08;2.566048975833196342e+08;2.749572124682177901e+08;2.945882180494641066e+08;3.155838387453231812e+08;3.380354915531971455e+08;3.620404137483924627e+08;3.877020083478926420e+08;4.151302081826688051e+08;4.444418594559291005e+08;4.757611257000952363e+08;5.092199130814903378e+08;5.449583180395487547e+08
5.683101924872467498e+04;6.114769160286386614e+04;6.579204492515824677e+04;7.078893083626373846e+04;7.616508309161172656e+04;8.194925982113735517e+04;8.817239648374459648e+04;9.486777033956813102e+04;1.020711773029510077e+05;1.098211221031236055e+05;1.181590227484353381e+05;1.271294303638989513e+05;1.367802655510968762e+05;1.471630725046337175e+05;1.583332922105567995e+05;1.703505561503191129e+05;1.832790020387961704e+05;1.971876132377207396e+05;2.121505836068764329e+05;2.282477096850289381e+05;2.455648122317017114e+05;2.641941893100432935e+05;2.842351032508992357e+05;3.057943040096636978e+05;3.289865916109678801e+05;3.539354205734338029e+05;3.807735494172677863e+05;4.096437385837846086e+05;4.406995003376851091e+05;4.741059044823077274e+05;5.100404439955934067e+05;5.486939649917705683e+05;5.902716657315763878e+05;6.349941697447486222e+05;6.830986784924922977e+05;7.348402093873423291e+05;7.904929254052612232e+05;8.503515629694967065e+05;9.147329652643963927e+05;9.839777286441747565e+05;1.058451970349024516e+06;1.138549226321132388e+06;1.224692488534606295e+06;1.317336391918508802e+06;1.416969561660026200e+06;1.524117132430464728e+06;1.639343451886851341e+06;1.763254981660041260e+06;1.896503409961461090e+06;2.039788990918313619e+06;2.193864126793144736e+06;2.359537210354168899e+06;2.537676745850084350e+06;2.729215768304202706e+06;2.935156582186863292e+06;3.156575841956289951e+06;3.394629998477623332e+06;3.650561136951831169e+06;3.925703233700918965e+06;4.221488860992096364e+06;4.539456371018094942e+06;4.881257592220610008e+06;5.248666073328499682e+06;5.643585912808666006e+06;6.068061213893178850e+06;6.524286207956734113e+06;7.014616091789087281e+06;7.541578627242908813e+06;8.107886554840610363e+06;8.716450876215722412e+06;9.370395063739025965e+06;1.007307025936205685e+07;1.082807152859153599e+07;1.163925523962921277e+07;1.251075764202867635e+07;1.344701472381653078e+07;1.445278343084523082e+07;1.553316433723267913e+07;1.669362586111383513e+07;1.794003012558259070e+07;1.927866057064385712e+07;2.071625142824835703e+07;2.226001917908788845e+07;2.391769611671940610e+07;2.569756615186087415e+07;2.760850299733251333e+07;2.966001088212874904e+07;3.186226795146524906e+07;3.422617251848085970e+07;3.676339234246993810e+07;3.948641711814191192e+07;4.240861437054960430e+07;4.554428896080984175e+07;4.890874641881181300e+07;5.251836033061458170e+07;5.639064402020782232e+07;6.054432677791466564e+07;6.499943490070409328e+07;6.977737782332898676e+07;7.490103963341893256e+07;8.039487627826948464e+07;8.628501878658170998e+07;9.259938284418869019e+07;9.936778507946230471e+07;1.066220664312544763e+08;1.143962229900209904e+08;1.227265447213860601e+08;1.316517625004394948e+08;1.412132039050971270e+08;1.514549582373053133e+08;1.624240512622203529e+08;1.741706301777303219e+08;1.867481593491645157e+08;2.002136273680929244e+08;2.146277660182315111e+08;2.300552817569473982e+08;2.465651003469308019e+08;2.642306252997780740e+08;2.831300108210690618e+08;3.033464499756906033e+08;3.249684788219642043e+08;3.480902972945414186e+08;3.728121076477232575e+08;3.992404713045760393e+08;4.274886849918232560e+08;4.576771770759300590e+08;4.899339250534719229e+08;5.243948951870540977e+08
5.439756080253256368e+04;5.852956421189902176e+04;6.297524964467265818e+04;6.775840926735383982e+04;7.290463740170809615e+04;7.844146674985138816e+04;8.439851488440821413e+04;9.080764177348348312e+04;9.770311916762229521e+04;1.051218127373684983e+05;1.131033779161473940e+05;1.216904704740880989e+05;1.309289729244561895e+05;1.408682379461011733e+05;1.515613500929744914e+05;1.630654071557565476e+05;1.754418226416478283e+05;1.887566509465045237e+05;2.030809369097885501e+05;2.184910915672379197e+05;2.350692960498040484e+05;2.529039357205549895e+05;2.720900667951184441e+05;2.927299178555092076e+05;3.149334288439115626e+05;3.388188303122561774e+05;3.645132659058909630e+05;3.921534612771271495e+05;4.218864428568777512e+05;4.538703101622825488e+05;4.882750655846321606e+05;5.252835058882889571e+05;5.650921799570895964e+05;6.079124176522634225e+05;6.539714349969164468e+05;7.035135212767785415e+05;7.568013140489626676e+05;8.141171684790563304e+05;8.757646278870187234e+05;9.420700028724105796e+05;1.013384066914648050e+06;1.090083876905111596e+06;1.172574727666978259e+06;1.261292250158237992e+06;1.356704663738470990e+06;1.459315193609107751e+06;1.569664665315087186e+06;1.688334289030204527e+06;1.815948647232489660e+06;1.953178900324519025e+06;2.100746225761419162e+06;2.259425507324783597e+06;2.430049292328199372e+06;2.613512035758331884e+06;2.810774651659447700e+06;3.022869393450981937e+06;3.250905086341174785e+06;3.496072736569127068e+06;3.759651543874397874e+06;4.043015345362967346e+06;4.347639520826955326e+06;4.675108391573231667e+06;5.027123146942059509e+06;5.405510334955805913e+06;5.812230955927921459e+06;6.249390200406319462e+06;6.719247875515589491e+06;7.224229566617333330e+06;7.766938584231780842e+06;8.350168749367016368e+06;8.976918073787825182e+06;9.650403395345570520e+06;1.037407603228291683e+07;1.115163852442871965e+07;1.198706253344604187e+07;1.288460797875177115e+07;1.384884349046500586e+07;1.488466826570442691e+07;1.599733541982123256e+07;1.719247692967362329e+07;1.847613027189331129e+07;1.985476686522534117e+07;2.133532243247900903e+07;2.292522940442972258e+07;2.463245149514449015e+07;2.646552058571456373e+07;2.843357606124459952e+07;3.054640675423342735e+07;3.281449565613415837e+07;3.524906756798824668e+07;3.786213987054004520e+07;4.066657660421758890e+07;4.367614605980493873e+07;4.690558209153131396e+07;5.037064937574823946e+07;5.408821285022219270e+07;5.807631158159735799e+07;6.235423732149054855e+07;6.694261802528426051e+07;7.186350662176740170e+07;7.714047533646577597e+07;8.279871588686147332e+07;8.886514588356100023e+07;9.536852178811530769e+07;1.023395587953050882e+08;1.098110580257062018e+08;1.178180414328415990e+08;1.263978948484918326e+08;1.355905196098305285e+08;1.454384932326200604e+08;1.559872396163704097e+08;1.672852092894652486e+08;1.793840702255000472e+08;1.923389097857996225e+08;2.062084483679605424e+08;2.210552653657982349e+08;2.369460380726809502e+08;2.539517941875027120e+08;2.721481786114389300e+08;2.916157352523002028e+08;3.124402045846866369e+08;3.347128377450529933e+08;3.585307279738193154e+08;3.839971602506683469e+08;4.112219800040978193e+08;4.403219818130679131e+08;4.714213190563120246e+08;5.046519355041891932e+08
5.207988739366138179e+04;5.603599721114050044e+04;6.029245402562765958e+04;6.487204064525078866e+04;6.979926581839463324e+04;7.510049472528073238e+04;8.080408930570533266e+04;8.694055916094080021e+04;9.354272382280591410e+04;1.006458872419190884e+05;1.082880254105653730e+05;1.165099881036081933e+05;1.253557157939465105e+05;1.348724728774227551e+05;1.451110984261459962e+05;1.561262757796169317e+05;1.679768223797858227e+05;1.807260013602132676e+05;1.944418565110060736e+05;2.091975723608385888e+05;2.250718612455893308e+05;2.421493793709686433e+05;2.605211740236328333e+05;2.802851642441955628e+05;3.015466574443554273e+05;3.244189046327960677e+05;3.490236971091692103e+05;3.754920076942771557e+05;4.039646797883061226e+05;4.345931677889743587e+05;4.675403326576712425e+05;5.029812966974328738e+05;5.411043619003044441e+05;5.821119965374910971e+05;6.262218950030468404e+05;6.736681162829395616e+05;7.247023068077417556e+05;7.795950138613767922e+05;8.386370961597730638e+05;9.021412386867991881e+05;9.704435793807308655e+05;1.043905455804836587e+06;1.122915280513430946e+06;1.207890554442824097e+06;1.299280028314944357e+06;1.397566022747214185e+06;1.503266918512684759e+06;1.616939829199290136e+06;1.739183469371342566e+06;1.870641232252955437e+06;2.012004491926154122e+06;2.164016146076494828e+06;2.327474416427916847e+06;2.503236925188290421e+06;2.692225067085744813e+06;2.895428697915518191e+06;3.113911161944556050e+06;3.348814682036751416e+06;3.601366137980318163e+06;3.872883260214199312e+06;4.164781267977831420e+06;4.478579982851002365e+06;4.815911450711140409e+06;5.178528107327359729e+06;5.568311525136337616e+06;5.987281781210481189e+06;6.437607489051248878e+06;6.921616539611839689e+06;7.441807599897551350e+06;8.000862420610355213e+06;8.601659007604824379e+06;9.247285715413633734e+06;9.941056324806289747e+06;1.068652617024362274e+07;1.148750938723747805e+07;1.234809735398091748e+07;1.327267840623542108e+07;1.426595890932728536e+07;1.533298577624387667e+07;1.647917052624078840e+07;1.771031498407902941e+07;1.903263872603391856e+07;2.045280838514535502e+07;2.197796893485832587e+07;2.361577707720547542e+07;2.537443686907188967e+07;2.726273772782033309e+07;2.929009496570337191e+07;3.146659301102181524e+07;3.380303148298023641e+07;3.631097429652222991e+07;3.900280198339463770e+07;4.189176742586319894e+07;4.499205521041876823e+07;4.831884482004485279e+07;5.188837789546450227e+07;5.571802980810423195e+07;5.982638580042871833e+07;6.423332196275762469e+07;6.896009132968577743e+07;7.402941539394040406e+07;7.946558135069826245e+07;8.529454540130031109e+07;9.154404246190036833e+07;9.824370263969668746e+07;1.054251748574032187e+08;1.131222580251743197e+08;1.213710401784904152e+08;1.302100460207370371e+08;1.396803933298181891e+08;1.498259587100523412e+08;1.606935531927572787e+08;1.723331082124144137e+08;1.847978725092725158e+08;1.981446205343422592e+08;2.124338729585415721e+08;2.277301299147081077e+08;2.441021176289344430e+08;2.616230491264539063e+08;2.803708997272806764e+08;3.004286980777010322e+08;3.218848334957032204e+08;3.448333804418576360e+08;3.693744409615240097e+08;3.956145059799380898e+08;4.236668363691917658e+08;4.536518647442183495e+08;4.856976189851483703e+08
4.987217667758626339e+04;5.366072778520841530e+04;5.773692154982855573e+04;6.212257902015579748e+04;6.684117454826446192e+04;7.191796081498393323e+04;7.738010328235974885e+04;8.325682478083981550e+04;8.957956099157141580e+04;9.638212764092905854e+04;1.037009002851151454e+05;1.115750076280483918e+05;1.200465393858671596e+05;1.291607697865872324e+05;1.389663978742331965e+05;1.495158058735311497e+05;1.608653369641379686e+05;1.730755939133603533e+05;1.862117601233259484e+05;2.003439447635108081e+05;2.155475537827369117e+05;2.319036887271314044e+05;2.494995754320542037e+05;2.684290248082811595e+05;2.887929281056802720e+05;3.106997892123148777e+05;3.342662967344191857e+05;3.596179388032759889e+05;3.868896637704122695e+05;4.162265901829658542e+05;4.477847696781329578e+05;4.817320067001550342e+05;5.182487392266771058e+05;5.575289849948530318e+05;5.997813580423421226e+05;6.452301607259821612e+05;6.941165567535000155e+05;7.466998311614387203e+05;8.032587435988890938e+05;8.640929817325269105e+05;9.295247220749557018e+05;9.999003060612861300e+05;1.075592039753760677e+06;1.157000126151882578e+06;1.244554739719777834e+06;1.338718253423580667e+06;1.439987629296668572e+06;1.548896984325958416e+06;1.666020344279516721e+06;1.791974598978909664e+06;1.927422673461506609e+06;2.073076930482547265e+06;2.229702820878719911e+06;2.398122799455423839e+06;2.579220525279792491e+06;2.773945366554755718e+06;2.983317231632955372e+06;3.208431749198032077e+06;3.450465822206509300e+06;3.710683581848206930e+06;3.990442769553464372e+06;4.291201576958245598e+06;4.614525975741405971e+06;4.962097571371405385e+06;5.335722017060566694e+06;5.737338026621101424e+06;6.169027027462871745e+06;6.633023497669032775e+06;7.131726033952498809e+06;7.667709200326737016e+06;8.243736210537740029e+06;8.862772500714264810e+06;9.528000252289233729e+06;1.024283392906848714e+07;1.101093689634431526e+07;1.183623919423191063e+07;1.272295654189274088e+07;1.367561065409272164e+07;1.469905095654107258e+07;1.579847779178492166e+07;1.697946721300355718e+07;1.824799746896232292e+07;1.961047728958431631e+07;2.107377608814059198e+07;2.264525620296606049e+07;2.433280730882166326e+07;2.614488313567037508e+07;2.809054064063157886e+07;3.017948178728915378e+07;3.242209809535542503e+07;3.482951813297799975e+07;3.741365813368367404e+07;4.018727593013199419e+07;4.316402840755596012e+07;4.635853269091011584e+07;4.978643129146153480e+07;5.346446145081108809e+07;5.741052893306735158e+07;6.164378652933156490e+07;6.618471755254634470e+07;7.105522461537162960e+07;7.627872399889099598e+07;8.188024593588036299e+07;8.788654114875680208e+07;9.432619399963882565e+07;1.012297426277783215e+08;1.086298064682197869e+08;1.165612215650430173e+08;1.250611841124512553e+08;1.341694026781685650e+08;1.439282595850668550e+08;1.543829819497135282e+08;1.655818228998337984e+08;1.775762535169859231e+08;1.904211660760896206e+08;2.041750891793372035e+08;2.189004154094775021e+08;2.346636421552227139e+08;2.515356262909907997e+08;2.695918534232483506e+08;2.889127224471281171e+08;3.095838461894785762e+08;3.316963689483416677e+08;3.553473017736251950e+08;3.806398763704003692e+08;4.076839185433915854e+08;4.365962421410320997e+08;4.675010644975636005e+08
4.776889477660696139e+04;5.139780334374894301e+04;5.530224931641809235e+04;5.950313720795480185e+04;6.402295559887574927e+04;6.888589695030152507e+04;7.411798645417543594e+04;7.974722059896685823e+04;8.580371618015290005e+04;9.231987053918823949e+04;9.933053387295684661e+04;1.068731945185636578e+05;1.149881781854227738e+05;1.237188621790554898e+05;1.331119057383562322e+05;1.432174976915726147e+05;1.540896227253337274e+05;1.657863476571797219e+05;1.783701292047370225e+05;1.919081448551736539e+05;2.064726485570436344e+05;2.221413530834031408e+05;2.389978410517701413e+05;2.571320067321683746e+05;2.766405309315748163e+05;2.976273914108269964e+05;3.202044114703999949e+05;3.444918495343773975e+05;3.706190327689239639e+05;3.987250379935314995e+05;4.289594233805114054e+05;4.614830146933890064e+05;4.964687500868497882e+05;5.341025877836142899e+05;5.745844812558498234e+05;6.181294268739076797e+05;6.649685893433352467e+05;7.153505106349575799e+05;7.695424085231323261e+05;8.278315712865132373e+05;8.905268555956827477e+05;9.579602951136631891e+05;1.030488827873606817e+06;1.108496151071190601e+06;1.192394712523159105e+06;1.282627848699864931e+06;1.379672079939562827e+06;1.484039574200164061e+06;1.596280791504082270e+06;1.716987322082951432e+06;1.846794932141147088e+06;1.986386832126082620e+06;2.136497183429728728e+06;2.297914860550893471e+06;2.471487486923484597e+06;2.658125763872245327e+06;2.858808113493034616e+06;3.074585657678556163e+06;3.306587557026677765e+06;3.556026734981111716e+06;3.824206014271386899e+06;4.112524694544048980e+06;4.422485602019773796e+06;4.755702644073344767e+06;5.113908903825034387e+06;5.498965312165176496e+06;5.912869937098861672e+06;6.357767932928230613e+06;6.835962194569935091e+06;7.349924765259063803e+06;7.902309049019145779e+06;8.495962882593372837e+06;9.133942525046575814e+06;9.819527626962713897e+06;1.055623724509802461e+07;1.134784697251339257e+07;1.219840725860663131e+07;1.311226299812357686e+07;1.409407447312508710e+07;1.514883973709066212e+07;1.628191853580058180e+07;1.749905786541862041e+07;1.880641927428327873e+07;2.021060802133277059e+07;2.171870421084216982e+07;2.333829603027178720e+07;2.507751522550914437e+07;2.694507495565468073e+07;2.895031017779404670e+07;3.110322072086909786e+07;3.341451721692575514e+07;3.589567006756775081e+07;3.855896163353085518e+07;4.141754184580606222e+07;4.448548744780883193e+07;4.777786508965944499e+07;5.131079850774437934e+07;5.510154003540446609e+07;5.916854670387611538e+07;6.353156120641099662e+07;6.821169801303362846e+07;7.323153493846394122e+07;7.861521048150607944e+07;8.438852727068993449e+07;9.057906196804057062e+07;9.721628200074225664e+07;1.043316695091294944e+08;1.119588529186836481e+08;1.201337465640230179e+08;1.288946988136889637e+08;1.382826491664771438e+08;1.483412948126192093e+08;1.591172671766799688e+08;1.706603189835055172e+08;1.830235224139628112e+08;1.962634789434686303e+08;2.104405414838148654e+08;2.256190494770476520e+08;2.418675776196288764e+08;2.592591989258207977e+08;2.778717628707334995e+08;2.977881893865205050e+08;3.190967795194530487e+08;3.418915435906767249e+08;3.662725477408225536e+08;3.923462797763968706e+08;4.202260352757458687e+08;4.500323249536352754e+08
4.576478226756062213e+04;4.924156645753923658e+04;5.298235184801700234e+04;5.700716938223502802e+04;6.133756806633799715e+04;6.599672981251330930e+04;7.100959294662845787e+04;7.640298503129658638e+04;8.220576570404104132e+04;8.844898028230259661e+04;9.516602494316826051e+04;1.023928243458460347e+05;1.101680226295734465e+05;1.185331887889397622e+05;1.275330375032345619e+05;1.372156665762308694e+05;1.476328122287052975e+05;1.588401235781061114e+05;1.708974577386280871e+05;1.838691970808734768e+05;1.978245903043532744e+05;2.128381190978071245e+05;2.289898922936449235e+05;2.463660695628753456e+05;2.650593168480446911e+05;2.851692958925919957e+05;3.068031903989706771e+05;3.300762715328303748e+05;3.551125056903419318e+05;3.820452076583866146e+05;4.110177425264921039e+05;4.421842799541507266e+05;4.757106046594703221e+05;5.117749872766456101e+05;5.505691200301557546e+05;5.922991219968878431e+05;6.371866190716301790e+05;6.854699041217551567e+05;7.374051832115687430e+05;7.932679142009342322e+05;8.533542444745602552e+05;9.179825550432811724e+05;9.874951187767143128e+05;1.062259881079729879e+06;1.142672371918162331e+06;1.229157758731060661e+06;1.322173050443466054e+06;1.422209463515742915e+06;1.529794961736714933e+06;1.645496982291990658e+06;1.769925361517450539e+06;1.903735474687002134e+06;2.047631605184039334e+06;2.202370559474868234e+06;2.368765545440384187e+06;2.547690332836219110e+06;2.740083715945961885e+06;2.946954299870192073e+06;3.169385633361061104e+06;3.408541712677436415e+06;3.665672882596921176e+06;3.942122162492902949e+06;4.239332027268184349e+06;4.558851674937486649e+06;4.902344814779879525e+06;5.271598012245276943e+06;5.668529629198201932e+06;6.095199400635636412e+06;6.553818691719572991e+06;7.046761481838906184e+06;7.576576125459352508e+06;8.145997942751157098e+06;8.757962696402624249e+06;9.415621014652388170e+06;1.012235382441302761e+07;1.088178886241512746e+07;1.169781833659865893e+07;1.257461781452022865e+07;1.351666642034932785e+07;1.452876842708622105e+07;1.561607633600823954e+07;1.678411554098751396e+07;1.803881068128974736e+07;1.938651379276432842e+07;2.083403437394262478e+07;2.238867149055834115e+07;2.405824804935630411e+07;2.585114737977466732e+07;2.777635227024861053e+07;2.984348661443157122e+07;3.206285983160017058e+07;3.444551423499914259e+07;3.700327553175697476e+07;3.974880664842725545e+07;4.269566508712494373e+07;4.585836402863989770e+07;4.925243741094308347e+07;5.289450922398339212e+07;5.680236727486362308e+07;6.099504169120307267e+07;6.549288844483026117e+07;7.031767819302110374e+07;7.549269075011612475e+07;8.104281551876719296e+07;8.699465822710588574e+07;9.337665433599773049e+07;1.002191894990121573e+08;1.075547274772510976e+08;1.154179459311726689e+08;1.238458805326422602e+08;1.328780778622300774e+08;1.425567575795302987e+08;1.529269843778257966e+08;1.640368502591375113e+08;1.759376676910213828e+08;1.886841742331401110e+08;2.023347492492128015e+08;2.169516433483695984e+08;2.326012212298859358e+08;2.493542186359433234e+08;2.672860141492622495e+08;2.864769166055045724e+08;3.070124689250903130e+08;3.289837692049629092e+08;3.524878099477106929e+08;3.776278363447936177e+08;4.045137245701833963e+08;4.332623810830329657e+08
4.385484089802625385e+04;4.718664057739444252e+04;5.077144573794200551e+04;5.462845456998420559e+04;5.877832039371968858e+04;6.324326176192732237e+04;6.804718087184280739e+04;7.321579091077316843e+04;7.877675300669056014e+04;8.475982350517033774e+04;9.119701234782245592e+04;9.812275338516347983e+04;1.055740875190174702e+05;1.135908596360299125e+05;1.222159303655349213e+05;1.314954037717628817e+05;1.414788721728051023e+05;1.522196793672807980e+05;1.637752036445780832e+05;1.762071620564792247e+05;1.895819375372921932e+05;2.039709305770573555e+05;2.194509372781192360e+05;2.361045557604996720e+05;2.540206230263735924e+05;2.732946845490706619e+05;2.940294990189450327e+05;3.163355808566785417e+05;3.403317832963219844e+05;3.661459250455637230e+05;3.939154637505593710e+05;4.237882197286860319e+05;4.559231536848780815e+05;4.904912023980526719e+05;5.276761766538689844e+05;5.676757260107010370e+05;6.107023753180368803e+05;6.569846382623254322e+05;7.067682135969412047e+05;7.603172701198181603e+05;8.179158268995227991e+05;8.798692357172752963e+05;9.465057731911577284e+05;1.018178350584068219e+06;1.095266349867035868e+06;1.178177595220673364e+06;1.267350469809630886e+06;1.363256188362688757e+06;1.466401236835181946e+06;1.577329991226939252e+06;1.696627528477655491e+06;1.824922643268914893e+06;1.962891085528793279e+06;2.111259034469892271e+06;2.270806826090143062e+06;2.442372952242266852e+06;2.626858350629176013e+06;2.825231006417115219e+06;3.038530887580357026e+06;3.267875237604143564e+06;3.514464250787950587e+06;3.779587157104042359e+06;4.064628745394313242e+06;4.371076355631085113e+06;4.700527373033261858e+06;5.054697259022344835e+06;5.435428156341586262e+06;5.844698108133125119e+06;6.284630933405539952e+06;6.757506804112982936e+06;7.265773572032807395e+06;7.812058896772435866e+06;8.399183229564540088e+06;9.030173711046161130e+06;9.708279044953320175e+06;1.043698541362624988e+07;1.122003350541005097e+07;1.206143672847483866e+07;1.296550069026091322e+07;1.393684402672376111e+07;1.498042067077804543e+07;1.610154365488203801e+07;1.730591054853593186e+07;1.859963063762854412e+07;1.998925395906872302e+07;2.148180231097898260e+07;2.308480236594726890e+07;2.480632102243750915e+07;2.665500313744390756e+07;2.864011179190381244e+07;3.077157124923005328e+07;3.306001277661333233e+07;3.551682350853477418e+07;3.815419854217925668e+07;4.098519646520623565e+07;4.402379852764451504e+07;4.728497168150563538e+07;5.078473572414605319e+07;5.454023479437845945e+07;5.856981348397935182e+07;6.289309784145981073e+07;6.753108155987438560e+07;7.250621765602856874e+07;7.784251596468186378e+07;8.356564678840425611e+07;8.970305106140987575e+07;9.628405740426976979e+07;1.033400064656882584e+08;1.109043829676512629e+08;1.190129558912177980e+08;1.277039272621531188e+08;1.370180900182246864e+08;1.469989954637791514e+08;1.576931308417957425e+08;1.691501075792456269e+08;1.814228607882529497e+08;1.945678606332552135e+08;2.086453362031619251e+08;2.237195125574123263e+08;2.398588616459988952e+08;2.571363678357559443e+08;2.756298088088631034e+08;2.954220526343371868e+08;3.166013718495622873e+08;3.392617754266002178e+08;3.635033595370951891e+08;3.894326780702782869e+08;4.171631339010608196e+08
4.203432099215863127e+04;4.522791649409793899e+04;4.866403509369084350e+04;5.236108100281390944e+04;5.633885354867484421e+04;6.061865275451078196e+04;6.522339289042971359e+04;7.017772459364109091e+04;7.550816620230178523e+04;8.124324499517389631e+04;8.741364908111438854e+04;9.405239073776402802e+04;1.011949820585960988e+05;1.088796238313342328e+05;1.171474086395506165e+05;1.260425392530186509e+05;1.356125634516004648e+05;1.459086265124696074e+05;1.569857426817641535e+05;1.689030870496267162e+05;1.817243093528298778e+05;1.955178713418104162e+05;2.103574094700985588e+05;2.263221247939280292e+05;2.434972021089226764e+05;2.619742605004486977e+05;2.818518376440567081e+05;3.032359103645858122e+05;3.262404541464765789e+05;3.509880444853808149e+05;3.776105031828918727e+05;4.062495929131258745e+05;4.370577636329067172e+05;4.701989546680702479e+05;5.058494565872405656e+05;5.441988372737600002e+05;5.854509369264242705e+05;6.298249370626022574e+05;6.775565089647760615e+05;7.288990474041366251e+05;7.841249958957437193e+05;8.435272701900228858e+05;9.074207871867292561e+05;9.761441069725623820e+05;1.050061196235292824e+06;1.129563321895209141e+06;1.215071084425611887e+06;1.307036601006428245e+06;1.405945849374387646e+06;1.512321184002128663e+06;1.626724037058100570e+06;1.749757817476724973e+06;1.882071022403021110e+06;2.024360576274289517e+06;2.177375413866894785e+06;2.341920324772343505e+06;2.518860077979305759e+06;2.709123846527709160e+06;2.913709953581938054e+06;3.133690962732376531e+06;3.370219136900332291e+06;3.624532291884123348e+06;3.897960072353300173e+06;4.191930679986603558e+06;4.507978085448071361e+06;4.847749758032957092e+06;5.213014949077477679e+06;5.605673567634719424e+06;6.027765689480374567e+06;6.481481743221576326e+06;6.969173420172132552e+06;7.493365357710327953e+06;8.056767649086199701e+06;8.662289236077547073e+06;9.313052244549669325e+06;1.001240732682312094e+07;1.076395007885556109e+07;1.157153860456728563e+07;1.243931230421750806e+07;1.337171196858400851e+07;1.437350126582802832e+07;1.544978971331647038e+07;1.660605723241146654e+07;1.784818039025197178e+07;1.918246043892577291e+07;2.061565326914599538e+07;2.215500140261933580e+07;2.380826815475886688e+07;2.558377410724453256e+07;2.749043603820940480e+07;2.953780846653527766e+07;3.173612797588979825e+07;3.409636049377103895e+07;3.663025171091913432e+07;3.935038083710627258e+07;4.227021790043509752e+07;4.540418480899067223e+07;4.876772040595833957e+07;5.237734976218085736e+07;5.625075796360381693e+07;6.040686866517751664e+07;6.486592769752987474e+07;6.964959202821923792e+07;7.478102439551696181e+07;8.028499394955979288e+07;8.618798325337120891e+07;9.251830201469217241e+07;9.930620793879491091e+07;1.065840351125323921e+08;1.143863303508101851e+08;1.227499979585218281e+08;1.317144533837337047e+08;1.413217862615402937e+08;1.516169333728424907e+08;1.626478620678509474e+08;1.744657647309056818e+08;1.871252648911031187e+08;2.006846356120215654e+08;2.152060308241491914e+08;2.307557302946038544e+08;2.474043989617204070e+08;2.652273613954817951e+08;2.843048921802464724e+08;3.047225230527036786e+08;3.265713676659890413e+08;3.499484648904238939e+08;3.749571416025927067e+08;4.017073959569952488e+08
4.029870950811212242e+04;4.336053949856377585e+04;4.665489773283422983e+04;5.019943127668072702e+04;5.401312506971011317e+04;5.811640319179453218e+04;6.253123777595149295e+04;6.728126614290998259e+04;7.239191677561092365e+04;7.789054479815177910e+04;8.380657767327887996e+04;9.017167188587109558e+04;9.701988143714217586e+04;1.043878390357264288e+05;1.123149509379068913e+05;1.208436064600611862e+05;1.300194032626059925e+05;1.398913895863394719e+05;1.505123247098719294e+05;1.619389589909037750e+05;1.742323349552546279e+05;1.874581110058490594e+05;2.016869094403520576e+05;2.169946905908793560e+05;2.334631550332592160e+05;2.511801759568183043e+05;2.702402639400634798e+05;2.907450665425051702e+05;3.128039053005450987e+05;3.365343529050215147e+05;3.620628535419539548e+05;3.895253895963511895e+05;4.190681981530624325e+05;4.508485409794308944e+05;4.850355319433916011e+05;5.218110261086001410e+05;5.613705750565710478e+05;6.039244533163192682e+05;6.496987611357897986e+05;6.989366092078554211e+05;7.518993913696131203e+05;8.088681517275718506e+05;8.701450531251188368e+05;9.360549543668444967e+05;1.006947104144484969e+06;1.083196960178636247e+06;1.165208142697459320e+06;1.253414532024319284e+06;1.348282520739993779e+06;1.450313431627199287e+06;1.560046113399162423e+06;1.678059727058793418e+06;1.804976736641462194e+06;1.941466119057820179e+06;2.088246808784125606e+06;2.246091394247684162e+06;2.415830083924974781e+06;2.598354961424347945e+06;2.794624550154117867e+06;3.005668709601064678e+06;3.232593886757031083e+06;3.476588747842338867e+06;3.738930217195106670e+06;4.020989952020168770e+06;4.324241283638737164e+06;4.650266657946867868e+06;5.000765609992654063e+06;5.377563309922594577e+06;5.782619720028667711e+06;6.218039405272866599e+06;6.686082042469793931e+06;7.189173676279537380e+06;7.729918773329094984e+06;8.311113129124180414e+06;8.935757685970028862e+06;9.607073323882531375e+06;1.032851669045890495e+07;1.110379713990519382e+07;1.193689485588485003e+07;1.283208023758491874e+07;1.379393463340200484e+07;1.482737251194195263e+07;1.593766516561189108e+07;1.713046604799470678e+07;1.841183785243035853e+07;1.978828144580272958e+07;2.126676677848002315e+07;2.285476589867649600e+07;2.456028820719293505e+07;2.639191809667127579e+07;2.835885512798355892e+07;3.047095690544963628e+07;3.273878482200128958e+07;3.517365285539380461e+07;3.778767960702989995e+07;4.059384378596064448e+07;4.360604335215765238e+07;4.683915854530509561e+07;5.030911903802734613e+07;5.403297546584124118e+07;5.802897560006102175e+07;6.231664544452937692e+07;6.691687555237604678e+07;7.185201287503656745e+07;7.714595847255152464e+07;8.282427143167294562e+07;8.891427935670256615e+07;9.544519581709055603e+07;1.024482451558449119e+08;1.099567950836733133e+08;1.180064975056035221e+08;1.266354380494976193e+08;1.358842947896196544e+08;1.457965066830645502e+08;1.564184522626571953e+08;1.677996391566417813e+08;1.799929050334588587e+08;1.930546305989608467e+08;2.070449653035659194e+08;2.220280664484851360e+08;2.380723524127308726e+08;2.552507707567577064e+08;2.736410819940354228e+08;2.933261598586864471e+08;3.143943089356625676e+08;3.369396005597826838e+08;3.610622279315801263e+08;3.868688814408723712e+08
3.864371870996453799e+04;4.157989720235227287e+04;4.473907208854211785e+04;4.813816827410049882e+04;5.179539393177482270e+04;5.573033765104742633e+04;5.996407292515154404e+04;6.451927052779852966e+04;6.942031937311909860e+04;7.469345649675611639e+04;8.036690684376249555e+04;8.647103360014082864e+04;9.303849985987370019e+04;1.001044424784428847e+05;1.077066590272085014e+05;1.158858088311742758e+05;1.246856291458717460e+05;1.341531676075322612e+05;1.443390321751241281e+05;1.552976598732923740e+05;1.670876057423856982e+05;1.797718535060254799e+05;1.934181495785884908e+05;2.080993621549432282e+05;2.238938672538100509e+05;2.408859637239692674e+05;2.591663193712652137e+05;2.788324505228747730e+05;2.999892375163389370e+05;3.227494787833278533e+05;3.472344863945174729e+05;3.735747261419864953e+05;4.019105054610913503e+05;4.323927127351478557e+05;4.651836117852723692e+05;5.004576956249075010e+05;5.384026038561819587e+05;5.792201084027048200e+05;6.231271726155934157e+05;6.703570891532880487e+05;7.211607024277031887e+05;7.758077218270811718e+05;8.345881323739914224e+05;8.978137099563442171e+05;9.658196487817940069e+05;1.038966309254887747e+06;1.117641095062289387e+06;1.202260468879492953e+06;1.293272116782737896e+06;1.391157272166260285e+06;1.496433210731567349e+06;1.609655928933346644e+06;1.731423019140889402e+06;1.862376755706864875e+06;2.003207407131001120e+06;2.154656790572612546e+06;2.317522086095598992e+06;2.492659929244421422e+06;2.680990801838318817e+06;2.883503742247057613e+06;3.101261397878848016e+06;3.335405444173448253e+06;3.587162396058910061e+06;3.857849839602199383e+06;4.148883113471002318e+06;4.461782471833919175e+06;4.798180762459464371e+06;5.159831656049589626e+06;5.548618465255972929e+06;5.966563594396605156e+06;6.415838663614110090e+06;6.898775354117758572e+06;7.417877024217887782e+06;7.975831149132387713e+06;8.575522640999911353e+06;9.220048109201263636e+06;9.912731124989459291e+06;1.065713855853806622e+07;1.145709806088873930e+07;1.231671676789854094e+07;1.324040130817165226e+07;1.423287920213814080e+07;1.529922174490367249e+07;1.644486847127730586e+07;1.767565330749191344e+07;1.899783252056182176e+07;2.041811458305309340e+07;2.194369207818654180e+07;2.358227577780209854e+07;2.534213103364696726e+07;2.723211663089504465e+07;2.926172626164379343e+07;3.144113278543295339e+07;3.378123545368140936e+07;3.629371028518979251e+07;3.899106379076480865e+07;4.188669025632861257e+07;4.499493280592942983e+07;4.833114847853765637e+07;5.191177756576457620e+07;5.575441747138292342e+07;5.987790136810574681e+07;6.430238194214893878e+07;6.904942053211963177e+07;7.414208198531381786e+07;7.960503557198823988e+07;8.546466231638126075e+07;9.174916912227664888e+07;9.848871009084953368e+07;1.057155154493165463e+08;1.134640285306348950e+08;1.217710512671581209e+08;1.306758986848293543e+08;1.402205629091766477e+08;1.504498872200702727e+08;1.614117507190871835e+08;1.731572642012261152e+08;1.857409778518771529e+08;1.992211014202953875e+08;2.136597375523389876e+08;2.291231289982607663e+08;2.456819204454737604e+08;2.634114357618661523e+08;2.823919714724119306e+08;3.027091073303609490e+08;3.244540348845041990e+08;3.477239049858179688e+08;3.726221952204123139e+08
3.706527541827226378e+04;3.988160798001962394e+04;4.291184478334054438e+04;4.617222180445021513e+04;4.968020618342600937e+04;5.345458944451052230e+04;5.751558775889007666e+04;6.188494978015727975e+04;6.658607262234961672e+04;7.164412659315143537e+04;7.708618934064189671e+04;8.294139012122027634e+04;8.924106494916543306e+04;9.601892344513142598e+04;1.033112282617979799e+05;1.111569880304264225e+05;1.195981648423631414e+05;1.286798973550571973e+05;1.384507406931837031e+05;1.489629244025388616e+05;1.602726298077226675e+05;1.724402882249504910e+05;1.855309015889173897e+05;1.996143871680818265e+05;2.147659481667958898e+05;2.310664721454768442e+05;2.486029593328341143e+05;2.674689830570691265e+05;2.877651846872145543e+05;3.095998056516536162e+05;3.330892592898251605e+05;3.583587454953699489e+05;3.855429113260331796e+05;4.147865609882716089e+05;4.462454188538616290e+05;4.800869494328945293e+05;5.164912385139655671e+05;5.556519399891283829e+05;5.977772932094994467e+05;6.430912160699272063e+05;6.918344793970427709e+05;7.442659686197080882e+05;8.006640391316986643e+05;8.613279722195981303e+05;9.265795389233200112e+05;9.967646797259023879e+05;1.072255308535731863e+06;1.153451250029976945e+06;1.240782320075079333e+06;1.334710559633657103e+06;1.435732633305258118e+06;1.544382404441240011e+06;1.661233699617355363e+06;1.786903276150173275e+06;1.922054007308012573e+06;2.067398300893760752e+06;2.223701767977588810e+06;2.391787159725709353e+06;2.572538591524859425e+06;2.766906074930680916e+06;2.975910379393808544e+06;3.200648247227660380e+06;3.442297986897772178e+06;3.702125471433594823e+06;3.981490570587996393e+06;4.281854047326888889e+06;4.604784951297870837e+06;4.951968544137057848e+06;5.325214793820376508e+06;5.726467477756063454e+06;6.157813936972009018e+06;6.621495526562934741e+06;7.119918810558294877e+06;7.655667552545190789e+06;8.231515556749046780e+06;8.850440417855601758e+06;9.515638241643430665e+06;1.023053940251665376e+07;1.099882540828674659e+07;1.182444694706365652e+07;1.271164319588440098e+07;1.366496247577219456e+07;1.468928434325362556e+07;1.578984321401847340e+07;1.697225362038655207e+07;1.824253721054761484e+07;1.960715160421532020e+07;2.107302122636696696e+07;2.264757024817348272e+07;2.433875777203864977e+07;2.615511540594770387e+07;2.810578738099456951e+07;3.020057337514257059e+07;3.244997421590845287e+07;3.486524064481219649e+07;3.745842533711842448e+07;4.024243838160876930e+07;4.323110643694023788e+07;4.643923579352635890e+07;4.988267958289145678e+07;5.357840939011813700e+07;5.754459153931421041e+07;6.180066833707981557e+07;6.636744457467941940e+07;7.126717960612334311e+07;7.652368533667264879e+07;8.216243047431518137e+07;8.821065141574405134e+07;9.469747015812577307e+07;1.016540196486407667e+08;1.091135770054667294e+08;1.171117050663478225e+08;1.256864027446520180e+08;1.348782646973095834e+08;1.447306508347978592e+08;1.552898662301710248e+08;1.666053520120350122e+08;1.787298878556433618e+08;1.917198067164954245e+08;2.056352224827695489e+08;2.205402712555851340e+08;2.365033670008300841e+08;2.535974723517444134e+08;2.719003853791024685e+08;2.914950431843202710e+08;3.124698432115063667e+08;3.349189832165191174e+08;3.589428208748894930e+08
3.555951080472526519e+04;3.826150999624547694e+04;4.116873883128793386e+04;4.429677591956932883e+04;4.766238130964394077e+04;5.128358595832738501e+04;5.517978796085188515e+04;5.937185605093131016e+04;6.388224091807377408e+04;6.873509493047519936e+04;7.395640089584760426e+04;7.957411053984558384e+04;8.561829343260559835e+04;9.212129714840227098e+04;9.911791950217312842e+04;1.066455937694731401e+05;1.147445878641652380e+05;1.234582185206070717e+05;1.328330816051809525e+05;1.429192997655698273e+05;1.537707887161092949e+05;1.654455435539220052e+05;1.780059466041076521e+05;1.915190984033219283e+05;2.060571735502645024e+05;2.216978032796601474e+05;2.385244867534452642e+05;2.566270332101583772e+05;2.761020372716675047e+05;2.970533898756025592e+05;3.195928274837337667e+05;3.438405224114152370e+05;3.699257173321132432e+05;3.979874072351990617e+05;4.281750723552145646e+05;4.606494658482933301e+05;4.955834602673725458e+05;5.331629571832702495e+05;5.735878646154653979e+05;6.170731472757679876e+05;6.638499549913362134e+05;7.141668350625222083e+05;7.682910347278187983e+05;8.265099003541666316e+05;8.891323804479551036e+05;9.564906400935483398e+05;1.028941794971869444e+06;1.106869773697092663e+06;1.190687317834248301e+06;1.280838129629669013e+06;1.377799178200868657e+06;1.482083175696160877e+06;1.594241235751986736e+06;1.714865727446806850e+06;1.844593338883657241e+06;1.984108365527024027e+06;2.134146239483611658e+06;2.295497317048868164e+06;2.469010943052116781e+06;2.655599811823206488e+06;2.856244645980595145e+06;3.071999215707162395e+06;3.303995722746794112e+06;3.553450575017836876e+06;3.821670579519683030e+06;4.110059583095168229e+06;4.420125592627862468e+06;4.753488408394857310e+06;5.111887806572863832e+06;5.497192309322636575e+06;5.911408583453544416e+06;6.356691511406082660e+06;6.835354981204781681e+06;7.349883445124416612e+06;7.902944300088680349e+06;8.497401146312445402e+06;9.136327984382716939e+06;9.823024414906121790e+06;1.056103190898450091e+07;1.135415122220337763e+07;1.220646102946523577e+07;1.312233786293973774e+07;1.410647744063250721e+07;1.516391747859695181e+07;1.630006208565472066e+07;1.752070784568434581e+07;1.883207169904588535e+07;2.024082074162377045e+07;2.175410406723590568e+07;2.337958678684949875e+07;2.512548636613851041e+07;2.700061143146802485e+07;2.901440320339339972e+07;3.117697972624343261e+07;3.349918307235248759e+07;3.599262971000568569e+07;3.866976423525067419e+07;4.154391667930854857e+07;4.462936361560299248e+07;4.794139330322916806e+07;5.149637511717542261e+07;5.531183352981830388e+07;5.940652692300146073e+07;6.380053152564727515e+07;6.851533078820511699e+07;7.357391052227312326e+07;7.900086015182352066e+07;8.482248044107143581e+07;9.106689808386099339e+07;9.776418755987238884e+07;1.049465006845711321e+08;1.126482043022574484e+08;1.209060265951405168e+08;1.297592125058223158e+08;1.392496887963508964e+08;1.494222392937493622e+08;1.603246908997018933e+08;1.720081109716175795e+08;1.845270167122613192e+08;1.979395972372425497e+08;2.123079490224702060e+08;2.276983254683119953e+08;2.441814013530615568e+08;2.618325529857089520e+08;2.807321549072141647e+08;3.009658940298572183e+08;3.226251021468693018e+08;3.458071077884728909e+08
3.412275069790941780e+04;3.671565078222168813e+04;3.950550243047743425e+04;4.250725686373341887e+04;4.573699927634210326e+04;4.921203472397703445e+04;5.295098050329042599e+04;5.697386551226400479e+04;6.130223711702661240e+04;6.595927609028646839e+04;7.096992022884085600e+04;7.636099730314723274e+04;8.216136804071426741e+04;8.840207989760988858e+04;9.511653242870036047e+04;1.023406551277585822e+05;1.101130986736283521e+05;1.184754405883916770e+05;1.274724063884639618e+05;1.371521073900385818e+05;1.475662964167095779e+05;1.587706427498364355e+05;1.708250277618527762e+05;1.837938627795698412e+05;1.977464308392720704e+05;2.127572541184211732e+05;2.289064889611499675e+05;2.462803505560494959e+05;2.649715694773686118e+05;2.850798824633143959e+05;3.067125599805945531e+05;3.299849733118083677e+05;3.550212041035054135e+05;3.819546995286084129e+05;4.109289764483360341e+05;4.420983782065273845e+05;4.756288879554840969e+05;5.116990026967933518e+05;5.505006725265473360e+05;5.922403099007410929e+05;6.371398740875751246e+05;6.854380363482341636e+05;7.373914317897284636e+05;7.932760042637565639e+05;8.533884511459685164e+05;9.180477753230091184e+05;9.875969522428211058e+05;1.062404720447229454e+06;1.142867504610817879e+06;1.229411480755236000e+06;1.322494793998881942e+06;1.422609939940611133e+06;1.530286321564788232e+06;1.646092994398918003e+06;1.770641613555807155e+06;1.904589597255202476e+06;2.048643522446565563e+06;2.203562769253561739e+06;2.370163432130862027e+06;2.549322516873583198e+06;2.741982443954884540e+06;2.949155880086308811e+06;3.171930921413884964e+06;3.411476653378985357e+06;3.669049113992925733e+06;3.945997689111470245e+06;4.243771970248914324e+06;4.563929107547425665e+06;4.908141692737955600e+06;5.278206209278041497e+06;5.676052089359924197e+06;6.103751420145671815e+06;6.563529344416773878e+06;7.057775203833391890e+06;7.589054476191807538e+06;8.160121561465622857e+06;8.773933475007964298e+06;9.433664510120756924e+06;1.014272193624208122e+07;1.090476280329633318e+07;1.172371192730901390e+07;1.260378113720145635e+07;1.354948986779204197e+07;1.456568718943075277e+07;1.565757537040633522e+07;1.683073507432786003e+07;1.809115230104583502e+07;1.944524718647131324e+07;2.089990478374418616e+07;2.246250795577212423e+07;2.414097251708513871e+07;2.594378477135762200e+07;2.788004159977968410e+07;2.995949326479376107e+07;3.219258910352703556e+07;3.459052629559991509e+07;3.716530190087670088e+07;3.992976837418948114e+07;4.289769277610838413e+07;4.608381991151481122e+07;4.950393964103900641e+07;5.317495862442747504e+07;5.711497676956177503e+07;6.134336867632031441e+07;6.588087038058966398e+07;7.074967172072565556e+07;7.597351466654935479e+07;8.157779796958529949e+07;8.758968851274737716e+07;9.403823975814680755e+07;1.009545177130482942e+08;1.083717348564143628e+08;1.163253924918326586e+08;1.248534320171027184e+08;1.339963956263687313e+08;1.437975969873168468e+08;1.543033024639201760e+08;1.655629234843462110e+08;1.776292206839610636e+08;1.905585204852405190e+08;2.044109448093968630e+08;2.192506546490399241e+08;2.351461082673585713e+08;2.521703348266567886e+08;2.704012242884081006e+08;2.899218344676890969e+08;3.108207161674480438e+08;3.331922573623588681e+08
3.275150636878595469e+04;3.524027732767226553e+04;3.791809830964437424e+04;4.079932161912923038e+04;4.389938821480733895e+04;4.723491017734791967e+04;5.082375941165124095e+04;5.468516305347646994e+04;5.883980608557988307e+04;6.330994170636241324e+04;6.811951003469992429e+04;7.329426577837958757e+04;7.886191554048226681e+04;8.485226548854474095e+04;9.129738016551571491e+04;9.823175327970010403e+04;1.056924913734171423e+05;1.137195113373153436e+05;1.223557528092044377e+05;1.316474065738800564e+05;1.416441601634641702e+05;1.523994619469839963e+05;1.639708050938299857e+05;1.764200328985061496e+05;1.898136670645542035e+05;2.042232606639422593e+05;2.197257776154651365e+05;2.364040006620708446e+05;2.543469699735125178e+05;2.736504546577456058e+05;2.944174596330028144e+05;3.167587704932972556e+05;3.407935391938269604e+05;3.666499135907973978e+05;3.944657140928515000e+05;4.243891609205593122e+05;4.565796557264217990e+05;4.912086216023652232e+05;5.284604057962712832e+05;5.685332497740703402e+05;6.116403316021109931e+05;6.580108859860032098e+05;7.078914076904248213e+05;7.615469444786760723e+05;8.192624861560052959e+05;8.813444567760083592e+05;9.481223175790625392e+05;1.019950288776654052e+06;1.097209198878642172e+06;1.180308470884189941e+06;1.269688255324965809e+06;1.365821720861963695e+06;1.469217513900576159e+06;1.580422399503760738e+06;1.700024096754689002e+06;1.828654322651386727e+06;1.966992059609327931e+06;2.115767062711643986e+06;2.275763623978414107e+06;2.447824612138823606e+06;2.632855807679485530e+06;2.831830554320881143e+06;3.045794749544422608e+06;3.275872198355508037e+06;3.523270356144581456e+06;3.789286488280345686e+06;4.075314275970884133e+06;4.382850899945634417e+06;4.713504635659882799e+06;5.069002996014075354e+06;5.451201460011364892e+06;5.862092828369733877e+06;6.303817249855841510e+06;6.778672965034684166e+06;7.289127817239915952e+06;7.837831583870755509e+06;8.427629184630790725e+06;9.061574827043730766e+06;9.742947153531711549e+06;1.047526545853380300e+07;1.126230704857645743e+07;1.210812582292201370e+07;1.301707215740389004e+07;1.399381417933553830e+07;1.504336052697909810e+07;1.617108469295722619e+07;1.738275105726942420e+07;1.868454272217073664e+07;2.008309126816724613e+07;2.158550855777058005e+07;2.319942072144396976e+07;2.493300446841566637e+07;2.679502587369670346e+07;2.879488180183637887e+07;3.094264413755462319e+07;3.324910700361260772e+07;3.572583715697098523e+07;3.838522776557371020e+07;4.124055577997447550e+07;4.430604312651280314e+07;4.759692196189420670e+07;5.112950424280112237e+07;5.492125587872830033e+07;5.899087575141218305e+07;6.335837990025845915e+07;6.804519118995407224e+07;7.307423479403561354e+07;7.847003984668309987e+07;8.425884763432274759e+07;9.046872671895132959e+07;9.712969540626385808e+07;1.042738519939605743e+08;1.119355132588542700e+08;1.201513616657222658e+08;1.289606018063677549e+08;1.384051266039079130e+08;1.485296938451428115e+08;1.593821136330085993e+08;1.710134473813339174e+08;1.834782190059598088e+08;1.968346389993080199e+08;2.111448421100934744e+08;2.264751393858332634e+08;2.428962853735734522e+08;2.604837613133093715e+08;2.793180751997075081e+08;2.994850796302427649e+08;3.210763084025168419e+08
3.144246576616033781e+04;3.383182665647741669e+04;3.640269359457075188e+04;3.916884700992888247e+04;4.214511270643415628e+04;4.534744106288974581e+04;4.879299222236027708e+04;5.250022772183562483e+04;5.648900904761462152e+04;6.078070363822462241e+04;6.539829889579262090e+04;7.036652480884536635e+04;7.571198583467445860e+04;8.146330273788639170e+04;8.765126513393205823e+04;9.430899554233667732e+04;1.014721258145491593e+05;1.091789868657934858e+05;1.174708127098697296e+05;1.263919598701094947e+05;1.359901433198430750e+05;1.463166901915105991e+05;1.574268125858690473e+05;1.693799009115571389e+05;1.822398392917696328e+05;1.960753446886162274e+05;2.109603315183511295e+05;2.269743036618948099e+05;2.442027759160926216e+05;2.627377270824937732e+05;2.826780870525883511e+05;3.041302604225124815e+05;3.272086893572650151e+05;3.520364586242986261e+05;3.787459459315225249e+05;4.074795209348087665e+05;4.383902965271453722e+05;4.716429362861756817e+05;5.074145222406618414e+05;5.458954874202831415e+05;5.872906179792742478e+05;6.318201300332017709e+05;6.797208267223044531e+05;7.312473414151761681e+05;7.866734733958792640e+05;8.462936228361093672e+05;9.104243323466208531e+05;9.794059429276998853e+05;1.053604372701820219e+06;1.133413027414518408e+06;1.219254852333938470e+06;1.311584535868838429e+06;1.410890875962792430e+06;1.517699321109660203e+06;1.632574698679492809e+06;1.756124144142407924e+06;1.889000245742583647e+06;2.031904420200165594e+06;2.185590536117415875e+06;2.350868802937068511e+06;2.528609944551788736e+06;2.719749677998192143e+06;2.925293519092488103e+06;3.146321938385096379e+06;3.383995892428819556e+06;3.639562757084009238e+06;3.914362691421451047e+06;4.209835462744601071e+06;4.527527765342005529e+06;4.869101067798826844e+06;5.236340026066862047e+06;5.631161502005053684e+06;6.055624229783934541e+06;6.511939175390156917e+06;7.002480637495360337e+06;7.529798141172372736e+06;8.096629179348308593e+06;8.705912860522765666e+06;9.360804525119697675e+06;1.006469139693060331e+07;1.082120934044126980e+07;1.163426079942414723e+07;1.250803399705076031e+07;1.344702348293666542e+07;1.445605211799614877e+07;1.554029459376434423e+07;1.670530258897101693e+07;1.795703167261671275e+07;1.930187006966079772e+07;2.074666941264820844e+07;2.229877761026699468e+07;2.396607397188838199e+07;2.575700673566888273e+07;2.768063315679002926e+07;2.974666232188824937e+07;3.196550086574896052e+07;3.434830177685104311e+07;3.690701648948586732e+07;3.965445047184101492e+07;4.260432253176365048e+07;4.577132807486420870e+07;4.917120656325970590e+07;5.282081343752532452e+07;5.673819677956343442e+07;6.094267900980308652e+07;6.545494392884344608e+07;7.029712943098413944e+07;7.549292623548083007e+07;8.106768300040891767e+07;8.704851820426157117e+07;9.346443920135703683e+07;1.003464688792940080e+08;1.077277803697662503e+08;1.156438402882612944e+08;1.241325610035208613e+08;1.332344624640897810e+08;1.429928441370610297e+08;1.534539676430514753e+08;1.646672507017549276e+08;1.766854730340645015e+08;1.895649948998127282e+08;2.033659889847524762e+08;2.181526863863835335e+08;2.339936374859112501e+08;2.509619885329978764e+08;2.691357748107656240e+08;2.885982312915492654e+08;3.094381217383595705e+08
3.019248517420166172e+04;3.248691685594180672e+04;3.495565016201387334e+04;3.761191933033063833e+04;4.046996263054884912e+04;4.354509844287252781e+04;4.685380709083623515e+04;5.041381886200184817e+04;5.424420868310867081e+04;5.836549795120683120e+04;6.279976405995127425e+04;6.757075820064899744e+04;7.270403206106131256e+04;7.822707409170354367e+04;8.416945605942189286e+04;9.056299066194810439e+04;9.744190103496488882e+04;1.048430030453268846e+05;1.128059013308706344e+05;1.213732001188415452e+05;1.305907299320320453e+05;1.405077913742918463e+05;1.511774172758231289e+05;1.626566545740459114e+05;1.750068674079448974e+05;1.882940630138015549e+05;2.025892421278703841e+05;2.179687757282617968e+05;2.345148100839120743e+05;2.523157022242133680e+05;2.714664880992952967e+05;2.920693858684961451e+05;3.142343369345726096e+05;3.380795875341637875e+05;3.637323139019787777e+05;3.913292942479738849e+05;4.210176310252536787e+05;4.529555272208734532e+05;4.873131206759912311e+05;5.242733807344829547e+05;5.640330718336625723e+05;6.068037889872732339e+05;6.528130704717884073e+05;7.023055934135784628e+05;7.555444583882397274e+05;8.128125695867663017e+05;8.744141175782872597e+05;9.406761722063289490e+05;1.011950393700615852e+06;1.088614870667659678e+06;1.171076094246771187e+06;1.259771078383826651e+06;1.355169636888776440e+06;1.457776828704211395e+06;1.568135583626944572e+06;1.686829521596914157e+06;1.814485979596471647e+06;1.951779261200142791e+06;2.099434124874450732e+06;2.258229528265045490e+06;2.429002646916662343e+06;2.612653187167860568e+06;2.810148014338618610e+06;3.022526118804851547e+06;3.250903944121397566e+06;3.496481103030249476e+06;3.760546508977104444e+06;4.044484952658356167e+06;4.349784155150587671e+06;4.678042331331438385e+06;5.030976299597439356e+06;5.410430176334609278e+06;5.818384696196373552e+06;6.256967202013828792e+06;6.728462351109544747e+06;7.235323587912891991e+06;7.780185436102124862e+06;8.365876667033098638e+06;8.995434404962997884e+06;9.672119233565527946e+06;1.039943137245289981e+07;1.118112799691138789e+07;1.202124177880339324e+07;1.292410073163328134e+07;1.389434944811012782e+07;1.493697182419393398e+07;1.605731536960510910e+07;1.726111721110081300e+07;1.855453190153800696e+07;1.994416115481915325e+07;2.143708563432194293e+07;2.304089893031195924e+07;2.476374387021816149e+07;2.661435131447215751e+07;2.860208159991717711e+07;3.073696880264299363e+07;3.302976800245034322e+07;3.549200574207004160e+07;3.813603388579593599e+07;4.097508709427649528e+07;4.402334414501620829e+07;4.729599334151422977e+07;5.080930226816578954e+07;5.458069216282905638e+07;5.862881719465885311e+07;6.297364895113403350e+07;6.763656645550733805e+07;7.264045205396874249e+07;7.800979353077512980e+07;8.377079282959656417e+07;8.995148178012125194e+07;9.658184525095115602e+07;1.036939521727114767e+08;1.113220948993545771e+08;1.195029374008694887e+08;1.282756728068311512e+08;1.376821908480146229e+08;1.477672557719360590e+08;1.585786953385528922e+08;1.701676015337932408e+08;1.825885436716516912e+08;1.958997945900206864e+08;2.101635706814963222e+08;2.254462865379827619e+08;2.418188250272049010e+08;2.593568236604261398e+08;2.781409781532200575e+08;2.982573641262370348e+08
2.899858126574718335e+04;3.120233853146014735e+04;3.357351545086912665e+04;3.612482446400482877e+04;3.886994254034814367e+04;4.182358427417530038e+04;4.500158050936250947e+04;4.842096291079472576e+04;5.210005493083645706e+04;5.605856965304774349e+04;6.031771503145877068e+04;6.490030708265593421e+04;6.983089162966472213e+04;7.513587524156129803e+04;8.084366606091297581e+04;8.698482526300316385e+04;9.359222994647042651e+04;1.007012483147184394e+05;1.083499280717351503e+05;1.165791990249240189e+05;1.254330909615862183e+05;1.349589679452948913e+05;1.452077802638175199e+05;1.562343353519237135e+05;1.680975891109521035e+05;1.808609591526932199e+05;1.945926616086316935e+05;2.093660732675057952e+05;2.252601209346773685e+05;2.423597000473988883e+05;2.607561247304746939e+05;2.805476116382768378e+05;3.018398001027894788e+05;3.247463112928258488e+05;3.493893492894336814e+05;3.759003471962502226e+05;4.044206616328795208e+05;4.351023192057837732e+05;4.681088188143335283e+05;5.036159939330574125e+05;5.418129393135990249e+05;5.829030068752962397e+05;6.271048759007779881e+05;6.746537030263871420e+05;7.258023579164582770e+05;7.808227509384730365e+05;8.400072596143657574e+05;9.036702611140180379e+05;9.721497785822704900e+05;1.045809249652843224e+06;1.125039426104828250e+06;1.210260414261071477e+06;1.301923866416565608e+06;1.400515334321446717e+06;1.506556796532657463e+06;1.620609372288497165e+06;1.743276235462696292e+06;1.875205743116328260e+06;2.017094794193932787e+06;2.169692435009287670e+06;2.333803729339141864e+06;2.510293912195789162e+06;2.700092847686259542e+06;2.904199812793531455e+06;3.123688630436802283e+06;3.359713176792600658e+06;3.613513289588362910e+06;3.886421105929086450e+06;4.179867860181423835e+06;4.495391174538492225e+06;4.834642877118628472e+06;5.199397384831680916e+06;5.591560690772692673e+06;6.013179998598658480e+06;6.466454049207052216e+06;6.953744188081249595e+06;7.477586224903655238e+06;8.040703140483819880e+06;8.646018699698543176e+06;9.296672033025814220e+06;9.996033253378286958e+06;1.074772017930904403e+07;1.155561624031141587e+07;1.242388964484193362e+07;1.335701389692557789e+07;1.435978975271698087e+07;1.543736871424993314e+07;1.659527816380388103e+07;1.783944824888281897e+07;1.917624063472683728e+07;2.061247924863684922e+07;2.215548314813419804e+07;2.381310165319021791e+07;2.559375189141508564e+07;2.750645891424378753e+07;2.956089855180945620e+07;3.176744318438414112e+07;3.413721061899759620e+07;3.668211627117821574e+07;3.941492886369354278e+07;4.234932986672524363e+07;4.549997691716774553e+07;4.888257146864722669e+07;5.251393093854600936e+07;5.641206563369227946e+07;6.059626075262795389e+07;6.508716377934682369e+07;6.990687760135000944e+07;7.507905970358633995e+07;8.062902780962443352e+07;8.658387236206561327e+07;9.297257625594811141e+07;9.982614226159691811e+07;1.071777285973519981e+08;1.150627931374621391e+08;1.235192467667839378e+08;1.325876164212094098e+08;1.423112183815995753e+08;1.527363424189487100e+08;1.639124474200045168e+08;1.758923691554480195e+08;1.887325408871297538e+08;2.024932275468007922e+08;2.172387742563704848e+08;2.330378699990169108e+08;2.499638272914072871e+08;2.680948787503126264e+08;2.875144914914567471e+08
2.785792352697545721e+04;2.997504666035480113e+04;3.225301370236168077e+04;3.470403846464322851e+04;3.734126153439190239e+04;4.017882051763247000e+04;4.323192559726742184e+04;4.651694080693650176e+04;5.005147145189245202e+04;5.385445814051191701e+04;5.794627792483548546e+04;6.234885308597621770e+04;6.708576814040698810e+04;7.218239568634540774e+04;7.766603175587751321e+04;8.356604138826180133e+04;8.991401519348690636e+04;9.674393773266530479e+04;1.040923686036506842e+05;1.119986371866576374e+05;1.205050520759974461e+05;1.296571263005624496e+05;1.395038195180214534e+05;1.500977984559001925e+05;1.614957169676092453e+05;1.737585171733239258e+05;1.869517532647416519e+05;2.011459396703660896e+05;2.164169254036244238e+05;2.328462965514067619e+05;2.505218090058304369e+05;2.695378536973575247e+05;2.899959567548831692e+05;3.120053171971389675e+05;3.356833849524183897e+05;3.611564822096177377e+05;3.885604713248630287e+05;4.180414727450947976e+05;4.497566366645360831e+05;4.838749724023464369e+05;5.205782397825478693e+05;5.600619071101231966e+05;6.025361806735604769e+05;6.482271110636432422e+05;6.973777819840541342e+05;7.502495876422532601e+05;8.071236052518737270e+05;8.683020696513167350e+05;9.341099575509736314e+05;1.004896689464443480e+06;1.081037957960753934e+06;1.162937691496787360e+06;1.251030163754798239e+06;1.345782259122899035e+06;1.447695905717328656e+06;1.557310688161175232e+06;1.675206653204916744e+06;1.802007322205079487e+06;1.938382925473881885e+06;2.085053874574878486e+06;2.242794489775715396e+06;2.412437001084855292e+06;2.594875842590169981e+06;2.791072261204869021e+06;3.002059262399986386e+06;3.228946917076095007e+06;3.472928055410344154e+06;3.735284375301459339e+06;4.017392994950174820e+06;4.320733481141299941e+06;4.646895386968974955e+06;4.997586335050489753e+06;5.374640684736015275e+06;5.780028824441472068e+06;6.215867133011408150e+06;6.684428656991271302e+06;7.188154553831541911e+06;7.729666354403755628e+06;8.311779101767268963e+06;8.937515426905618981e+06;9.610120626176351681e+06;1.033307880947779678e+07;1.111013019266549312e+07;1.194528961255601794e+07;1.284286634794447757e+07;1.380748533546832763e+07;1.484410987486325204e+07;1.595806592422624305e+07;1.715506809231726080e+07;1.844124744171999395e+07;1.982318122387785837e+07;2.130792467461670563e+07;2.290304500681764260e+07;2.461665774537596107e+07;2.645746555858421326e+07;2.843479974953612685e+07;3.055866458115612715e+07;3.283978461902669817e+07;3.528965528730549663e+07;3.792059684477191418e+07;4.074581200042967498e+07;4.377944740109946579e+07;4.703665923718602955e+07;5.053368322725436836e+07;5.428790925725561380e+07;5.831796096624109894e+07;6.264378058721031249e+07;6.728671936947031319e+07;7.226963392739039660e+07;7.761698888002592325e+07;8.335496616651126742e+07;8.951158144368763268e+07;9.611680799492464960e+07;1.032027086028664410e+08;1.108035758635284752e+08;1.189560814452814311e+08;1.276994348234600574e+08;1.370755520499082804e+08;1.471292351466876268e+08;1.579083627443888485e+08;1.694640926183750033e+08;1.818510768104778826e+08;1.951276900595072210e+08;2.093562723014574349e+08;2.246033860395746231e+08;2.409400894252013266e+08;2.584422259334587753e+08;2.771907315622922778e+08
2.676782703070434945e+04;2.880215282043983098e+04;3.099103760300695649e+04;3.334621856940189900e+04;3.588032359334603825e+04;3.860693874739525199e+04;4.154068092843025806e+04;4.469727597821014933e+04;4.809364271364382148e+04;5.174798331265330489e+04;5.567988053494266205e+04;5.991040229302192165e+04;6.446221412750057061e+04;6.935970018221717328e+04;7.462909331947051396e+04;8.029861506355385063e+04;8.639862611238739919e+04;9.296178821239458921e+04;1.000232382513122866e+05;1.076207754874711245e+05;1.157950629027848627e+05;1.245898437404179422e+05;1.340521743672356533e+05;1.442326746862014697e+05;1.551857974153095565e+05;1.669701176474406384e+05;1.796486442111229990e+05;1.932891544648812560e+05;2.079645542794845533e+05;2.237532650923511537e+05;2.407396400583800569e+05;2.590144114713472954e+05;2.786751717910242151e+05;2.998268907839328167e+05;3.225824714708920801e+05;3.470633477734935004e+05;3.734001269646165310e+05;4.017332802571372013e+05;4.322138851100136526e+05;4.650044230941961287e+05;5.002796374425971881e+05;5.382274547108107945e+05;5.790499752994618611e+05;6.229645379359516082e+05;6.702048635862033116e+05;7.210222846650326392e+05;7.756870658417444210e+05;8.344898231945910957e+05;8.977430489579680143e+05;9.657827496311034774e+05;1.038970205778642092e+06;1.117693862455137074e+06;1.202371359828900779e+06;1.293451714268968208e+06;1.391417660897368565e+06;1.496788169394225348e+06;1.610121145689158235e+06;1.732016333071310073e+06;1.863118427214778727e+06;2.004120420645673061e+06;2.155767193276645616e+06;2.318859366810810752e+06;2.494257442071453203e+06;2.682886239654993638e+06;2.885739665733813308e+06;3.103885826365063433e+06;3.338472515288070776e+06;3.590733101933660917e+06;3.861992848218194209e+06;4.153675684675872326e+06;4.467311478584143333e+06;4.804543828983889893e+06;5.167138425883459859e+06;5.556992013484098949e+06;5.976141999969985336e+06;6.426776759291616268e+06;6.911246673438977450e+06;7.432075966961037368e+06;7.991975388958099298e+06;8.593855801461149007e+06;9.240842737024370581e+06;9.936291992522642016e+06;1.068380633055641875e+07;1.148725336455688998e+07;1.235078470865868405e+07;1.327885647867734544e+07;1.427625123612212017e+07;1.534810147310393304e+07;1.649991474227174371e+07;1.773760054255930334e+07;1.906749907856637985e+07;2.049641201883760467e+07;2.203163538619223982e+07;2.368099472156947851e+07;2.545288267167762294e+07;2.735629916002404317e+07;2.940089431072716042e+07;3.159701430489185452e+07;3.395575036026509851e+07;3.648899103643880785e+07;3.920947808004900813e+07;4.213086603723087907e+07;4.526778587415344268e+07;4.863591286064735800e+07;5.225203898699446023e+07;5.613415019968321919e+07;6.030150875856248289e+07;6.477474103529858589e+07;6.957593109139367938e+07;7.472872039329473674e+07;8.025841404246227443e+07;8.619209391948620975e+07;9.255873916371861100e+07;9.938935443337427080e+07;1.067171064156202972e+08;1.145774690820037127e+08;1.230083782116246819e+08;1.320503957328301817e+08;1.417468844639474452e+08;1.521441938645819426e+08;1.632918574418399036e+08;1.752428024897068441e+08;1.880535728756544292e+08;2.017845656260119677e+08;2.165002821005081832e+08;2.322695945874963999e+08;2.491660291940374076e+08;2.672680659497452080e+08
2.572574553728587853e+04;2.768091777072084369e+04;2.978464030606958477e+04;3.204819461916553337e+04;3.448371835396888491e+04;3.710427023018903128e+04;3.992389986378639151e+04;4.295772287130024779e+04;4.622200165685857064e+04;4.973423231070632755e+04;5.351323808032998932e+04;5.757926990990148624e+04;6.195411458098444564e+04;6.666121102743377560e+04;7.172577544044323440e+04;7.717493582585662080e+04;8.303787672548115370e+04;8.934599486747052288e+04;9.613306656815053429e+04;1.034354277691080206e+05;1.112921676595831814e+05;1.197453369051032496e+05;1.288401715796057688e+05;1.386253339801547700e+05;1.491531715913910884e+05;1.604799955611654150e+05;1.726663801503224531e+05;1.857774847285045544e+05;1.998834000045729917e+05;2.150595203059273190e+05;2.313869438556125970e+05;2.489529031406139839e+05;2.678512276199796470e+05;2.881828411879492924e+05;3.100562969857752905e+05;3.335883523477116250e+05;3.589045868723128224e+05;3.861400668306350708e+05;4.154400593596458202e+05;4.469608001428002608e+05;4.808703185517768725e+05;5.173493245152665186e+05;5.565921616931189783e+05;5.988078318696025526e+05;6.442210958388918079e+05;6.930736564402973745e+05;7.456254298144129571e+05;8.021559113916573115e+05;8.629656435999745736e+05;9.283777927834030706e+05;9.987398433680904564e+05;1.074425417891609482e+06;1.155836232135191560e+06;1.243404195263350150e+06;1.337593665588336531e+06;1.438903873338620178e+06;1.547871522627002792e+06;1.665073585684722289e+06;1.791130303361434257e+06;1.926708406886555953e+06;2.072524576953790849e+06;2.229349157328501809e+06;2.398010141393367201e+06;2.579397451346868649e+06;2.774467531156091020e+06;2.984248275846208911e+06;3.209844321287208702e+06;3.452442720328398049e+06;3.713319032924289815e+06;3.993843859819147736e+06;4.295489851398225874e+06;4.619839225494119339e+06;4.968591830261736177e+06;5.343573790703346953e+06;5.746746780067611486e+06;6.180217960142184980e+06;6.646250637451739982e+06;7.147275685544877313e+06;7.685903786928781308e+06;8.264938551809960976e+06;8.887390574602456763e+06;9.556492493235990405e+06;1.027571512058832869e+07;1.104878472195222415e+07;1.187970151729297265e+07;1.277275949220869876e+07;1.373256760696212947e+07;1.476407249875334837e+07;1.587258277852848731e+07;1.706379503014197573e+07;1.834382162655533850e+07;1.971922048506561294e+07;2.119702689127040282e+07;2.278478752962388471e+07;2.449059686709968373e+07;2.632313604557350650e+07;2.829171444820042700e+07;3.040631411524101347e+07;3.267763719553088024e+07;3.511715663116838038e+07;3.773717028493541479e+07;4.055085873262085766e+07;4.357234695571827143e+07;4.681677018399702758e+07;5.030034415224362165e+07;5.404044005101511627e+07;5.805566446763585508e+07;6.236594463092205673e+07;6.699261929124678671e+07;7.195853558661024272e+07;7.728815226546196640e+07;8.300764965806327760e+07;8.914504681028842926e+07;9.573032621703951061e+07;1.027955666167823374e+08;1.103750843343757391e+08;1.185055836861183196e+08;1.272263169891948700e+08;1.365792547471219599e+08;1.466092666138040423e+08;1.573643137712284625e+08;1.688956533896281123e+08;1.812580558747943044e+08;1.945100356440805793e+08;2.087140962119507194e+08;2.239369904063849449e+08;2.402499965803683996e+08;2.577292117271422446e+08
2.472926490372145054e+04;2.660874436340837201e+04;2.863102780914734831e+04;3.080696086158349863e+04;3.314821229449548264e+04;3.566733644673985691e+04;3.837784035901889001e+04;4.129425599229530781e+04;4.443221791158040287e+04;4.780854684763405385e+04;5.144133958018751582e+04;5.535006561958260136e+04;5.955567119962524885e+04;6.408069113289376401e+04;6.894936912116981694e+04;7.418778715808455308e+04;7.982400470890534052e+04;8.588820840364324977e+04;9.241287303493428044e+04;9.943293471123238851e+04;1.069859770796963130e+05;1.151124316013679199e+05;1.238557929347767058e+05;1.332628505629612191e+05;1.433839378835908137e+05;1.542732000729205029e+05;1.659888821319508133e+05;1.785936386280731240e+05;1.921548667581895716e+05;2.067450644801000017e+05;2.224422155888769485e+05;2.393302037542315375e+05;2.574992576844657597e+05;2.770464297430298757e+05;2.980761105161325540e+05;3.207005820144783356e+05;3.450406123906251742e+05;3.712260952661869233e+05;3.993967369912381982e+05;4.297027954032340785e+05;4.623058739148075110e+05;4.973797750419662916e+05;5.351114177854259033e+05;5.757018236015269067e+05;6.193671760461690137e+05;6.663399595468095504e+05;7.168701831557287369e+05;7.712266955648792209e+05;8.296985981196200009e+05;8.925967630586825544e+05;9.602554647319165524e+05;1.033034132109459955e+06;1.111319231497128494e+06;1.195526289016590687e+06;1.286102063097991049e+06;1.383526877969730180e+06;1.488317129919653060e+06;1.601027978944288800e+06;1.722256239306800300e+06;1.852643483488098020e+06;1.992879375046978472e+06;2.143705247008646838e+06;2.305917943578063510e+06;2.480373944233538583e+06;2.667993790599457920e+06;2.869766837934321258e+06;3.086756354600375984e+06;3.320104994517794810e+06;3.571040669352378231e+06;3.840882849045431241e+06;4.131049321280920878e+06;4.443063442603183910e+06;4.778561916151679121e+06;5.139303133385827765e+06;5.527176119734161533e+06;5.944210126827420667e+06;6.392584916881398298e+06;6.874641787884132005e+06;7.392895391530836001e+06;7.950046399347243831e+06;8.548995076159950346e+06;9.192855824027411640e+06;9.884972763939971104e+06;1.062893642706536502e+07;1.142860163204747625e+07;1.228810662989607640e+07;1.321189360334362648e+07;1.420473061319878884e+07;1.527173509023129381e+07;1.641839897748554498e+07;1.765061563464922458e+07;1.897470862325350940e+07;2.039746249903112277e+07;2.192615574576134607e+07;2.356859599338646233e+07;2.533315767213924229e+07;2.722882226388489082e+07;2.926522132186761498e+07;3.145268244062395394e+07;3.380227836897222698e+07;3.632587947075828910e+07;3.903620975047801435e+07;4.194690667394754291e+07;4.507258502809183300e+07;4.842890507838468999e+07;5.203264529790423810e+07;5.590177995804359764e+07;6.005556188801006973e+07;6.451461072806496918e+07;6.930100702035979927e+07;7.443839250099813938e+07;7.995207697777847946e+07;8.586915219998843968e+07;9.221861314958079159e+07;9.903148720723164082e+07;1.063409716721498221e+08;1.141825801411149651e+08;1.225942982801319361e+08;1.316167495513873994e+08;1.412933714889668226e+08;1.516706031489188671e+08;1.627980843930442333e+08;1.747288677011399269e+08;1.875196432435167134e+08;2.012309779842757285e+08;2.159275696266326904e+08;2.316785162539170086e+08;2.485576025644174218e+08
2.377609678317678845e+04;2.558317076810095023e+04;2.752755166730560813e+04;2.961966811478039381e+04;3.187074030768450393e+04;3.429284002984700055e+04;3.689895522005145904e+04;3.970305942842808872e+04;4.272018653015156451e+04;4.596651109340265975e+04;4.945943482843480888e+04;5.321767957665681024e+04;5.726138733317769947e+04;6.161222783329713275e+04;6.629351427327752754e+04;7.133032777855799941e+04;7.674965127857950574e+04;8.258051349676899554e+04;8.885414381744235288e+04;9.560413884836038051e+04;1.028666415590096294e+05;1.106805339405585255e+05;1.190876442041714763e+05;1.281329696103153401e+05;1.378649161033793935e+05;1.483355560135427804e+05;1.596009051819692540e+05;1.717212209664946131e+05;1.847613226935461280e+05;1.987909362385197019e+05;2.138850645420355140e+05;2.301243860037553823e+05;2.475956828396426572e+05;2.663923016432927107e+05;2.866146485581118031e+05;3.083707216452223365e+05;3.317766832233521855e+05;3.569574751621005125e+05;3.840474803301208303e+05;4.131912336358778994e+05;4.445441863519071485e+05;4.782735276853065589e+05;5.145590678480294882e+05;5.535941871935052332e+05;5.955868563202543883e+05;6.407607324025878916e+05;6.893563373928671936e+05;7.416323241520555457e+05;7.978668370071270037e+05;8.583589737068765098e+05;9.234303562548903283e+05;9.934268186407709727e+05;1.068720220072625205e+06;1.149710392936033197e+06;1.236827235370579641e+06;1.330532959068846656e+06;1.431324503665224882e+06;1.539736129898957908e+06;1.656342204608199885e+06;1.781760191547235008e+06;1.916653863016683608e+06;2.061736748364414787e+06;2.217775836556315888e+06;2.385595551235714927e+06;2.566082017992503475e+06;2.760187644954295363e+06;2.968936039300144184e+06;3.193427283879725263e+06;3.434843599818455521e+06;3.694455422793074977e+06;3.973627922590218484e+06;4.273827997617096640e+06;4.596631778223278932e+06;4.943732675032236613e+06;5.316950010965426452e+06;5.718238278299740516e+06;6.149697064920324832e+06;6.613581696936085820e+06;7.112314648032040335e+06;7.648497769330913201e+06;8.224925397163720801e+06;8.844598399999139830e+06;9.510739229876123369e+06;1.022680804803171381e+07;1.099651999904582836e+07;1.182386371272137202e+07;1.271312111813759431e+07;1.366888865983527526e+07;1.469610001196631789e+07;1.580005039243953675e+07;1.698642258571664616e+07;1.826131478986435756e+07;1.963127041088806465e+07;2.110330993520432711e+07;2.268496501938898861e+07;2.438431494512970001e+07;2.621002559656904265e+07;2.817139112705795094e+07;3.027837849268537760e+07;3.254167504093511775e+07;3.497273935433129966e+07;3.758385556123566628e+07;4.038819133874864131e+07;4.339985984634810686e+07;4.663398584316897392e+07;5.010677625699365139e+07;5.383559548889390379e+07;5.783904575431585312e+07;6.213705277895628661e+07;6.675095718648768216e+07;7.170361193466821313e+07;7.701948617698186636e+07;8.272477594861586392e+07;8.884752209829814732e+07;9.541773591141428053e+07;1.024675328949929029e+08;1.100312752214403301e+08;1.181457233556503803e+08;1.268501974191403538e+08;1.361867488753335476e+08;1.462003431521500051e+08;1.569390538514893949e+08;1.684542692304286063e+08;1.808009116757387817e+08;1.940376709319669902e+08;2.082272518836525083e+08;2.234366377347361743e+08;2.397373694724176824e+08
2.286407259859006808e+04;2.460186399060493932e+04;2.647170202293128023e+04;2.848361627151169159e+04;3.064839763979836425e+04;3.297765609575327835e+04;3.548388278122434713e+04;3.818051682409080240e+04;4.108201720845007367e+04;4.420394008487989777e+04;4.756302193155090208e+04;5.117726900786183978e+04;5.506605357551154157e+04;5.925021739756980969e+04;6.375218306452572870e+04;6.859607373749715043e+04;7.380784194307361031e+04;7.941540810190608317e+04;8.544880952429427998e+04;9.194036066099051095e+04;9.892482545647243387e+04;1.064396027154364710e+05;1.145249254613288213e+05;1.232240753390503814e+05;1.325836131924857327e+05;1.426536270321305201e+05;1.534879986986200965e+05;1.651446906255424256e+05;1.776860542094919947e+05;1.911791614075283287e+05;2.056961613030959852e+05;2.213146635105784517e+05;2.381181504280534864e+05;2.561964204967425903e+05;2.756460647859281744e+05;2.965709793940234231e+05;3.190829163408949971e+05;3.433020758244397002e+05;3.693577429269489367e+05;3.973889720843816758e+05;4.275453228762530489e+05;4.599876509559749393e+05;4.948889582225154154e+05;5.324353066358746728e+05;5.728268004017968196e+05;6.162786415984070627e+05;6.630222646878464147e+05;7.133065557551999809e+05;7.673991627431570087e+05;8.255879034078863915e+05;8.881822782118745381e+05;9.555150958939923439e+05;1.027944220018709078e+06;1.105854445408476749e+06;1.189659514007535530e+06;1.279804280415176414e+06;1.376767038064239779e+06;1.481062017811176134e+06;1.593242071549193701e+06;1.713901554359266069e+06;1.843679419682342792e+06;1.983262543027945794e+06;2.133389290842615068e+06;2.294853352339681704e+06;2.468507853357376065e+06;2.655269772660401650e+06;2.856124682539802045e+06;3.072131837105437182e+06;3.304429633309205063e+06;3.554241471488091629e+06;3.822882044089178555e+06;4.111764083234101068e+06;4.422405599908416159e+06;4.756437649832826108e+06;5.115612663491738029e+06;5.501813380373064429e+06;5.917062430220491253e+06;6.363532607024237514e+06;6.843557884593212046e+06;7.359645225863542408e+06;7.914487241629338823e+06;8.510975758134013042e+06;9.152216356947245076e+06;9.841543954800022766e+06;1.058253949555323459e+07;1.137904783127035201e+07;1.223519687443867512e+07;1.315541810879938118e+07;1.414446855195809901e+07;1.520745426903812960e+07;1.634985554308189452e+07;1.757755381472973526e+07;1.889686051096047089e+07;2.031454789033581316e+07;2.183788204032314569e+07;2.347465817085549980e+07;2.523323835740542412e+07;2.712259189645015821e+07;2.915233844639990106e+07;3.133279413780282065e+07;3.367502084801049531e+07;3.619087884749384224e+07;3.889308303765444458e+07;4.179526301337566227e+07;4.491202719764691591e+07;4.825903131048187613e+07;5.185305145005135238e+07;5.571206208046539128e+07;5.985531923807352036e+07;6.430344928649682552e+07;6.907854356990933418e+07;7.420425933441054821e+07;7.970592730873483419e+07;8.561066635800401866e+07;9.194750564789314568e+07;9.874751478141294420e+07;1.060439423966550827e+08;1.138723637412331402e+08;1.222708377679391503e+08;1.312800743264621645e+08;1.409436120575689673e+08;1.513080076296079159e+08;1.624230369919682741e+08;1.743419093567681909e+08;1.871214946584659517e+08;2.008225652812134326e+08;2.155100528859159946e+08;2.312533212131526470e+08
2.199113777546595156e+04;2.366261367038381286e+04;2.546110093510444131e+04;2.739624712527109659e+04;2.947843217563590952e+04;3.171882394747963554e+04;3.412943798326842807e+04;3.672320178652704635e+04;3.951402396888059593e+04;4.251686863197469211e+04;4.574783537966207950e+04;4.922424538560007932e+04;5.296473397339462826e+04;5.698935020079650712e+04;6.131966397640603827e+04;6.597888127705254010e+04;7.099196807668588008e+04;7.638578364348127798e+04;8.218922391110727040e+04;8.843337568310460483e+04;9.515168248615441553e+04;1.023801229492108687e+05;1.101574026510454714e+05;1.185251604493776395e+05;1.275281903805057227e+05;1.372146802997732884e+05;1.476364685205815767e+05;1.588493198036188842e+05;1.709132221488000068e+05;1.838927059506617661e+05;1.978571871942996513e+05;2.128813364936749276e+05;2.290454759083330864e+05;2.464360056182341941e+05;2.651458626910907333e+05;2.852750143421879038e+05;3.069309882647773484e+05;3.302294427999035106e+05;3.552947799195952830e+05;3.822608042170283734e+05;4.112714313332214952e+05;4.424814495028012898e+05;4.760573381727755768e+05;5.121781479391536559e+05;5.510364463584849145e+05;5.928393345261460636e+05;6.378095396715111565e+05;6.861865894051658688e+05;7.382280736655715154e+05;7.942110008536686655e+05;8.544332551180849550e+05;9.192151622602058342e+05;9.889011722715172218e+05;1.063861667098006699e+06;1.144494902848657221e+06;1.231229096332751215e+06;1.324524666524799075e+06;1.424876642319484148e+06;1.532817248758587753e+06;1.648918684784628451e+06;1.773796106514934683e+06;1.908110831028755987e+06;2.052573776731942315e+06;2.207949157508569770e+06;2.375058449091721326e+06;2.554784647393053398e+06;2.748076839928947855e+06;2.955955112971810624e+06;3.179515818649463356e+06;3.419937227916428819e+06;3.678485597136967350e+06;3.956521677958998363e+06;4.255507702221101150e+06;4.577014875847719610e+06;4.922731418029073626e+06;5.294471184498076327e+06;5.694182916380213574e+06;6.123960158944076858e+06;6.586051897604441270e+06;7.082873961764719337e+06;7.617021250514893793e+06;8.191280837855902500e+06;8.808646019017834216e+06;9.472331363562673330e+06;1.018578884536682814e+07;1.095272512424924783e+07;1.177712005896895938e+07;1.266324653659263626e+07;1.361569170882769302e+07;1.463937973185008392e+07;1.573959611246293224e+07;1.692201377010349929e+07;1.819272093129448593e+07;1.955825098064992577e+07;2.102561440049760044e+07;2.260233293959531561e+07;2.429647616035840288e+07;2.611670052341029420e+07;2.807229117830028012e+07;3.017320663974808156e+07;3.243012653995302320e+07;3.485450265928784758e+07;3.745861345016870648e+07;4.025562228200315684e+07;4.325963964906098694e+07;4.648578959769284725e+07;4.995028064482864738e+07;5.367048147593184561e+07;5.766500172778912634e+07;6.195377817958001792e+07;6.655816669475165009e+07;7.150104027624806762e+07;7.680689361881816387e+07;8.250195456429143250e+07;8.861430288910777867e+07;9.517399687799414992e+07;1.022132081634507179e+08;1.097663653379306942e+08;1.178703068740814030e+08;1.265644439183577299e+08;1.358909335548451841e+08;1.458948631690256596e+08;1.566244465760050118e+08;1.681312326138625443e+08;1.804703269411827624e+08;1.937006278174569905e+08;2.078850766872218847e+08;2.230909244325031340e+08
2.115534622026108627e+04;2.276332614203022968e+04;2.449349599278511960e+04;2.635513750149153930e+04;2.835823705152059119e+04;3.051353913066918176e+04;3.283260383015948901e+04;3.532786869873396063e+04;3.801271528101552394e+04;4.090154069410394732e+04;4.400983462306814181e+04;4.735426214459336188e+04;5.095275281891909253e+04;5.482459652325163188e+04;5.899054653547483031e+04;6.347293041517136589e+04;6.829576927015712135e+04;7.348490604079722834e+04;7.906814348198415246e+04;8.507539257348953106e+04;9.153883214443048928e+04;9.849308055628146394e+04;1.059753803522789240e+05;1.140257968489905616e+05;1.226874317188517307e+05;1.320066526909323293e+05;1.420333405814932776e+05;1.528211549563154404e+05;1.644278198241060600e+05;1.769154308646145510e+05;1.903507858072088857e+05;2.048057396960410115e+05;2.203575869072529895e+05;2.370894719222605054e+05;2.550908310104233096e+05;2.744578671339795110e+05;2.952940605600662529e+05;3.177107178486474440e+05;3.418275620830214466e+05;3.677733674216481741e+05;3.956866412776169600e+05;4.257163576763204182e+05;4.580227456039278768e+05;4.927781364399809972e+05;5.301678748691035435e+05;5.703912979895792669e+05;6.136627876836940413e+05;6.602129016850440530e+05;7.102895891778619261e+05;7.641594971885706764e+05;8.221093744883086765e+05;8.844475802150126547e+05;9.515057049482838484e+05;1.023640312533713179e+06;1.101234811554695247e+06;1.184701465996126179e+06;1.274483555334045319e+06;1.371057695025930880e+06;1.474936329166824464e+06;1.586670407924563158e+06;1.706852263273006072e+06;1.836118697512158426e+06;1.975154300100900698e+06;2.124695009437204339e+06;2.285531937406045850e+06;2.458515475782439578e+06;2.644559704931973014e+06;2.844647126697619446e+06;3.059833744906202424e+06;3.291254518582051620e+06;3.540129214713184163e+06;3.807768689300024882e+06;4.095581627422173508e+06;4.405081775202997960e+06;4.737895698832768947e+06;5.095771108250400051e+06;5.480585785678900778e+06;5.894357161978018470e+06;6.339252586725265719e+06;6.817600341077439487e+06;7.331901445811676793e+06;7.884842320498722605e+06;8.479308353554232046e+06;9.118398446944557130e+06;9.805440603605404496e+06;1.054400863018697128e+07;1.133794003259070963e+07;1.219135518689543381e+07;1.310867787374481745e+07;1.409465727006118000e+07;1.515439149811586365e+07;1.629335283851415291e+07;1.751741472057957202e+07;1.883288061097899452e+07;2.024651492919945717e+07;2.176557612675362453e+07;2.339785207571258768e+07;2.515169792142773047e+07;2.703607656407599524e+07;2.906060194403897971e+07;3.123558531706034020e+07;3.357208471670863032e+07;3.608195781392567605e+07;3.877791839633644372e+07;4.167359670366673172e+07;4.478360387003617734e+07;4.812360073906153440e+07;5.171037133378189057e+07;5.556190128032551706e+07;5.969746150205772370e+07;6.413769751974315941e+07;6.890472471307365596e+07;7.402222991971810162e+07;7.951557977003014088e+07;8.541193617863629758e+07;9.174037943839290738e+07;9.853203938780981302e+07;1.058202351498488933e+08;1.136406239682683349e+08;1.220313596973523051e+08;1.310332615320178121e+08;1.406899935980430841e+08;1.510482560564804971e+08;1.621579884124156237e+08;1.740725857560419440e+08;1.868491287037133574e+08;2.005486278483159244e+08;2.152362835718138218e+08
2.035485503200881067e+04;2.190201874747261900e+04;2.356675419755799521e+04;2.535799267850770775e+04;2.728534357976271713e+04;2.935914582422665990e+04;3.159052320583527035e+04;3.399144391916185123e+04;3.657478459795672825e+04;3.935439920345436258e+04;4.234519312892019661e+04;4.556320291453105165e+04;4.902568199637380167e+04;5.275119294519149844e+04;5.675970668484274211e+04;6.107270921725333756e+04;6.571331642026944610e+04;7.070639752732544730e+04;7.607870794367235794e+04;8.185903210297133774e+04;8.807833712095452938e+04;9.476993805952530238e+04;1.019696756757588882e+05;1.097161075956729037e+05;1.180507139231099572e+05;1.270181183696353837e+05;1.366663260726470326e+05;1.470469793560623657e+05;1.582156327817735728e+05;1.702320489405982080e+05;1.831605165397032979e+05;1.970701924593885196e+05;2.120354695769347309e+05;2.281363722889221972e+05;2.454589818072706985e+05;2.640958934583305381e+05;2.841467083800851251e+05;3.057185621902990970e+05;3.289266933889896609e+05;3.538950544635884580e+05;3.807569688847131329e+05;4.096558374160566018e+05;4.407458974150741706e+05;4.741930390721723088e+05;5.101756828270472470e+05;5.488857225132163148e+05;5.905295391160659492e+05;6.353290903886493761e+05;6.835230819545728154e+05;7.353682259389396058e+05;7.911405936113275820e+05;8.511370689974729903e+05;9.156769109248566674e+05;9.851034315107739531e+05;1.059785799683956662e+06;1.140120978955208091e+06;1.226535809320760658e+06;1.319489243896879489e+06;1.419474751651511528e+06;1.527022898416997166e+06;1.642704119247394148e+06;1.767131696120371576e+06;1.900964955990736606e+06;2.044912705273758154e+06;2.199736917988440488e+06;2.366256696016723290e+06;2.545352521247949451e+06;2.737970820782640949e+06;2.945128867865131237e+06;3.167920042820222210e+06;3.407519479976273142e+06;3.665190128383011557e+06;3.942289256084546447e+06;4.240275429784219712e+06;4.560716003959879279e+06;4.905295155855473131e+06;5.275822505296790972e+06;5.674242360973475501e+06;6.102643637694384903e+06;6.563270492182981223e+06;7.058533728228846565e+06;7.591023025485130958e+06;8.163520049882729538e+06;8.779012507565446198e+06;9.440709208426522091e+06;1.015205620976302028e+07;1.091675411530045234e+07;1.173877660984764248e+07;1.262239031518303603e+07;1.357217605844061077e+07;1.459305165027081780e+07;1.569029627644591220e+07;1.686957661335096136e+07;1.813697478498108312e+07;1.949901828669939935e+07;2.096271200906681269e+07;2.253557250363141671e+07;2.422566464161126688e+07;2.604164082601208612e+07;2.799278292787349224e+07;3.008904712808048353e+07;3.234111185754772276e+07;3.476042904060244560e+07;3.735927885907740146e+07;4.015082826806280017e+07;4.314919350842127949e+07;4.636950687614066899e+07;4.982798802438479662e+07;5.354202009075278044e+07;5.753023095984848589e+07;6.181257998975501209e+07;6.641045055054876953e+07;7.134674874355739355e+07;7.664600869170020521e+07;8.233450481409360468e+07;8.844037152207732201e+07;9.499373079907666147e+07;1.020268281533306390e+08;1.095741774603549093e+08;1.176727152414728105e+08;1.263619649555768073e+08;1.356842119136543274e+08;1.456846894597640932e+08;1.564117770978231132e+08;1.679172112811456621e+08;1.802563096210294664e+08;1.934882093120897412e+08;2.076761206153196096e+08
1.958791943592193638e+04;2.107681438683782108e+04;2.267885610293058926e+04;2.440264008433563868e+04;2.625741446962420378e+04;2.825312954968595295e+04;3.040049103351091617e+04;3.271101734964260322e+04;3.519710128848155000e+04;3.787207631360679807e+04;4.075028789504697488e+04;4.384717024399759248e+04;4.717932885707879177e+04;5.076462930896802573e+04;5.462229276523736917e+04;5.877299872275589587e+04;6.323899552317535563e+04;6.804421922601148253e+04;7.321442147190957621e+04;7.877730701407343440e+04;8.476268164672098646e+04;9.120261131412547547e+04;9.813159324257387198e+04;1.055867400007724646e+05;1.136079774619879317e+05;1.222382577141987713e+05;1.315237880428307690e+05;1.415142771946600988e+05;1.522632002220712893e+05;1.638280833036000258e+05;1.762708100412535423e+05;1.896579508468186250e+05;2.040611171497141186e+05;2.195573422879553400e+05;2.362294910825709812e+05;2.541667002444112150e+05;2.734648519222265459e+05;2.942270828722905717e+05;3.165643319140873500e+05;3.405959285339144990e+05;3.664502257104325690e+05;3.942652802638816065e+05;4.241895842743485118e+05;4.563828513769012061e+05;4.910168620220646844e+05;5.282763720915846061e+05;5.683600895826285705e+05;6.114817244202444563e+05;6.578711168296198593e+05;7.077754500979622826e+05;7.614605539833155926e+05;8.192123054852447240e+05;8.813381341831817990e+05;9.481686398738620337e+05;1.020059330803039717e+06;1.097392491389819887e+06;1.180579188988315174e+06;1.270061429923935328e+06;1.366314475782969734e+06;1.469849331726811593e+06;1.581215419452638831e+06;1.701003448330770480e+06;1.829848499221736798e+06;1.968433336516703246e+06;2.117491965057746973e+06;2.277813449785098899e+06;2.450246017230262049e+06;2.635701459334995598e+06;2.835159861529641319e+06;3.049674678556710482e+06;3.280378183187405113e+06;3.528487314747069031e+06;3.795309956262996420e+06;4.082251671061198227e+06;4.390822931802324019e+06;4.722646877239836380e+06;5.079467634440802969e+06;5.463159246827154420e+06;5.875735251178889535e+06;6.319358949721318670e+06;6.796354426576948725e+06;7.309218361248430796e+06;7.860632695376910269e+06;8.453478212860908359e+06;9.090849097479471937e+06;9.776068536500480026e+06;1.051270544335987046e+07;1.130459237739501894e+07;1.215584474382149614e+07;1.307088136267276481e+07;1.405444650129875541e+07;1.511163347125908919e+07;1.624790989706537500e+07;1.746914477125632390e+07;1.878163741774682328e+07;2.019214849328375235e+07;2.170793316523665562e+07;2.333677661281725019e+07;2.508703200822092965e+07;2.696766114416157827e+07;2.898827788478448987e+07;3.115919462811616063e+07;3.349147197999069840e+07;3.599697185187524557e+07;3.868841420820113271e+07;4.157943770272023976e+07;4.468466445814554393e+07;4.801976925885839015e+07;5.160155344283895195e+07;5.544802379633595049e+07;5.957847677296101302e+07;6.401358837822052836e+07;6.877551008069528639e+07;7.388797113252563775e+07;7.937638770430523157e+07;8.526797926323240995e+07;9.159189264830382168e+07;9.837933432260526717e+07;1.056637113103457391e+08;1.134807813553750366e+08;1.218688128684556931e+08;1.308687552626269460e+08;1.405244203098191619e+08;1.508826751871896088e+08;1.619936479190196395e+08;1.739109459589202702e+08;1.866918886982555985e+08;2.003977547296530902e+08
1.885288792875370200e+04;2.028593629697958386e+04;2.182789019840426045e+04;2.348702325657640540e+04;2.527223733113486742e+04;2.719311018464009612e+04;2.925994676184074342e+04;3.148383435466385708e+04;3.387670194681263092e+04;3.645138405404332298e+04;3.922168940001579904e+04;4.220247479321707942e+04;4.540972459802520461e+04;4.886063622257038514e+04;5.257371207787124149e+04;5.656885849694542412e+04;6.086749213936421438e+04;6.549265444622474024e+04;7.046913475302470033e+04;7.582360271352130803e+04;8.158475073679277557e+04;8.778344719235511729e+04;9.445290119492473605e+04;1.016288398412266833e+05;1.093496988367266022e+05;1.176568275203439698e+05;1.265947093708468747e+05;1.362111991596007720e+05;1.465577780015782919e+05;1.576898276500903885e+05;1.696669254812686704e+05;1.825531617222327041e+05;1.964174805929341819e+05;2.113340471561515587e+05;2.273826418038237025e+05;2.446490844514481141e+05;2.632256906666420400e+05;2.832117621230796212e+05;3.047141139490977512e+05;3.278476417305485811e+05;3.527359311325302697e+05;3.795119133238910581e+05;4.083185696244444116e+05;4.393096890473772073e+05;4.726506826810456696e+05;5.085194591450811131e+05;5.471073656680658460e+05;5.886201996689727530e+05;6.332792960835905978e+05;6.813226960619866150e+05;7.330064030765526695e+05;7.886057329216884682e+05;8.484167645617368398e+05;9.127578992911452660e+05;9.819715362161997473e+05;1.056425872651367914e+06;1.136516838647990953e+06;1.222670175543782767e+06;1.315343669137970544e+06;1.415029548865168123e+06;1.522257065163838677e+06;1.637595258114509052e+06;1.761655931365439901e+06;1.895096846370868618e+06;2.038625153045838000e+06;2.193001074094048236e+06;2.359041861499320716e+06;2.537626044990185183e+06;2.729697993695020676e+06;2.936272813714413904e+06;3.158441605945731979e+06;3.397377110213250853e+06;3.654339763597872574e+06;3.930684202817220706e+06;4.227866242603487335e+06;4.547450364259628579e+06;4.891117750959128141e+06;5.260674908896888606e+06;5.658062916112524457e+06;6.085367343697165139e+06;6.544828897176100872e+06;7.038854829148741439e+06;7.570031177756253630e+06;8.141135889282540418e+06;8.755152887152761221e+06;9.415287153817787766e+06;1.012498089650568366e+07;1.088793087259200402e+07;1.170810695542729273e+07;1.258977202685391903e+07;1.353750328838197514e+07;1.455621508909024112e+07;1.565118337478701025e+07;1.682807186983568966e+07;1.809296011033953354e+07;1.945237345511391759e+07;2.091331520907340571e+07;2.248330100235554203e+07;2.417039557771365717e+07;2.598325214846947417e+07;2.793115449965015426e+07;3.002406201588236168e+07;3.227265783116278052e+07;3.468840030792278051e+07;3.728357806568767130e+07;4.007136879337379336e+07;4.306590209370289743e+07;4.628232662349241972e+07;4.973688180973728001e+07;5.344697443838359416e+07;5.743126043071523309e+07;6.170973214121593535e+07;6.630381153072403371e+07;7.123644958983941376e+07;7.653223240967842937e+07;8.221749432053625584e+07;8.832043854358039796e+07;9.487126582672718167e+07;1.019023115630567521e+08;1.094481919189202040e+08;1.175459595291144997e+08;1.262352693481365293e+08;1.355585552801775634e+08;1.455612182453169227e+08;1.562918263765238822e+08;1.678023280806041658e+08;1.801482787370595634e+08;1.933890818513623178e+08
1.814819762663381334e+04;1.952770304768839560e+04;2.101204752756978996e+04;2.260919605392706580e+04;2.432771844941306335e+04;2.617683526695561886e+04;2.816646716367303816e+04;3.030728801663761988e+04;3.261078206356857117e+04;3.508930537287142215e+04;3.775615197043529042e+04;4.062562497525374056e+04;4.371311312248202012e+04;4.703517308107975987e+04;5.060961800386372488e+04;5.445561278073252470e+04;5.859377650128742243e+04;6.304629267118049029e+04;6.783702776739426190e+04;7.299165876175755693e+04;7.853781028919015080e+04;8.450520218807364290e+04;9.092580819471557334e+04;9.783402663258463144e+04;1.052668640000256564e+05;1.132641324280020344e+05;1.218686620520998113e+05;1.311265294213647430e+05;1.410873031504845712e+05;1.518043081121567520e+05;1.633349095633948455e+05;1.757408187037550961e+05;1.890884212751861778e+05;2.034491309335256228e+05;2.188997692505239684e+05;2.355229743438717269e+05;2.534076402814965113e+05;2.726493895660013077e+05;2.933510811766486149e+05;3.156233568303883658e+05;3.395852283207971486e+05;3.653647090061263880e+05;3.930994927448932431e+05;4.229376838219506899e+05;4.550385816697331029e+05;4.895735244706181693e+05;5.267267960280417465e+05;5.666966006170522887e+05;6.096961108725009253e+05;6.559545941446610959e+05;7.057186231513343519e+05;7.592533771831706399e+05;8.168440405773291131e+05;8.787973056664505275e+05;9.454429879363330547e+05;1.017135761690753861e+06;1.094257025125766406e+06;1.177216904365089722e+06;1.266456406700820895e+06;1.362449734028155450e+06;1.465706768257783027e+06;1.576775741342548281e+06;1.696246103466170374e+06;1.824751603918919107e+06;1.962973600228840020e+06;2.111644612235029694e+06;2.271552138985021971e+06;2.443542757616090123e+06;2.628526524747268297e+06;2.827481702370658983e+06;3.041459831790987868e+06;3.271591180832001846e+06;3.519090591310613323e+06;3.785263755683617201e+06;4.071513953804474790e+06;4.379349282898583449e+06;4.710390416181396693e+06;5.066378928017098457e+06;5.449186226147440262e+06;5.860823134339299984e+06;6.303450171790950000e+06;6.779388578836930916e+06;7.291132141893201508e+06;7.841359874214537442e+06;8.432949612898211926e+06;9.068992596677867696e+06;9.752809093436028808e+06;1.048796515101200342e+07;1.127829054984475486e+07;1.212789804125391506e+07;1.304120396076054312e+07;1.402295031180932187e+07;1.507822842155752704e+07;1.621250427713450044e+07;1.743164565787789598e+07;1.874195118663113192e+07;2.015018143120894581e+07;2.166359219563813508e+07;2.328997014981644973e+07;2.503767095577455685e+07;2.691566005887635425e+07;2.893355632299496979e+07;3.110167870007893443e+07;3.343109613652057946e+07;3.593368093147467077e+07;3.862216577568738908e+07;4.151020471364626288e+07;4.461243828684908152e+07;4.794456313187976182e+07;5.152340632372387499e+07;5.536700477244676650e+07;5.949469000004137307e+07;6.392717864393351972e+07;6.868666905439786613e+07;7.379694437506859004e+07;7.928348251877026260e+07;8.517357347523313761e+07;9.149644441288758814e+07;9.828339306383374333e+07;1.055679299095775634e+08;1.133859297148578018e+08;1.217757929884625375e+08;1.307786179828502238e+08;1.404383838792168498e+08;1.508021458411392868e+08;1.619202426583045125e+08;1.738465177421366870e+08;1.866385542775098085e+08
1.747236980687938194e+04;1.880052374647120814e+04;2.022961653045565254e+04;2.176731710878842932e+04;2.342187681817368866e+04;2.520217357763855762e+04;2.711775943434530927e+04;2.917891171318800116e+04;3.139668804284973521e+04;3.378298555159348325e+04;3.635060454817237041e+04;3.911331702702789335e+04;4.208594036254904495e+04;4.528441658461131738e+04;4.872589765721890581e+04;5.242883721383010561e+04;5.641308923707772192e+04;6.070001420735631109e+04;6.531259328417837969e+04;7.027555112661693420e+04;7.561548800477848272e+04;8.136102190317146596e+04;8.754294136960369360e+04;9.419436991969335941e+04;1.013509428679999255e+05;1.090509975220587075e+05;1.173357777458249911e+05;1.262496539744755137e+05;1.358403598435105523e+05;1.461592466822611459e+05;1.572615572153046669e+05;1.692067199158703734e+05;1.820586655631715548e+05;1.958861676714921196e+05;2.107632085833714227e+05;2.267693731529243523e+05;2.439902720887520700e+05;2.625179971801733482e+05;2.824516107959584333e+05;3.038976722222922253e+05;3.269708035975144594e+05;3.517942984059539740e+05;3.785007757126277429e+05;4.072328835567401256e+05;4.381440551745421835e+05;4.713993219941302086e+05;5.071761876354111009e+05;5.456655674616887700e+05;5.870727985638640821e+05;6.316187254182928009e+05;6.795408668445379008e+05;7.310946703029819764e+05;7.865548600154005690e+05;8.462168858667360619e+05;9.103984805559514789e+05;9.794413330095924903e+05;1.053712886656704126e+06;1.133608271790714003e+06;1.219552381915269420e+06;1.312002104690527078e+06;1.411448718866681447e+06;1.518420469415956875e+06;1.633485333958499134e+06;1.757253994521809509e+06;1.890383029685880523e+06;2.033578343248838093e+06;2.187598846705864184e+06;2.353260414073542226e+06;2.531440128916809335e+06;2.723080844852172304e+06;2.929196082316840533e+06;3.150875286009634845e+06;3.389289469142655842e+06;3.645697272488530725e+06;3.921451468181903474e+06;4.218005940344137140e+06;4.536923176846223883e+06;4.879882308931739070e+06;5.248687737978973426e+06;5.645278391421192326e+06;6.071737652753922157e+06;6.530304013672050089e+06;7.023382499689057469e+06;7.553556924125244841e+06;8.123603029112762772e+06;8.736502576270049438e+06;9.395458453965352848e+06;1.010391087263304181e+07;1.086555472442875989e+07;1.168435818865813687e+07;1.256458266987359524e+07;1.351080416134424321e+07;1.452793613277639635e+07;1.562125404772622697e+07;1.679642162310503423e+07;1.805951895058000460e+07;1.941707260751003027e+07;2.087608789340138808e+07;2.244408333667989448e+07;2.412912762595490739e+07;2.593987912985747308e+07;2.788562818007073924e+07;2.997634230327874795e+07;3.222271459957148507e+07;3.463621547730515897e+07;3.722914796762990206e+07;4.001470685584019125e+07;4.300704188148517162e+07;4.622132527475912869e+07;4.967382391317576915e+07;5.338197639994326979e+07;5.736447538383225352e+07;6.164135545972253382e+07;6.623408700947942585e+07;7.116567636440110207e+07;7.646077269322869182e+07;8.214578204371058941e+07;8.824898899098086357e+07;9.480068637262809277e+07;1.018333136184192449e+08;1.093816042120731026e+08;1.174827428536399007e+08;1.261765329236382693e+08;1.355055748845728934e+08;1.455154562914755344e+08;1.562549541212557554e+08;1.677762501704597175e+08;1.801351603130487800e+08
1.682400563607794174e+04;1.810289344360853647e+04;1.947897810120257782e+04;2.095964451137690412e+04;2.255283842213951721e+04;2.426710899128538222e+04;2.611165457766488180e+04;2.809637200368644335e+04;3.023190955176596617e+04;3.252972397725125848e+04;3.500214184168595966e+04;3.766242549320281978e+04;4.052484404547958547e+04;4.360474973318894627e+04;4.691866005037458672e+04;5.048434610879616230e+04;5.432092768621812866e+04;5.844897547002745705e+04;6.289062103954960185e+04;6.766967517141340068e+04;7.281175509617204079e+04;7.834442138170151156e+04;8.429732516962636146e+04;9.070236654558799637e+04;9.759386488284292864e+04;1.050087420616127492e+05;1.129867195344025822e+05;1.215705302801885846e+05;1.308061467685643438e+05;1.407430261389109946e+05;1.514343738899024320e+05;1.629374274714836793e+05;1.753137612757426687e+05;1.886296146346558526e+05;2.029562445531485719e+05;2.183703050345036900e+05;2.349542549940409954e+05;2.527967969054582936e+05;2.719933484841795871e+05;2.926465498832764570e+05;3.148668090620493749e+05;3.387728881843854324e+05;3.644925341168791638e+05;3.921631563237896771e+05;4.219325557005206938e+05;4.539597081497955369e+05;4.884156069854929228e+05;5.254841685515762074e+05;5.653632057672173250e+05;6.082654746563960798e+05;6.544197992933433270e+05;7.040722809943703469e+05;7.574875980154330609e+05;8.149504024741828907e+05;8.767668217074156273e+05;9.432660718036267208e+05;1.014802191615411662e+06;1.091755906163126463e+06;1.174536628991397796e+06;1.263584613735176856e+06;1.359373265898995334e+06;1.462411626649888465e+06;1.573247041281481273e+06;1.692468025920333341e+06;1.820707347027462907e+06;1.958645329295003088e+06;2.107013408661962487e+06;2.266597948373458348e+06;2.438244337290916126e+06;2.622861391037091147e+06;2.821426078026625328e+06;3.034988594004141167e+06;3.264677810389914550e+06;3.511707123527200427e+06;3.777380733841827605e+06;4.063100385969598312e+06;4.370372603095577098e+06;4.700816451079911552e+06;5.056171870437127538e+06;5.438308616894220002e+06;5.849235854083877057e+06;6.291112444961171597e+06;6.766257991746292450e+06;7.277164677640911192e+06;7.826509967225105502e+06;8.417170226343253627e+06;9.052235326444445178e+06;9.735024302768891677e+06;1.046910214047785103e+07;1.125829776784176379e+07;1.210672334093242325e+07;1.301879490992555395e+07;1.399925456316685677e+07;1.505319415154040046e+07;1.618608070249582827e+07;1.740378364032121748e+07;1.871260393691130728e+07;2.011930532543979213e+07;2.163114771797569841e+07;2.325592297726167366e+07;2.500199320257546753e+07;2.687833169991543889e+07;2.889456681764439121e+07;3.106102884031727165e+07;3.338880014561184496e+07;3.588976884229243547e+07;3.857668612079342455e+07;4.146322756254786998e+07;4.456405866948100924e+07;4.789490489133638144e+07;5.147262644555827230e+07;5.531529824261776358e+07;5.944229524867210537e+07;6.387438363770467043e+07;6.863381810644322634e+07;7.374444574789792299e+07;7.923181690292385221e+07;8.512330343421439826e+07;9.144822489335480332e+07;9.823798307929889858e+07;1.055262055157265067e+08;1.133488984055166394e+08;1.217446096527477950e+08;1.307546025768118203e+08;1.404230409787893295e+08;1.507971862579820156e+08;1.619276073160054684e+08;1.738684040273054540e+08
1.620178207733074851e+04;1.743338872985718262e+04;1.875860085288295886e+04;2.018453071656466273e+04;2.171883075891750559e+04;2.336973458399292576e+04;2.514610106866161368e+04;2.705746181334945868e+04;2.911407218984670180e+04;3.132696625841790956e+04;3.370801584700495732e+04;3.626999410740684107e+04;3.902664388706418686e+04;4.199275128065139143e+04;4.518422475310075970e+04;4.861818025525159464e+04;5.231303278501678869e+04;5.628859488108559890e+04;6.056618257290518522e+04;6.516872935001859150e+04;7.012090875630837400e+04;7.544926626018386742e+04;8.118236110071373696e+04;8.735091886235096899e+04;9.398799558740256180e+04;1.011291542961765226e+05;1.088126548500822828e+05;1.170796581630157161e+05;1.259744458419246657e+05;1.355446564182482543e+05;1.458415394192030071e+05;1.569202286211071769e+05;1.688400359276789823e+05;1.816647674238799082e+05;1.954630632719319256e+05;2.103087632405816403e+05;2.262812997922973009e+05;2.434661207967863884e+05;2.619551440932966361e+05;2.818472462896809448e+05;3.032487883640816435e+05;3.262741808257459197e+05;3.510464913964951993e+05;3.776980983940329170e+05;4.063713932345657959e+05;4.372195357252421090e+05;4.704072660888683749e+05;5.061117779549539555e+05;5.445236568642013008e+05;5.858478891689835582e+05;6.303049465726034250e+05;6.781319519367783796e+05;7.295839324000759516e+05;7.849351662951584440e+05;8.444806308284772094e+05;9.085375579967221711e+05;9.774471067616675282e+05;1.051576160091511440e+06;1.131319256105808308e+06;1.217100663234110922e+06;1.309376610020518769e+06;1.408637680978961755e+06;1.515411390732163563e+06;1.630264949553689221e+06;1.753808234381246381e+06;1.886696980386008276e+06;2.029636209270276362e+06;2.183383911628348753e+06;2.348755001952293329e+06;2.526625566195209511e+06;2.717937423228150234e+06;2.923703023052997887e+06;3.145010706257560756e+06;3.383030350944402628e+06;3.639019435221300460e+06;3.914329545329384506e+06;4.210413361609132029e+06;4.528832156768477522e+06;4.871263843339079991e+06;5.239511609789554961e+06;5.635513187519942410e+06;6.061350793904907070e+06;6.519261799685274251e+06;7.011650172357892618e+06;7.541098750772817060e+06;8.110382409951061942e+06;8.722482179180731997e+06;9.380600380764225498e+06;1.008817686137472093e+07;1.084890639287456125e+07;1.166675732463993877e+07;1.254599157497439347e+07;1.349118605507687293e+07;1.450725562527955137e+07;1.559947768992597423e+07;1.677351854432009347e+07;1.803546159467357770e+07;1.939183757995848358e+07;2.084965693300642818e+07;2.241644442718825862e+07;2.410027626450822130e+07;2.590981977104177698e+07;2.785437587633990869e+07;2.994392456475999206e+07;3.218917349867682159e+07;3.460161002624650300e+07;3.719355679984899610e+07;3.997823124556049705e+07;4.296980913909062743e+07;4.618349255950174481e+07;4.963558250891014934e+07;5.334355650410219282e+07;5.732615146483457088e+07;6.160345224338545650e+07;6.619698616089075804e+07;7.112982393809680641e+07;7.642668743145185709e+07;8.211406461008708179e+07;8.822033223512142897e+07;9.477588673002697527e+07;1.018132837596496046e+08;1.093673870656943917e+08;1.174755271384686083e+08;1.261776703382709622e+08;1.355165991151176989e+08;1.455381040127738118e+08;1.562911881821003556e+08;1.678282851699613035e+08
1.560444797016135453e+04;1.679066351981187472e+04;1.806703658194634045e+04;1.944041766535799252e+04;2.091817759165279858e+04;2.250824698938890651e+04;2.421915878312436689e+04;2.606009390414529116e+04;2.804093046678622704e+04;3.017229667267214245e+04;3.246562772502664666e+04;3.493322705648453848e+04;3.758833219675218425e+04;4.044518563109054958e+04;4.351911102704808582e+04;4.682659523536119377e+04;5.038537650151717389e+04;5.421453935737653956e+04;5.833461669762924430e+04;6.276769958383119229e+04;6.753755535969533958e+04;7.266975470516228233e+04;7.819180830404342851e+04;8.413331385072311969e+04;9.052611417598275875e+04;9.740446733057449455e+04;1.048052295282053674e+05;1.127680519172025670e+05;1.213355922229565913e+05;1.305537423812851921e+05;1.404718733668918139e+05;1.511430985112791532e+05;1.626245567014002881e+05;1.749777169544246281e+05;1.882687059758639371e+05;2.025686604284115892e+05;2.179541057678557700e+05;2.345073636410644394e+05;2.523169899898029980e+05;2.714782461639428511e+05;2.920936055192879285e+05;3.142732981593596633e+05;3.381358966784803779e+05;3.638089459755636635e+05;3.914296404362373869e+05;4.211455520253392169e+05;4.531154130945395445e+05;4.875099579914822243e+05;5.245128278594450094e+05;5.643215433403454954e+05;6.071485502428048057e+05;6.532223436092719203e+05;7.027886760176053504e+05;7.561118563811382046e+05;8.134761459723018343e+05;8.751872588883675635e+05;9.415739747071549064e+05;1.012989871648169472e+06;1.089815189162881114e+06;1.172458829528905218e+06;1.261360508722242434e+06;1.356993067589162150e+06;1.459864955140763195e+06;1.570522896652310854e+06;1.689554760167373577e+06;1.817592635992587777e+06;1.955316144820669666e+06;2.103455991248603910e+06;2.262797780663045123e+06;2.434186118757697754e+06;2.618529014327023178e+06;2.816802607459145598e+06;3.030056246829734650e+06;3.259417941486996133e+06;3.506100214323971886e+06;3.771406386362917256e+06;4.056737323036689311e+06;4.363598675854598172e+06;4.693608655190757476e+06;5.048506372443070635e+06;5.430160792490528896e+06;5.840580340234059840e+06;6.281923208061164245e+06;6.756508414322058670e+06;7.266827666379616596e+06;7.815558085491606034e+06;8.405575854725403711e+06;9.039970855308130383e+06;9.722062361282147467e+06;1.045541586710656993e+07;1.124386112791202404e+07;1.209151149751144089e+07;1.300278465501340851e+07;1.398242481698909588e+07;1.503552653863094747e+07;1.616756021425452083e+07;1.738439939480283856e+07;1.869235004782774672e+07;2.009818189366401359e+07;2.160916196031118184e+07;2.323309050883515179e+07;2.497833949098849297e+07;2.685389371122103557e+07;2.886939487636286020e+07;3.103518872801600769e+07;3.336237546517169476e+07;3.586286367775761336e+07;3.854942802580151707e+07;4.143577091367679089e+07;4.453658842453604192e+07;4.786764079660078138e+07;5.144582774041702598e+07;5.528926891472022235e+07;5.941738989802015573e+07;6.385101401368334889e+07;6.861246038798315823e+07;7.372564864365833998e+07;7.921621065563017130e+07;8.511160982118822634e+07;9.144126832383562624e+07;9.823670289840026200e+07;1.055316696349762529e+08;1.133623183907036334e+08;1.217673574116612226e+08;1.307882288020755798e+08;1.404692955147700310e+08;1.508580405755313337e+08;1.620052792947793305e+08
1.503082027703718450e+04;1.617344501443576337e+04;1.740291592532564027e+04;1.872583211353624938e+04;2.014929392442936660e+04;2.168094099416512108e+04;2.332899318462768861e+04;2.510229462253962993e+04;2.701036107782805630e+04;2.906343093405276159e+04;3.127252002280782835e+04;3.364948061453251285e+04;3.620706488026891020e+04;3.895899316260475462e+04;4.192002741960577987e+04;4.510605023294889543e+04;4.853414980099603417e+04;5.222271136923909216e+04;5.619151558467582072e+04;6.046184429730864213e+04;6.505659437136629276e+04;7.000040011122156284e+04;7.531976495246659033e+04;8.104320311760547338e+04;8.720139198836118157e+04;9.382733600313040370e+04;1.009565429489443341e+05;1.086272135824438446e+05;1.168804455847085483e+05;1.257604529299777059e+05;1.353148018295097281e+05;1.455946644986858882e+05;1.566550920890939597e+05;1.685553082277640060e+05;1.813590247136015969e+05;1.951347810371011146e+05;2.099563095138507488e+05;2.259029279561735748e+05;2.430599619508409523e+05;2.615191989651417243e+05;2.813793766691563069e+05;3.027467080401188578e+05;3.257354460055851378e+05;3.504684905873208190e+05;3.770780417278489913e+05;4.057063012180466321e+05;4.365062273976128781e+05;4.696423465725776041e+05;5.052916253861899022e+05;5.436444086927252356e+05;5.849054278204209404e+05;6.292948844702858478e+05;6.770496158846433973e+05;7.284243473346270621e+05;7.836930384206807939e+05;8.431503301579346880e+05;9.071131003302005120e+05;9.759221351449489594e+05;1.049943925810192013e+06;1.129572599284832366e+06;1.215231993129600072e+06;1.307377885110085132e+06;1.406500388978863135e+06;1.513126528695260407e+06;1.627823004230623133e+06;1.751199163061204134e+06;1.883910192470325390e+06;2.026660548874561675e+06;2.180207641558054835e+06;2.345365789450597949e+06;2.523010470923748799e+06;2.714082888012275100e+06;2.919594867999138776e+06;3.140634126942481846e+06;3.378369921472110786e+06;3.634059117057268508e+06;3.909052702947438229e+06;4.204802786125279963e+06;4.522870098894904368e+06;4.864932057168018073e+06;5.232791409112252295e+06;5.628385516607942060e+06;6.053796314924432896e+06;6.511260999191478826e+06;7.003183489619086497e+06;7.532146731013210490e+06;8.100925885983465239e+06;8.712502485312456265e+06;9.370079603331387043e+06;1.007709813077622093e+07;1.083725422254561447e+07;1.165451800304755010e+07;1.253315361741369776e+07;1.347774072282749973e+07;1.449319752054213919e+07;1.558480543590623885e+07;1.675823556087326445e+07;1.801957698108680546e+07;1.937536711770939454e+07;2.083262422275266424e+07;2.239888217577383295e+07;2.408222773947577551e+07;2.589134044200687855e+07;2.783553526462341100e+07;2.992480832492818311e+07;3.216988575809901953e+07;3.458227601147274673e+07;3.717432578157405555e+07;3.995927983715885133e+07;4.295134498724707961e+07;4.616575846931222081e+07;4.961886105003925413e+07;5.332817514917360991e+07;5.731248831622824073e+07;6.159194241006330401e+07;6.618812885280022770e+07;7.112419035214097798e+07;7.642492951002553105e+07;8.211692476075464487e+07;8.822865410827900469e+07;9.479062716032724082e+07;1.018355259866403788e+08;1.093983553596129566e+08;1.175166029684603512e+08;1.262304102325675189e+08;1.355827543759761751e+08;1.456196424631865919e+08;1.563903181368451118e+08
1.447978049091305729e+04;1.558052983673873860e+04;1.676494420373222601e+04;1.803938116050194003e+04;1.941068119295304132e+04;2.088620436508815692e+04;2.247386976045350457e+04;2.418219791485149108e+04;2.602035646686329346e+04;2.799820926983526078e+04;3.012636922740783120e+04;3.241625513445337128e+04;3.488015282656800991e+04;3.753128096416678454e+04;4.038386180182416865e+04;4.345319731997561757e+04;4.675575112452433677e+04;5.030923655050771777e+04;5.413271143883294280e+04;5.824668009045276995e+04;6.267320294035415282e+04;6.743601453457374009e+04;7.256065043737321685e+04;7.807458374289015774e+04;8.400737191632379836e+04;9.039081474426227214e+04;9.725912423229307751e+04;1.046491073511089926e+05;1.126003625999361975e+05;1.211554914288648870e+05;1.303603256398785597e+05;1.402641719702316332e+05;1.509200751521930506e+05;1.623851008400712162e+05;1.747206398995296622e+05;1.879927356662488892e+05;2.022724359009705076e+05;2.176361712973084068e+05;2.341661625371500268e+05;2.519508580376652244e+05;2.710854046935689985e+05;2.916721540903712739e+05;3.138212068485913333e+05;3.376509979569182033e+05;3.632889261651097913e+05;3.908720307353314711e+05;4.205477190961509477e+05;4.524745492056427174e+05;4.868230707131345989e+05;5.237767293112952611e+05;5.635328389957465697e+05;6.063036272978855995e+05;6.523173589307141956e+05;7.018195436891544377e+05;7.550742348759323359e+05;8.123654249871635111e+05;8.739985458854014287e+05;9.403020812198269414e+05;1.011629299422023701e+06;1.088360116215449059e+06;1.170903096231909469e+06;1.259697604027265683e+06;1.355216115541396895e+06;1.457966701851005666e+06;1.568495697925366694e+06;1.687390570019483333e+06;1.815282996326426044e+06;1.952852176569523523e+06;2.100828387348835357e+06;2.259996801267811097e+06;2.431201589165117592e+06;2.615350326165975537e+06;2.813418723750606645e+06;3.026455711629151832e+06;3.255588894911347423e+06;3.502030413873501588e+06;3.767083235571562778e+06;4.052147908620451577e+06;4.358729814681258984e+06;4.688446952563214116e+06;5.043038293380709365e+06;5.424372747904126532e+06;5.834458790129101835e+06;6.275454784165725112e+06;6.749680064831228927e+06;7.259626825835596770e+06;7.807972873179825023e+06;8.397595305375350639e+06;9.031585186328250915e+06;9.713263281263243407e+06;1.044619693087407574e+07;1.123421814401641116e+07;1.208144299472602457e+07;1.299229241514975764e+07;1.397151448216898739e+07;1.502420830206564069e+07;1.615584960457819328e+07;1.737231816513437033e+07;1.867992718193266541e+07;2.008545474295976013e+07;2.159617752691418678e+07;2.321990689149473608e+07;2.496502751253736392e+07;2.684053874812707305e+07;2.885609891313271597e+07;3.102207266156602651e+07;3.334958168685655296e+07;3.585055896359752119e+07;3.853780676853954047e+07;4.142505873369617015e+07;4.452704620037019998e+07;4.785956915979569405e+07;5.143957208395024389e+07;5.528522496894992143e+07;5.941600993340393156e+07;6.385281373517825454e+07;6.861802659227721393e+07;7.373564771705824137e+07;7.923139799781529605e+07;8.513284028791953623e+07;9.146950779035069048e+07;9.827304105455450714e+07;1.055773341332483739e+08;1.134186904791841060e+08;1.218359891958965212e+08;1.308708622924302369e+08;1.405678836297736764e+08;1.509747702865399718e+08
1.395027119852625583e+04;1.501078033495394629e+04;1.615189744507223259e+04;1.737974797181852045e+04;1.870092266350727368e+04;2.012251289995864499e+04;2.165214869831001488e+04;2.329803960151929641e+04;2.506901866790954227e+04;2.697458979661201010e+04;2.902497864152164402e+04;3.123118738544786174e+04;3.360505366669244540e+04;3.615931397232102609e+04;3.890767183615602698e+04;4.186487120501424943e+04;4.504677536414569477e+04;4.847045184231558960e+04;5.215426374871631560e+04;5.611796802792621747e+04;6.038282115583891573e+04;6.497169283883897151e+04;6.990918832088539784e+04;7.522177994865665096e+04;8.093794869388411462e+04;8.708833638455093023e+04;9.370590945321109029e+04;1.008261350714154105e+05;1.084871706045359169e+05;1.167300673914641375e+05;1.255989899290720641e+05;1.351414516222961538e+05;1.454085683479478175e+05;1.564553311736906471e+05;1.683408996743033349e+05;1.811289173952914425e+05;1.948878511299130623e+05;2.096913558003225480e+05;2.256186668674327084e+05;2.427550223377742514e+05;2.611921165902413486e+05;2.810285884112491040e+05;3.023705458051541937e+05;3.253321303377363365e+05;3.500361239762662444e+05;3.766146016097156680e+05;4.052096326696659671e+05;4.359740355263390229e+05;4.690721886069953907e+05;5.046809024764162605e+05;5.429903574334904552e+05;5.842051115148060489e+05;6.285451841578497551e+05;6.762472211643294431e+05;7.275657470202391269e+05;7.827745110760934185e+05;8.421679345687085297e+05;9.060626659805508098e+05;9.747992527818407398e+05;1.048743938191959634e+06;1.128290592228746973e+06;1.213862786992992042e+06;1.305916026861401740e+06;1.404940145041351672e+06;1.511461878773838980e+06;1.626047636366372462e+06;1.749306470193160698e+06;1.881893270827390719e+06;2.024512198566373205e+06;2.177920369786779862e+06;2.342931816824664362e+06;2.520421741421964951e+06;2.711331083221314941e+06;2.916671426331392955e+06;3.137530268635733984e+06;3.375076680278742220e+06;3.630567379647341091e+06;3.905353257183647715e+06;4.200886379514417611e+06;4.518727508686280809e+06;4.860554173751566559e+06;5.228169334576007910e+06;5.623510680541398004e+06;6.048660609808454290e+06;6.505856938000241295e+06;6.997504388570007868e+06;7.526186920756346546e+06;8.094680954899231903e+06;8.705969559029988945e+06;9.363257665044493973e+06;1.006998838746872731e+07;1.082986052282190882e+07;1.164684731290949136e+07;1.252521656104176119e+07;1.346955219621413015e+07;1.448477738669916987e+07;1.557617931132683717e+07;1.674943570400204696e+07;1.801064329470634460e+07;1.936634827845395729e+07;2.082357895237107575e+07;2.238988067032431439e+07;2.407335327435074002e+07;2.588269117256616801e+07;2.782722624428360537e+07;2.991697376481152698e+07;3.216268155484048277e+07;3.457588257249033451e+07;3.716895118008837104e+07;3.995516333249916136e+07;4.294876094952581078e+07;4.616502075145190954e+07;4.962032785433827341e+07;5.333225444024631381e+07;5.731964383715284616e+07;6.160270036407722533e+07;6.620308531880900264e+07;7.114401950880435109e+07;7.645039275021025538e+07;8.214888078577774763e+07;8.826807009964805841e+07;9.483859113568186760e+07;1.018932604562789202e+08;1.094672324105699807e+08;1.175981609144396484e+08;1.263263719803788364e+08;1.356950476723563373e+08;1.457504222003393769e+08
1.344129279449630121e+04;1.446312104788757097e+04;1.556261858226076038e+04;1.674568768929077487e+04;1.801867903357851173e+04;1.938842569543431091e+04;2.086227979624446743e+04;2.244815190210339642e+04;2.415455341618664534e+04;2.599064218625102876e+04;2.796627157076962249e+04;3.009204322559901630e+04;3.237936389288427381e+04;3.484050649516165140e+04;3.748867586052347906e+04;4.033807942930181889e+04;4.340400331916836149e+04;4.670289415403221210e+04;5.025244709262419201e+04;5.407170052563033096e+04;5.818113794547348516e+04;6.260279753095842898e+04;6.736039002972427988e+04;7.247942556546491687e+04;7.798735004401519836e+04;8.391369188317122462e+04;9.029021984563124715e+04;9.715111281308531761e+04;1.045331424024427106e+05;1.124758693929498550e+05;1.210218550056725653e+05;1.302168881549952785e+05;1.401102298759197292e+05;1.507548762210713176e+05;1.622078410184993409e+05;1.745304599854530825e+05;1.877887178053932439e+05;2.020535998957589036e+05;2.174014707232163346e+05;2.339144806619648007e+05;2.516810035397911270e+05;2.707961071766546229e+05;2.913620593925455469e+05;3.134888721461723326e+05;3.372948866641562199e+05;3.629074026335146045e+05;3.904633547587183421e+05;4.201100402301153517e+05;4.520059009138547699e+05;4.863213643564453814e+05;5.232397480002276716e+05;5.629582313322812552e+05;6.056889010382303968e+05;6.516598746078666300e+05;7.011165082417032681e+05;7.543226953391846037e+05;8.115622623121591751e+05;8.731404689642331796e+05;9.393856212081884732e+05;1.010650804465862340e+06;1.087315746705899015e+06;1.169788820731733926e+06;1.258509196035544388e+06;1.353949151287199697e+06;1.456616559335645521e+06;1.567057557465787977e+06;1.685859416580094490e+06;1.813653623968590051e+06;1.951119195393618429e+06;2.098986233354554512e+06;2.258039749617516063e+06;2.429123771399113350e+06;2.613145751991517376e+06;2.811081308108287398e+06;3.023979307832104154e+06;3.252967334752966650e+06;3.499257555716389790e+06;3.764153021554818377e+06;4.049054432268139441e+06;4.355467400349938311e+06;4.685010248346952721e+06;5.039422379285928793e+06;5.420573261329353787e+06;5.830472070925105363e+06;6.271278041826349683e+06;6.745311570664935745e+06;7.255066133302050643e+06;7.803221069950094447e+06;8.392655301082348451e+06;9.026462040434384719e+06;9.707964575975911692e+06;1.044073319459985569e+07;1.122860333146382123e+07;1.207569503045293130e+07;1.298643380810487270e+07;1.396557301961465180e+07;1.501821783218745515e+07;1.614985091810826026e+07;1.736635998742656037e+07;1.867406728816786036e+07;2.007976121051397547e+07;2.159073014040886611e+07;2.321479871770135686e+07;2.496036666409012675e+07;2.683645035699434206e+07;2.885272733695676550e+07;3.101958394834200293e+07;3.334816632606037706e+07;3.585043495468007028e+07;3.853922304085531086e+07;4.142829895530620962e+07;4.453243301691066474e+07;4.786746890864723921e+07;5.145040003335633874e+07;5.529945113658588380e+07;5.943416554414555430e+07;6.387549838350407779e+07;6.864591618101173639e+07;7.376950325088085234e+07;7.927207531730823219e+07;8.518130083789303899e+07;9.152683052482809126e+07;9.834043559012913704e+07;1.056561552726701051e+08;1.135104542380039394e+08;1.219423904768162221e+08;1.309937943648317307e+08;1.407094595857222676e+08
1.295190034150796055e+04;1.393653532737483329e+04;1.499601381999376281e+04;1.613602352273956421e+04;1.736268422787323652e+04;1.868258062496358616e+04;2.010279759848943286e+04;2.163095820324280430e+04;2.327526452043579047e+04;2.504454161273914360e+04;2.694828481300928615e+04;2.899671059916693048e+04;3.120081132681431336e+04;3.357241411166280159e+04;3.612424417593142425e+04;3.886999299658569362e+04;4.182439161880877509e+04;4.500328952552704868e+04;4.842373948328498227e+04;5.210408881651014963e+04;5.606407759626970073e+04;6.032494426626774657e+04;6.490953926827426767e+04;6.984244727150055405e+04;7.515011865596208372e+04;8.086101094885979546e+04;8.700574096559717145e+04;9.361724846358186915e+04;1.007309721778078238e+05;1.083850391724713263e+05;1.166204685131463484e+05;1.254813903394592635e+05;1.350152814993083884e+05;1.452732189928101725e+05;1.563101525677672762e+05;1.681851979090930836e+05;1.809619519726407016e+05;1.947088321301182441e+05;2.094994409164047684e+05;2.254129583047231718e+05;2.425345635789365042e+05;2.609558890270258707e+05;2.807755078456916963e+05;3.020994588245514897e+05;3.250418105697680148e+05;3.497252682327938383e+05;3.762818259304712992e+05;4.048534682802281459e+05;4.355929247281742282e+05;4.686644806214921991e+05;5.042448492696391768e+05;5.425241095536639914e+05;5.837067139808690408e+05;6.280125724442406790e+05;6.756782173355570994e+05;7.269580560777805513e+05;7.821257175905744080e+05;8.414754996824605623e+05;9.053239248785901582e+05;9.740114127452673856e+05;1.047904077364377910e+06;1.127395659246162744e+06;1.212909601649324875e+06;1.304901282007275848e+06;1.403860409940700047e+06;1.510313604175486835e+06;1.624827161581896478e+06;1.748010032513671555e+06;1.880517017655025702e+06;2.023052202687186422e+06;2.176372648267965764e+06;2.341292354081728961e+06;2.518686517071840353e+06;2.709496105416530743e+06;2.914732771358710248e+06;3.135484127660568804e+06;3.372919414226749912e+06;3.628295583338618744e+06;3.902963833969075698e+06;4.198376627819779329e+06;4.516095222035747021e+06;4.857797756035216153e+06;5.225287932532835752e+06;5.620504335666258819e+06;6.045530432148871012e+06;6.502605304598831572e+06;6.994135169629703276e+06;7.522705736957436427e+06;8.091095469696395099e+06;8.702289810189437121e+06;9.359496440166296437e+06;1.006616164877555892e+07;1.082598788708544336e+07;1.164295259303869493e+07;1.252132837658390775e+07;1.346570466081070341e+07;1.448101088142232038e+07;1.557254135379569419e+07;1.674598192423550226e+07;1.800743852986308187e+07;1.936346779988878965e+07;2.082110983987498656e+07;2.238792334997699410e+07;2.407202323813438788e+07;2.588212089977869764e+07;2.782756734686278552e+07;2.991839938095564023e+07;3.216538901778758317e+07;3.458009638406772166e+07;3.717492632159005105e+07;3.996318894874524325e+07;4.295916444548494369e+07;4.617817234472173452e+07;4.963664563100187480e+07;5.335220996625161171e+07;5.734376838240980357e+07;6.163159180192025006e+07;6.623741576948458701e+07;7.118454380207739770e+07;7.649795778927430511e+07;8.220443590225417912e+07;8.833267849779519439e+07;9.491344253290529549e+07;1.019796850367651582e+08;1.095667162194273919e+08;1.177123628311102986e+08;1.264571424224176854e+08;1.358444491939832866e+08
1.248120057207588980e+04;1.343006211300152427e+04;1.445104916526912893e+04;1.554964301788195189e+04;1.673174138371843947e+04;1.800369002037758401e+04;1.937231675031551276e+04;2.084496806211185321e+04;2.242954848846940513e+04;2.413456297133235421e+04;2.596916244043884581e+04;2.794319284870904448e+04;3.006724792630170850e+04;3.235272593492987289e+04;3.481189072532933642e+04;3.745793742363549973e+04;4.030506309704357409e+04;4.336854277556753368e+04;4.666481123517442757e+04;5.021155097813535394e+04;5.402778687932810135e+04;5.813398800259281415e+04;6.255217712921333441e+04;6.730604858150165819e+04;7.242109496834612219e+04;7.792474352686271595e+04;8.384650278495857492e+04;9.021812032429393730e+04;9.707375248167273821e+04;1.044501468899865140e+05;1.123868388275784528e+05;1.209263624176844314e+05;1.301144777978818456e+05;1.400004154635721934e+05;1.506371390798534558e+05;1.620816281532953435e+05;1.743951820593868615e+05;1.876437470336136757e+05;2.018982678544639784e+05;2.172350660760891624e+05;2.337362468073773489e+05;2.514901361833495321e+05;2.705917518353695050e+05;2.911433088386121090e+05;3.132547638005073532e+05;3.370443999522725353e+05;3.626394563191500492e+05;3.901768042737006326e+05;4.198036750229009776e+05;4.516784418432215462e+05;4.859714611616549664e+05;5.228659768846898223e+05;5.625590927037569927e+05;6.052628174559726613e+05;6.512051889951961348e+05;7.006314824315335136e+05;7.538055090307573555e+05;8.110110125286921393e+05;8.725531701148628490e+05;9.387602058724219678e+05;1.009985125035852892e+06;1.086607578041061992e+06;1.169035864001523936e+06;1.257709083950949600e+06;1.353099454948308645e+06;1.455714796953820158e+06;1.566101205252821790e+06;1.684845922135797795e+06;1.812580422541702166e+06;1.949983729438192910e+06;2.097785975860743783e+06;2.256772231753246393e+06;2.427786615070407279e+06;2.611736708001981489e+06;2.809598300685981754e+06;3.022420486384576187e+06;3.251331133817582857e+06;3.497542764191425871e+06;3.762358862427142914e+06;4.047180654199346900e+06;4.353514382647203282e+06;4.682979121022336185e+06;5.037315160114298575e+06;5.418393012032227591e+06;5.828223074863401242e+06;6.268966005853215232e+06;6.742943854101900011e+06;7.252652007338567637e+06;7.800772011140757240e+06;8.390185323035411537e+06;9.023988068245237693e+06;9.705506868469391018e+06;1.043831582000620849e+07;1.122625470278481022e+07;1.207344850745281950e+07;1.298432837362919375e+07;1.396365403877402842e+07;1.501653790387227014e+07;1.614847082931687124e+07;1.736534978200812638e+07;1.867350746283211559e+07;2.007974405229154602e+07;2.159136122127883509e+07;2.321619856370042264e+07;2.496267261805703864e+07;2.683981865606473014e+07;2.885733542808283120e+07;3.102563306751621887e+07;3.335588436949067935e+07;3.586007967304511368e+07;3.855108559084931016e+07;4.144270784612408280e+07;4.454975849300563335e+07;4.788812781417275220e+07;5.147486120813244581e+07;5.532824139822724462e+07;5.946787631626713276e+07;6.391479303561968356e+07;6.869153815197166800e+07;7.382228503442212939e+07;7.933294839565165341e+07;8.525130665729069710e+07;9.160713261553944647e+07;9.843233294272260368e+07;1.057610970926534384e+08;1.136300562116952837e+08;1.220784526933093518e+08;1.311483210516221225e+08
1.202834902753357892e+04;1.294279285441094362e+04;1.392674711663992639e+04;1.498549449491331325e+04;1.612471902004201911e+04;1.735053655090782559e+04;1.866952756519328977e+04;2.008877243818616262e+04;2.161588939823569672e+04;2.325907536170207095e+04;2.502714986557153679e+04;2.692960233243226321e+04;2.897664292023380403e+04;3.117925722833786131e+04;3.354926515189640486e+04;3.609938419865784090e+04;3.884329760602247552e+04;4.179572762169414636e+04;4.497251433870834444e+04;4.839070050510732108e+04;5.206862276026383915e+04;5.602600978394533740e+04;6.028408788088888832e+04;6.486569456303773040e+04;6.979540073403633141e+04;7.509964212605060311e+04;8.080686068802193040e+04;8.694765667707152897e+04;9.355495226135643316e+04;1.006641675035327498e+05;1.083134096593135037e+05;1.165436767959028803e+05;1.253990768105931202e+05;1.349270630109803460e+05;1.451786875054397387e+05;1.562088737462266872e+05;1.680767096683488926e+05;1.808457629754100053e+05;1.945844202400350478e+05;2.093662516113391321e+05;2.252704030560172687e+05;2.423820182039485953e+05;2.607926920238856110e+05;2.806009587211807375e+05;3.019128164282622747e+05;3.248422914501643972e+05;3.495120450337327784e+05;3.760540258501198259e+05;4.046101716179593932e+05;4.353331635494746733e+05;4.683872375757041737e+05;5.039490566010023467e+05;5.422086483523609350e+05;5.833704137279052520e+05;6.276542109122246038e+05;6.752965209163045511e+05;7.265517006182654295e+05;7.816933298301687464e+05;8.410156593976886943e+05;9.048351678563075839e+05;9.734922347217433853e+05;1.047352939086644794e+06;1.126810992832901655e+06;1.212289818452204112e+06;1.304244782199999085e+06;1.403165594093095511e+06;1.509578887102909386e+06;1.624050988797934726e+06;1.747190899655244080e+06;1.879653493296645815e+06;2.022142955012833001e+06;2.175416476127331145e+06;2.340288223023528233e+06;2.517633601019178983e+06;2.708393834730748553e+06;2.913580888128768187e+06;3.134282749157281592e+06;3.371669105571572669e+06;3.626997440564052667e+06;3.901619578786962666e+06;4.196988715568917803e+06;4.514666964452163316e+06;4.856333460683135316e+06;5.223793060943856835e+06;5.618985682473793626e+06;6.043996327767687850e+06;6.501065844288860448e+06;6.992602472108138725e+06;7.521194236081128009e+06;8.089622243133181706e+06;8.700874949432855472e+06;9.358163466739464551e+06;1.006493798200185597e+07;1.082490536939922348e+07;1.164204807946378365e+07;1.252064439573218301e+07;1.346529015555044077e+07;1.448092203824642114e+07;1.557284253089144640e+07;1.674674668932287768e+07;1.800875082004731148e+07;1.936542321707147360e+07;2.082381709667941555e+07;2.239150588271844015e+07;2.407662100508103147e+07;2.588789238482597843e+07;2.783469179082488269e+07;2.992707926492782682e+07;3.217585282553262636e+07;3.459260167307859659e+07;3.718976313547190279e+07;3.998068360679338872e+07;4.297968374890086800e+07;4.620212824276815355e+07;4.966450039464893937e+07;5.338448192145944387e+07;5.738103826021606475e+07;6.167450976799169928e+07;6.628670920170824230e+07;7.124102589127540588e+07;7.656253704510900378e+07;8.227812665407449007e+07;8.841661248839081824e+07;9.500888171216149628e+07;1.020880356719033569e+08;1.096895444490251243e+08;1.178514118015280366e+08;1.266143511574765891e+08
1.159254733003713591e+04;1.247386857667086406e+04;1.342218350732018735e+04;1.444258365256363686e+04;1.554054738431256374e+04;1.672196929359005298e+04;1.799319179777737736e+04;1.936103914635107867e+04;2.083285400690703682e+04;2.241653682704310631e+04;2.412058818245403017e+04;2.595415433751309320e+04;2.792707626172772143e+04;3.004994236385158001e+04;3.233414522523888445e+04;3.479194263529803720e+04;3.743652325479313004e+04;4.028207725735333224e+04;4.334387232600247808e+04;4.663833540998384706e+04;5.018314067776007141e+04;5.399730413491898798e+04;5.810128541115147527e+04;6.251709725843371416e+04;6.726842334344403935e+04;7.238074496123018616e+04;7.788147734432292054e+04;8.380011629234722932e+04;9.016839590173600300e+04;9.702045823387854034e+04;1.043930358230663551e+05;1.123256479934712552e+05;1.208608120272001252e+05;1.300442703038358741e+05;1.399252346160378074e+05;1.505566489562249917e+05;1.619954721665401885e+05;1.743029819488447974e+05;1.875451018435822043e+05;2.017927529070606106e+05;2.171222319461670704e+05;2.336156183087881072e+05;2.513612113776327460e+05;2.704540010758925928e+05;2.909961738655187073e+05;3.130976569044041680e+05;3.368767032274987432e+05;3.624605210308369133e+05;3.899859503668276593e+05;4.196001908054589294e+05;4.514615838809091365e+05;4.857404544268551399e+05;5.226200152086968301e+05;5.622973395883608609e+05;6.049844073085034033e+05;6.509092288599483436e+05;7.003170543008277891e+05;7.534716728299692040e+05;8.106568098828470102e+05;8.721776290182298981e+05;9.383623463991440367e+05;1.009563966247635311e+06;1.086162146268122597e+06;1.168565202696468448e+06;1.257212265339775709e+06;1.352575593732638052e+06;1.455163066349391360e+06;1.565520855686122784e+06;1.684236302960226778e+06;1.811941007179665379e+06;1.949314144406266743e+06;2.097086034189691767e+06;2.256041971378781367e+06;2.427026342838980258e+06;2.610947050014341716e+06;2.808780259787776507e+06;3.021575507708941121e+06;3.250461179394282866e+06;3.496650397753340658e+06;3.761447345681695268e+06;4.046254055977455340e+06;4.352577702508258633e+06;4.682038429076737724e+06;5.036377755025747232e+06;5.417467599391014315e+06;5.827319968366872519e+06;6.268097354012157768e+06;6.742123895493566059e+06;7.251897357769557275e+06;7.800101986461759545e+06;8.389622301761798561e+06;9.023557898603616282e+06;9.705239324995977804e+06;1.043824511539216340e+07;1.122642006127821282e+07;1.207389480682112090e+07;1.298510686344247498e+07;1.396482314360398613e+07;1.501816412092371285e+07;1.615062973102739640e+07;1.736812713526686653e+07;1.867700047769600153e+07;2.008406277444148436e+07;2.159663008392703533e+07;2.322255811631467938e+07;2.497028145104481652e+07;2.684885554253470898e+07;2.886800170595963672e+07;3.103815528764174506e+07;3.337051723794607446e+07;3.587710931874170899e+07;3.857083319255577028e+07;4.146553365647023916e+07;4.457606630070370436e+07;4.791836988973361254e+07;5.150954378276344389e+07;5.536793073038990796e+07;5.951320540558895469e+07;6.396646904958749563e+07;6.875035063694269955e+07;7.388911498931452632e+07;7.940877829389294982e+07;8.533723151055938005e+07;9.170437218147949874e+07;9.854224518804302812e+07;1.058851930331844836e+08;1.137700162618740499e+08;1.222361446693555862e+08
1.117304058345699377e+04;1.202247708426745521e+04;1.293648449739794887e+04;1.391997033251353059e+04;1.497821497194907170e+04;1.611689998915119759e+04;1.734213861636628644e+04;1.866050852453228072e+04;2.007908709066125084e+04;2.160548934126990571e+04;2.324790877466856546e+04;2.501516128029958418e+04;2.691673238977758228e+04;2.896282811206054248e+04;3.116442962426250233e+04;3.353335211013945809e+04;3.608230806035110436e+04;3.882497537235325581e+04;4.177607061327627162e+04;4.495142783660753776e+04;4.836808337300679705e+04;5.204436704729789926e+04;5.600000030782690737e+04;6.025620179101722897e+04;6.483580088345123659e+04;6.976335988612996880e+04;7.506530543123536336e+04;8.077006985064210312e+04;8.690824324816437729e+04;9.351273708412508131e+04;1.006189601417112426e+05;1.082650078099951788e+05;1.164918656889006379e+05;1.253436285968289594e+05;1.348677361430813035e+05;1.451152261143838987e+05;1.561410070186910452e+05;1.680041512302918709e+05;1.807682102885279455e+05;1.945015540189032617e+05;2.092777352703832730e+05;2.251758821971368452e+05;2.422811201572311111e+05;2.606850254560162139e+05;2.804861133284251555e+05;3.017903627333678887e+05;3.247117807257273234e+05;3.493730093776648864e+05;3.759059784428385901e+05;4.044526071950382902e+05;4.351655591284027323e+05;4.682090534808555385e+05;5.037597378369878279e+05;5.420076263828795636e+05;5.831571087249631528e+05;6.274280345493264031e+05;6.750568797892122529e+05;7.262980003876761766e+05;7.814249801933423150e+05;8.407320800097390311e+05;9.045357953377901576e+05;9.731765309063007589e+05;1.047020400682384847e+06;1.126461162692993879e+06;1.211922298674867721e+06;1.303859249305250356e+06;1.402761816554987570e+06;1.509156745549663668e+06;1.623610499231178546e+06;1.746732240082715405e+06;1.879177034219582565e+06;2.021649294264161494e+06;2.174906478614800610e+06;2.339763065999946091e+06;2.517094825574297924e+06;2.707843404283013660e+06;2.913021254786936101e+06;3.133716928922629915e+06;3.371100763467111625e+06;3.626430986902443692e+06;3.901060277929350268e+06;4.196442808682761155e+06;4.514141807951889001e+06;4.855837682224838994e+06;5.223336735065432265e+06;5.618580528203316033e+06;6.043655930788492784e+06;6.500805906541251577e+06;6.992441092026525177e+06;7.521152223028340377e+06;8.089723469982570037e+06;8.701146747692586854e+06;9.358637069089364260e+06;1.006564901765540615e+07;1.082589441828669794e+07;1.164336129188721254e+07;1.252233418486312963e+07;1.346741597093117610e+07;1.448355122933268920e+07;1.557605131063428149e+07;1.675062120885317214e+07;1.801338836668968946e+07;1.937093354919837788e+07;2.083032393033223227e+07;2.239914854647360742e+07;2.408555628132958338e+07;2.589829655753068998e+07;2.784676292183992267e+07;2.994103972323868796e+07;3.219195209621876106e+07;3.461111947550737113e+07;3.721101288317530602e+07;4.000501624470802397e+07;4.300749200717360526e+07;4.623385135017691553e+07;4.970062929887890816e+07;5.342556506806910783e+07;5.742768798710174114e+07;6.172740937759121507e+07;6.634662077910600603e+07;7.130879894278563559e+07;7.663911803890649974e+07;8.236456955202046037e+07;8.851409036644421518e+07;9.511869957565873861e+07;1.022116445816901177e+08;1.098285570848666281e+08;1.180076196005643904e+08
1.076911489913367222e+04;1.158785029939643027e+04;1.246882371048425557e+04;1.341676543916105766e+04;1.443676521280798625e+04;1.553429947759415336e+04;1.671526076862346963e+04;1.798598930916929385e+04;1.935330700799768965e+04;2.082455403659322474e+04;2.240762818183682248e+04;2.411102718449988970e+04;2.594389428983538528e+04;2.791606725365467719e+04;3.003813106569390220e+04;3.232147467187191432e+04;3.477835199832341459e+04;3.742194760300310736e+04;4.026644730523647740e+04;4.332711417012481979e+04;4.662037025312690093e+04;5.016388454076247581e+04;5.397666755632574495e+04;5.807917313482880854e+04;6.249340790949124494e+04;6.724304909298384155e+04;7.235357118058302149e+04;7.785238224973462638e+04;8.376897058129134530e+04;9.013506238237710204e+04;9.698479144953987270e+04;1.043548816739949398e+05;1.122848433586715691e+05;1.208171843896341161e+05;1.299976373829501244e+05;1.398754040122660808e+05;1.505034178129645006e+05;1.619386268560361059e+05;1.742422977894702926e+05;1.874803428572274570e+05;2.017236716267481679e+05;2.170485692855408415e+05;2.335371035069476347e+05;2.512775620347517543e+05;2.703649232973739272e+05;2.909013625350352377e+05;3.129967961090202443e+05;3.367694668614132679e+05;3.623465736080093775e+05;3.898649480768101057e+05;4.194717828516370500e+05;4.513254141455484205e+05;4.855961635132640949e+05;5.224672429176390287e+05;5.621357278932715999e+05;6.048136039026309736e+05;6.507288913578478387e+05;7.001268551874895347e+05;7.532713052625681739e+05;8.104459944638541201e+05;8.719561216729308944e+05;9.381299475082746940e+05;1.009320531203769962e+06;1.085907597646091832e+06;1.168299544251110870e+06;1.256935598070971668e+06;1.352288134286437882e+06;1.454865168057497824e+06;1.565213032581616193e+06;1.683919257149322657e+06;1.811615659993692068e+06;1.948981671810014173e+06;2.096747906977493083e+06;2.255700000754605047e+06;2.426682732044573873e+06;2.610604452750485390e+06;2.808441846258031670e+06;3.021245039214761462e+06;3.250143092515251599e+06;3.496349899268784095e+06;3.761170519520806614e+06;4.046007983634401113e+06;4.352370598521166481e+06;4.681879793354156427e+06;5.036278544003877789e+06;5.417440418229451403e+06;5.827379286641824059e+06;6.268259747636584565e+06;6.742408317904812284e+06;7.252325443756389432e+06;7.800698392381936312e+06;8.390415086311783642e+06;9.024578948759429157e+06;9.706524832252124324e+06;1.043983610797858983e+07;1.122836299865839072e+07;1.207624224344993383e+07;1.298791818951431476e+07;1.396816541134781390e+07;1.502211296592057496e+07;1.615527039901664853e+07;1.737355562603055313e+07;1.868332481881165132e+07;2.009140443904209882e+07;2.160512556807326153e+07;2.323236069320129231e+07;2.498156312103504315e+07;2.686180919996436685e+07;2.888284354578318074e+07;3.105512747733806074e+07;3.338989088264735788e+07;3.589918775037786365e+07;3.859595561683793366e+07;4.149407919491896778e+07;4.460845846857681125e+07;4.795508155469820648e+07;5.155110265352755785e+07;5.541492542925583571e+07;5.956629218408260494e+07;6.402637921192521602e+07;6.881789874227973819e+07;7.396520791032658517e+07;7.949442521655234694e+07;8.543355496778768301e+07;9.181262022188609838e+07;9.866380479027223587e+07;1.060216048863237202e+08;1.139229910432825834e+08
