3.822461852061195068e+11;3.821191337355105591e+11;3.819876381466921997e+11;3.818515531959709473e+11;3.817107295798998413e+11;3.815650138669251709e+11;3.814142484310170288e+11;3.812582713874818726e+11;3.810969165312819214e+11;3.809300132780502930e+11;3.807573866080187988e+11;3.805788570133979492e+11;3.803942404494186401e+11;3.802033482892082520e+11;3.800059872829797363e+11;3.798019595221248779e+11;3.795910624078760376e+11;3.793730886258431396e+11;3.791478261258995361e+11;3.789150581084288330e+11;3.786745630171187744e+11;3.784261145385492554e+11;3.781694816093684082e+11;3.779044284309054565e+11;3.776307144922374878e+11;3.773480946016873779e+11;3.770563189274235229e+11;3.767551330473027344e+11;3.764442780087346191e+11;3.761234903986490479e+11;3.757925024241169434e+11;3.754510420039248657e+11;3.750988328717280273e+11;3.747355946907132568e+11;3.743610431805552368e+11;3.739748902567482910e+11;3.735768441826667480e+11;3.731666097347702637e+11;3.727438883810870361e+11;3.723083784732620239e+11;3.718597754525353394e+11;3.713977720696322021e+11;3.709220586188473511e+11;3.704323231865487671e+11;3.699282519142013550e+11;3.694095292758753662e+11;3.688758383703631592e+11;3.683268612281742554e+11;3.677622791332078857e+11;3.671817729590813599e+11;3.665850235203200684e+11;3.659717119382343140e+11;3.653415200214823608e+11;3.646941306613659668e+11;3.640292282415890503e+11;3.633464990628148193e+11;3.626456317815652466e+11;3.619263178638941040e+11;3.611882520532890015e+11;3.604311328533416138e+11;3.596546630249633179e+11;3.588585500979891968e+11;3.580425068977854004e+11;3.572062520864610596e+11;3.563495107190615234e+11;3.554720148147343750e+11;3.545735039433179932e+11;3.536537258272589111e+11;3.527124369590606689e+11;3.517494032346257324e+11;3.507644006026632690e+11;3.497572157299295044e+11;3.487276466830131836e+11;3.476755036262545776e+11;3.466006095359282837e+11;3.455028009306733398e+11;3.443819286177844238e+11;3.432378584551259766e+11;3.420704721281002197e+11;3.408796679410093384e+11;3.396653616218651733e+11;3.384274871396812134e+11;3.371659975325369873e+11;3.358808657452592773e+11;3.345720854745095215e+11;3.332396720190108032e+11;3.318836631326594238e+11;3.305041198774127197e+11;3.291011274729072266e+11;3.276747961393067017e+11;3.262252619293805542e+11;3.247526875456870117e+11;3.232572631383729248e+11;3.217392070788108521e+11;3.201987667036036987e+11;3.186362190238007202e+11;3.170518713938166504e+11;3.154460621334848633e+11;3.138191610978417969e+11;3.121715701880281982e+11;3.105037237968423462e+11;3.088160891828278809e+11;3.071091667660219116e+11;3.053834903395289307e+11;3.036396271899285278e+11;3.018781781209110718e+11;3.000997773740374146e+11;2.983050924410816650e+11;2.964948237625703125e+11;2.946697043079109497e+11;2.928304990330094604e+11;2.909780042111431274e+11;2.891130466348975220e+11;2.872364826861696167e+11;2.853491972734652100e+11;2.834521026354361572e+11;2.815461370113782959e+11;2.796322631798565063e+11;2.777114668682929077e+11;2.757847550363988037e+11;2.738531540387102051e+11;2.719177076716625061e+11;2.699794751121291504e+11;2.680395287553916626e+11;2.660989519619104614e+11;2.641588367226474304e+11;2.622202812544926453e+11;2.602843875374786377e+11
3.945994326525352173e+11;3.944715440071696777e+11;3.943391722097173462e+11;3.942021700929672241e+11;3.940603863346207886e+11;3.939136653844439087e+11;3.937618473935716553e+11;3.936047681458890991e+11;3.934422589912545776e+11;3.932741467819189453e+11;3.931002538114005737e+11;3.929203977567844238e+11;3.927343916244005127e+11;3.925420436995103760e+11;3.923431574999929810e+11;3.921375317347847290e+11;3.919249602671228638e+11;3.917052320831329346e+11;3.914781312661304321e+11;3.912434369769642944e+11;3.910009234409213257e+11;3.907503599416258545e+11;3.904915108220089722e+11;3.902241354934431152e+11;3.899479884527929688e+11;3.896628193082659912e+11;3.893683728143094482e+11;3.890643889159580078e+11;3.887506028034352417e+11;3.884267449767619629e+11;3.880925413214751587e+11;3.877477131956115723e+11;3.873919775281235352e+11;3.870250469297025146e+11;3.866466298158328857e+11;3.862564305427382202e+11;3.858541495565150146e+11;3.854394835559705811e+11;3.850121256690591431e+11;3.845717656435772705e+11;3.841180900523238525e+11;3.836507825129499512e+11;3.831695239224789429e+11;3.826739927071592407e+11;3.821638650873323364e+11;3.816388153578607788e+11;3.810985161838280640e+11;3.805426389119185791e+11;3.799708538973987427e+11;3.793828308466417236e+11;3.787782391753101196e+11;3.781567483822982788e+11;3.775180284389669800e+11;3.768617501942874146e+11;3.761875857951712036e+11;3.754952091224364014e+11;3.747842962419869995e+11;3.740545258715166626e+11;3.733055798622172241e+11;3.725371436959243774e+11;3.717489069974478149e+11;3.709405640619146729e+11;3.701118143975789185e+11;3.692623632836336670e+11;3.683919223435714722e+11;3.675002101336481323e+11;3.665869527470297852e+11;3.656518844334587402e+11;3.646947482345825195e+11;3.637152966351731567e+11;3.627132922302800903e+11;3.616885084083850098e+11;3.606407300508146362e+11;3.595697542470358276e+11;3.584753910264097290e+11;3.573574641056020508e+11;3.562158116520000610e+11;3.550502870624707031e+11;3.538607597570545654e+11;3.526471159871774902e+11;3.514092596569378662e+11;3.501471131574011841e+11;3.488606182115350952e+11;3.475497367292075806e+11;3.462144516697874756e+11;3.448547679105677490e+11;3.434707131186211548e+11;3.420623386231257324e+11;3.406297202855545044e+11;3.391729593636501465e+11;3.376921833662123413e+11;3.361875468940830688e+11;3.346592324630776367e+11;3.331074513041319580e+11;3.315324441356892090e+11;3.299344819027066040e+11;3.283138664769639893e+11;3.266709313124746094e+11;3.250060420502141113e+11;3.233195970656800537e+11;3.216120279529581299e+11;3.198837999386341553e+11;3.181354122193718872e+11;3.163673982163452148e+11;3.145803257399340820e+11;3.127747970589277344e+11;3.109514488674340820e+11;3.091109521442224121e+11;3.072540118987302246e+11;3.053813667986261597e+11;3.034937886745331421e+11;3.015920818976883545e+11;2.996770826272655029e+11;2.977496579247632446e+11;2.958107047333844604e+11;2.938611487215777588e+11;2.919019429905795898e+11;2.899340666467113647e+11;2.879585232408231812e+11;2.859763390769162598e+11;2.839885613952489624e+11;2.819962564342213135e+11;2.800005073777767944e+11;2.780024121960183716e+11;2.760030813870122681e+11;2.740036356305928955e+11;2.720052033637484741e+11;2.700089182903809509e+11
4.073003688091843872e+11;4.071717225630951538e+11;4.070385571180810547e+11;4.069007234895921021e+11;4.067580684455465088e+11;4.066104344293328857e+11;4.064576594845802612e+11;4.062995771818117676e+11;4.061360165471795654e+11;4.059668019937957153e+11;4.057917532555836792e+11;4.056106853244850464e+11;4.054234083908015137e+11;4.052297277873735962e+11;4.050294439378209839e+11;4.048223523092250366e+11;4.046082433696196289e+11;4.043869025507236938e+11;4.041581102162684326e+11;4.039216416362687988e+11;4.036772669679636230e+11;4.034247512433182373e+11;4.031638543641523438e+11;4.028943311049747925e+11;4.026159311237853394e+11;4.023283989819760742e+11;4.020314741730783691e+11;4.017248911612086182e+11;4.014083794297477417e+11;4.010816635403266602e+11;4.007444632030010986e+11;4.003964933578363037e+11;4.000374642684265747e+11;3.996670816277842407e+11;3.992850466768944092e+11;3.988910563367503052e+11;3.984848033536802979e+11;3.980659764588285522e+11;3.976342605418536377e+11;3.971893368395975342e+11;3.967308831392718506e+11;3.962585739973406372e+11;3.957720809737197266e+11;3.952710728817867432e+11;3.947552160543922119e+11;3.942241746259608154e+11;3.936776108309396973e+11;3.931151853184398193e+11;3.925365574836989746e+11;3.919413858156306152e+11;3.913293282613618164e+11;3.907000426067971802e+11;3.900531868742509766e+11;3.893884197360775757e+11;3.887054009450678711e+11;3.880037917809410400e+11;3.872832555132184448e+11;3.865434578802705078e+11;3.857840675843869019e+11;3.850047568029536133e+11;3.842052017154583740e+11;3.833850830464534912e+11;3.825440866243081055e+11;3.816819039557357178e+11;3.807982328161793823e+11;3.798927778558529053e+11;3.789652512217861938e+11;3.780153731954850464e+11;3.770428728466948242e+11;3.760474887029735718e+11;3.750289694354234619e+11;3.739870745603162231e+11;3.729215751568933105e+11;3.718322546011389160e+11;3.707189093157084351e+11;3.695813495354674072e+11;3.684194000888671875e+11;3.672329011945160522e+11;3.660217092727135010e+11;3.647856977710914917e+11;3.635247580037415161e+11;3.622388000030075684e+11;3.609277533823107910e+11;3.595915682090936890e+11;3.582302158857472534e+11;3.568436900368003540e+11;3.554320074000106201e+11;3.539952087188071289e+11;3.525333596330446777e+11;3.510465515649045410e+11;3.495349025964147949e+11;3.479985583343203735e+11;3.464376927585244141e+11;3.448525090488486938e+11;3.432432403857094727e+11;3.416101507190905151e+11;3.399535355003041382e+11;3.382737223708068848e+11;3.365710718020632324e+11;3.348459776797951050e+11;3.330988678266738892e+11;3.313302044568215332e+11;3.295404845549842529e+11;3.277302401746363525e+11;3.259000386476660767e+11;3.240504826995242310e+11;3.221822104636088867e+11;3.202958953885148315e+11;3.183922460327300415e+11;3.164720057411765747e+11;3.145359521987018433e+11;3.125848968564470215e+11;3.106196842267737427e+11;3.086411910443339844e+11;3.066503252903121948e+11;3.046480250788755493e+11;3.026352574049587402e+11;3.006130167538337402e+11;2.985823235738565674e+11;2.965442226148113403e+11;2.944997811355170288e+11;2.924500869852166138e+11;2.903962465647232056e+11;2.883393826742543335e+11;2.862806322563764648e+11;2.842211440426139526e+11;2.821620761150820923e+11;2.801045933937039795e+11
4.203584542083801880e+11;4.202291307080710449e+11;4.200952549895351562e+11;4.199566763597080688e+11;4.198132397887789307e+11;4.196647858289510498e+11;4.195111505348487549e+11;4.193521653854645996e+11;4.191876572082053833e+11;4.190174481052484131e+11;4.188413553824641113e+11;4.186591914812192383e+11;4.184707639135006104e+11;4.182758752005150757e+11;4.180743228153299561e+11;4.178658991297305908e+11;4.176503913658810425e+11;4.174275815529271851e+11;4.171972464892585449e+11;4.169591577106238403e+11;4.167130814646307373e+11;4.164587786920224609e+11;4.161960050152624512e+11;4.159245107349580078e+11;4.156440408342164917e+11;4.153543349920294800e+11;4.150551276055804443e+11;4.147461478224075317e+11;4.144271195826318970e+11;4.140977616718140259e+11;4.137577877851181030e+11;4.134069066029675903e+11;4.130448218789109497e+11;4.126712325399709473e+11;4.122858328003038330e+11;4.118883122880992432e+11;4.114783561867028198e+11;4.110556453898338013e+11;4.106198566718916626e+11;4.101706628732278442e+11;4.097077331010056763e+11;4.092307329459690552e+11;4.087393247152171021e+11;4.082331676816766968e+11;4.077119183499067993e+11;4.071752307392078857e+11;4.066227566833980713e+11;4.060541461480754395e+11;4.054690475651158447e+11;4.048671081845491333e+11;4.042479744440344849e+11;4.036112923555679321e+11;4.029567079099132690e+11;4.022838674983188477e+11;4.015924183516398926e+11;4.008820089967835693e+11;4.001522897303384399e+11;3.994029131092219238e+11;3.986335344586146240e+11;3.978438123962743530e+11;3.970334093741397095e+11;3.962019922360859375e+11;3.953492327927140503e+11;3.944748084121105957e+11;3.935784026273546753e+11;3.926597057600798950e+11;3.917184155604873047e+11;3.907542378634076538e+11;3.897668872606955566e+11;3.887560877897719116e+11;3.877215736382304077e+11;3.866630898647533569e+11;3.855803931359921875e+11;3.844732524795992432e+11;3.833414500530888062e+11;3.821847819284900513e+11;3.810030588926583862e+11;3.797961072625398560e+11;3.785637697153848877e+11;3.773059061330446167e+11;3.760223944597416382e+11;3.747131315722277832e+11;3.733780341615416870e+11;3.720170396245372314e+11;3.706301069640631104e+11;3.692172176955471191e+11;3.677783767580354614e+11;3.663136134271458740e+11;3.648229822271728516e+11;3.633065638390360107e+11;3.617644660010394287e+11;3.601968243979826050e+11;3.586038035351405029e+11;3.569855975920236206e+11;3.553424312513952026e+11;3.536745604982247925e+11;3.519822733832979736e+11;3.502658907453465576e+11;3.485257668860584106e+11;3.467622901915024414e+11;3.449758836935722656e+11;3.431670055650054321e+11;3.413361495410901489e+11;3.394838452615180664e+11;3.376106585257449951e+11;3.357171914549224854e+11;3.338040825545060425e+11;3.318720066704170532e+11;3.299216748338544922e+11;3.279538339879092407e+11;3.259692665918646851e+11;3.239687900978251343e+11;3.219532562954290771e+11;3.199235505219339600e+11;3.178805907339395142e+11;3.158253264396550293e+11;3.137587374899857788e+11;3.116818327287044678e+11;3.095956485025548706e+11;3.075012470328784790e+11;3.053997146521736450e+11;3.032921599094899902e+11;3.011797115500655518e+11;2.990635163755180054e+11;2.969447369925548706e+11;2.948245494586462402e+11;2.927041408346743164e+11;2.905847066557233887e+11
4.337836094134001465e+11;4.336536895468811646e+11;4.335191875019020386e+11;4.333799509878936157e+11;4.332358232917760620e+11;4.330866431925235596e+11;4.329322448770247803e+11;4.327724578576047363e+11;4.326071068912332764e+11;4.324360119009797974e+11;4.322589878998634644e+11;4.320758449174643555e+11;4.318863879295474854e+11;4.316904167912438354e+11;4.314877261738042603e+11;4.312781055057895508e+11;4.310613389185753784e+11;4.308372051968792725e+11;4.306054777347555542e+11;4.303659244973040161e+11;4.301183079886711426e+11;4.298623852268264771e+11;4.295979077253713379e+11;4.293246214832658081e+11;4.290422669824771729e+11;4.287505791944828491e+11;4.284492875958714600e+11;4.281381161935957642e+11;4.278167835605667114e+11;4.274850028818714600e+11;4.271424820122710571e+11;4.267889235455096436e+11;4.264240248958612671e+11;4.260474783925257568e+11;4.256589713873909912e+11;4.252581863764154053e+11;4.248448011354698486e+11;4.244184888709012451e+11;4.239789183852365112e+11;4.235257542584428101e+11;4.230586570454406128e+11;4.225772834898316040e+11;4.220812867543875732e+11;4.215703166687003174e+11;4.210440199941435547e+11;4.205020407065124512e+11;4.199440202963887939e+11;4.193695980877584839e+11;4.187784115744664917e+11;4.181700967753281860e+11;4.175442886074946289e+11;4.169006212781106567e+11;4.162387286945381470e+11;4.155582448930744019e+11;4.148588044858903809e+11;4.141400431262206421e+11;4.134015979921356812e+11;4.126431082877929688e+11;4.118642157631572266e+11;4.110645652513310547e+11;4.102438052235610962e+11;4.094015883616269531e+11;4.085375721478845215e+11;4.076514194722188721e+11;4.067427992561921387e+11;4.058113870942272339e+11;4.048568659113099365e+11;4.038789266377734985e+11;4.028772689004518433e+11;4.018516017303035278e+11;4.008016442867586060e+11;3.997271265980311279e+11;3.986277903179339600e+11;3.975033894987372437e+11;3.963536913797773438e+11;3.951784771922149658e+11;3.939775429787937622e+11;3.927507004291124268e+11;3.914977777293354492e+11;3.902186204260764771e+11;3.889130923037592773e+11;3.875810762742594604e+11;3.862224752782288208e+11;3.848372131964774170e+11;3.834252357699011841e+11;3.819865115264339600e+11;3.805210327127979736e+11;3.790288162284766235e+11;3.775099045597910156e+11;3.759643667105921631e+11;3.743922991264428101e+11;3.727938266085401001e+11;3.711691032134701538e+11;3.695183131341560059e+11;3.678416715575549316e+11;3.661394254938638306e+11;3.644118545718406982e+11;3.626592717946433105e+11;3.608820242501240845e+11;3.590804937695886841e+11;3.572550975281932373e+11;3.554062885808815308e+11;3.535345563267691650e+11;3.516404268955474243e+11;3.497244634487478027e+11;3.477872663894354858e+11;3.458294734735343018e+11;3.438517598164484863e+11;3.418548377885189209e+11;3.398394567936925659e+11;3.378064029257424316e+11;3.357564984971050415e+11;3.336906014355729370e+11;3.316096045454747925e+11;3.295144346294796143e+11;3.274060514693554077e+11;3.252854466636481323e+11;3.231536423217127686e+11;3.210116896146440430e+11;3.188606671843078003e+11;3.167016794128895264e+11;3.145358545568804321e+11;3.123643427496892090e+11;3.101883138794791260e+11;3.080089553486002197e+11;3.058274697237086792e+11;3.036450722850935669e+11;3.014629884866575928e+11
4.475862436891540527e+11;4.474558086559172974e+11;4.473207645654479370e+11;4.471809576426138306e+11;4.470362296075847168e+11;4.468864175862143555e+11;4.467313540214771118e+11;4.465708665864309692e+11;4.464047780987798462e+11;4.462329064373797607e+11;4.460550644609555664e+11;4.458710599296579590e+11;4.456806954290892944e+11;4.454837682979159546e+11;4.452800705589839478e+11;4.450693888544899292e+11;4.448515043853755493e+11;4.446261928557108154e+11;4.443932244222330322e+11;4.441523636495959473e+11;4.439033694716157227e+11;4.436459951593685913e+11;4.433799882961018066e+11;4.431050907599163208e+11;4.428210387145336304e+11;4.425275626085502319e+11;4.422243871839412231e+11;4.419112314942569580e+11;4.415878089329669189e+11;4.412538272725759888e+11;4.409089887151699829e+11;4.405529899547716675e+11;4.401855222519243164e+11;4.398062715217003174e+11;4.394149184346802979e+11;4.390111385324331055e+11;4.385946023571658325e+11;4.381649755968648682e+11;4.377219192455397339e+11;4.372650897798580322e+11;4.367941393521897583e+11;4.363087160002554321e+11;4.358084638746193848e+11;4.352930234833867188e+11;4.347620319552631836e+11;4.342151233206027222e+11;4.336519288113898926e+11;4.330720771798196411e+11;4.324751950359455566e+11;4.318609072046249390e+11;4.312288371015291138e+11;4.305786071287977905e+11;4.299098390899274292e+11;4.292221546241035156e+11;4.285151756599666138e+11;4.277885248887322998e+11;4.270418262565446777e+11;4.262747054757938843e+11;4.254867905556013794e+11;4.246777123511091919e+11;4.238471051312632446e+11;4.229946071651829834e+11;4.221198613268352051e+11;4.212225157174716797e+11;4.203022243063499146e+11;4.193586475889061890e+11;4.183914532623203735e+11;4.174003169186967163e+11;4.163849227549761963e+11;4.153449643002249756e+11;4.142801451594582520e+11;4.131901797741888428e+11;4.120747941993942261e+11;4.109337268968523560e+11;4.097667295444134521e+11;4.085735678611259766e+11;4.073540224478933105e+11;4.061078896430921631e+11;4.048349823929814453e+11;4.035351311361740112e+11;4.022081847012913208e+11;4.008540112173223877e+11;3.994724990354468384e+11;3.980635576609444580e+11;3.966271186942167969e+11;3.951631367785755005e+11;3.936715905535432739e+11;3.921524836109503174e+11;3.906058454512268677e+11;3.890317324376210327e+11;3.874302287443581543e+11;3.858014472958356934e+11;3.841455306924407349e+11;3.824626521192254028e+11;3.807530162324635620e+11;3.790168600192895508e+11;3.772544536251348877e+11;3.754661011432915649e+11;3.736521413609144287e+11;3.718129484551314087e+11;3.699489326326376343e+11;3.680605407071314697e+11;3.661482566065510254e+11;3.642126018043116455e+11;3.622541356674272461e+11;3.602734557142335815e+11;3.582711977757321167e+11;3.562480360529545288e+11;3.542046830649005737e+11;3.521418894800966187e+11;3.500604438265022583e+11;3.479611720742500000e+11;3.458449370862441406e+11;3.437126379325630493e+11;3.415652090650770264e+11;3.394036193492026367e+11;3.372288709511237793e+11;3.350419980791506348e+11;3.328440655789136963e+11;3.306361673835968628e+11;3.284194248208163452e+11;3.261949847792271729e+11;3.239640177392426758e+11;3.217277156729040527e+11;3.194872898196977539e+11;3.172439683461169434e+11;3.149989938975950317e+11;3.127536210531043701e+11
4.617772842816240845e+11;4.616464153647755737e+11;4.615109136067546387e+11;4.613706238623676147e+11;4.612253864032243042e+11;4.610750368239655762e+11;4.609194059494595337e+11;4.607583197431612549e+11;4.605915992169840698e+11;4.604190603430717773e+11;4.602405139673786621e+11;4.600557657259255371e+11;4.598646159635592041e+11;4.596668596558679199e+11;4.594622863346046753e+11;4.592506800166513672e+11;4.590318191376209106e+11;4.588054764897203369e+11;4.585714191647835693e+11;4.583294085030094604e+11;4.580792000473320923e+11;4.578205435045789185e+11;4.575531827134054565e+11;4.572768556197246704e+11;4.569912942601990967e+11;4.566962247541004028e+11;4.563913673044855347e+11;4.560764362088070068e+11;4.557511398797114868e+11;4.554151808768302002e+11;4.550682559496128540e+11;4.547100560923529663e+11;4.543402666115073242e+11;4.539585672063361816e+11;4.535646320629016113e+11;4.531581299625620117e+11;4.527387244052446899e+11;4.523060737477471313e+11;4.518598313584616699e+11;4.513996457879158936e+11;4.509251609566925049e+11;4.504360163603748779e+11;4.499318472925362549e+11;4.494122850858287964e+11;4.488769573718521729e+11;4.483254883597351074e+11;4.477574991344892578e+11;4.471726079744381714e+11;4.465704306888300171e+11;4.459505809753592529e+11;4.453126707979407349e+11;4.446563107846657104e+11;4.439811106464035645e+11;4.432866796155603638e+11;4.425726269054884644e+11;4.418385621901063232e+11;4.410840961039595337e+11;4.403088407624070435e+11;4.395124103018598022e+11;4.386944214399635620e+11;4.378544940553213501e+11;4.369922517869765015e+11;4.361073226527207031e+11;4.351993396869414673e+11;4.342679415967281494e+11;4.333127734368773804e+11;4.323334873029589844e+11;4.313297430425075684e+11;4.303012089839818115e+11;4.292475626831826782e+11;4.281684916871047974e+11;4.270636943146884155e+11;4.259328804545933838e+11;4.247757723791821289e+11;4.235921055752182007e+11;4.223816295899581299e+11;4.211441088933992920e+11;4.198793237551550903e+11;4.185870711364155273e+11;4.172671655957824707e+11;4.159194402084041138e+11;4.145437474978825684e+11;4.131399603794794312e+11;4.117079731138800049e+11;4.102477022696765137e+11;4.087590876934752808e+11;4.072420934853453979e+11;4.056967089776181641e+11;4.041229497147647095e+11;4.025208584312128296e+11;4.008905060244924316e+11;3.992319925200143433e+11;3.975454480236842651e+11;3.958310336585659180e+11;3.940889424806132202e+11;3.923194003692122192e+11;3.905226668869768066e+11;3.886990361032993164e+11;3.868488373762853394e+11;3.849724360863688354e+11;3.830702343158828125e+11;3.811426714675101929e+11;3.791902248153407593e+11;3.772134099813796387e+11;3.752127813306991577e+11;3.731889322782662964e+11;3.711424955006561890e+11;3.690741430455629883e+11;3.669845863329579468e+11;3.648745760409641724e+11;3.627449018709614868e+11;3.605963921857503052e+11;3.584299135160418701e+11;3.562463699304229126e+11;3.540467022647814941e+11;3.518318872080783081e+11;3.496029362419322510e+11;3.473608944323925171e+11;3.451068390730407715e+11;3.428418781801159058e+11;3.405671488407240601e+11;3.382838154166454468e+11;3.359930676073449097e+11;3.336961183772326660e+11;3.313942017527905884e+11;3.290885704969110107e+11;3.267804936689415894e+11;3.244712540799142456e+11
4.763682062444871216e+11;4.762369845861318970e+11;4.761011094020056763e+11;4.759604242924473267e+11;4.758147682000320435e+11;4.756639753115582275e+11;4.755078749611146851e+11;4.753462915338839111e+11;4.751790443715822754e+11;4.750059476792041626e+11;4.748268104336633911e+11;4.746414362948923340e+11;4.744496235191552734e+11;4.742511648754512939e+11;4.740458475649449463e+11;4.738334531442554321e+11;4.736137574525904541e+11;4.733865305434171753e+11;4.731515366209382935e+11;4.729085339819757080e+11;4.726572749636244507e+11;4.723975058972009888e+11;4.721289670690468750e+11;4.718513926884687500e+11;4.715645108639208374e+11;4.712680435871658936e+11;4.709617067266720581e+11;4.706452100305169067e+11;4.703182571393261719e+11;4.699805456101468506e+11;4.696317669514570312e+11;4.692716066701488037e+11;4.688997443311802368e+11;4.685158536303233032e+11;4.681196024805590210e+11;4.677106531130807495e+11;4.672886621931297607e+11;4.668532809514157104e+11;4.664041553317554932e+11;4.659409261553558960e+11;4.654632293023705444e+11;4.649706959112698364e+11;4.644629525964475098e+11;4.639396216846790161e+11;4.634003214706655884e+11;4.628446664922663574e+11;4.622722678257086182e+11;4.616827334010352783e+11;4.610756683383059082e+11;4.604506753046272583e+11;4.598073548920889282e+11;4.591453060172881470e+11;4.584641263418321533e+11;4.577634127146157837e+11;4.570427616353299561e+11;4.563017697395557251e+11;4.555400343051506348e+11;4.547571537801303101e+11;4.539527283315234985e+11;4.531263604151677856e+11;4.522776553666714478e+11;4.514062220124674072e+11;4.505116733016477661e+11;4.495936269573666992e+11;4.486517061485348511e+11;4.476855401805415039e+11;4.466947652054052734e+11;4.456790249506249390e+11;4.446379714667589722e+11;4.435712658930733643e+11;4.424785792410949707e+11;4.413595931959429932e+11;4.402140009347670898e+11;4.390415079621566162e+11;4.378418329621359863e+11;4.366147086663164673e+11;4.353598827380115356e+11;4.340771186712768555e+11;4.327661967050835571e+11;4.314269147514657593e+11;4.300590893371353760e+11;4.286625565576458740e+11;4.272371730431569214e+11;4.257828169348502197e+11;4.242993888701043701e+11;4.227868129755228882e+11;4.212450378657103271e+11;4.196740376457106323e+11;4.180738129148317261e+11;4.164443917694654541e+11;4.147858308013945312e+11;4.130982160890714722e+11;4.113816641775830688e+11;4.096363230436035156e+11;4.078623730411161499e+11;4.060600278229549561e+11;4.042295352333756104e+11;4.023711781660258179e+11;4.004852753819656372e+11;3.985721822813354492e+11;3.966322916227942505e+11;3.946660341838229980e+11;3.926738793556597290e+11;3.906563356655588379e+11;3.886139512196476440e+11;3.865473140594097290e+11;3.844570524245588379e+11;3.823438349155902710e+11;3.802083705491137695e+11;3.780514086995103760e+11;3.758737389203323364e+11;3.736761906398671875e+11;3.714596327251719360e+11;3.692249729096423950e+11;3.669731570797241821e+11;3.647051684172561646e+11;3.624220263941848145e+11;3.601247856179595337e+11;3.578145345259836426e+11;3.554923939292994995e+11;3.531595154061784668e+11;3.508170795472420654e+11;3.484662940556763916e+11;3.461083917063536987e+11;3.437446281694574585e+11;3.413762797051347656e+11;3.390046407370991211e+11;3.366310213142387695e+11
4.913710627486384277e+11;4.912395691297364502e+11;4.911034043955258179e+11;4.909624110083712769e+11;4.908164267020375366e+11;4.906652843800089722e+11;4.905088120140191650e+11;4.903468325437980347e+11;4.901791637776568604e+11;4.900056182947285767e+11;4.898260033485690308e+11;4.896401207730562134e+11;4.894477668903559570e+11;4.892487324217678223e+11;4.890428024014530029e+11;4.888297560935946045e+11;4.886093669134589844e+11;4.883814023526716919e+11;4.881456239089923096e+11;4.879017870215573120e+11;4.876496410114242554e+11;4.873889290284633789e+11;4.871193880046725464e+11;4.868407486147687378e+11;4.865527352445552368e+11;4.862550659672835693e+11;4.859474525292081909e+11;4.856296003442701416e+11;4.853012084990631714e+11;4.849619697682548218e+11;4.846115706415169067e+11;4.842496913620936279e+11;4.838760059781661377e+11;4.834901824072525635e+11;4.830918825145854492e+11;4.826807622058436890e+11;4.822564715350681763e+11;4.818186548282803345e+11;4.813669508235950928e+11;4.809009928281314697e+11;4.804204088926188354e+11;4.799248220041174927e+11;4.794138502974617920e+11;4.788871072859511719e+11;4.783442021115623169e+11;4.777847398157011719e+11;4.772083216302183838e+11;4.766145452897351074e+11;4.760030053650012817e+11;4.753732936183157959e+11;4.747249993804954224e+11;4.740577099502606812e+11;4.733710110157400513e+11;4.726644870985980835e+11;4.719377220205830078e+11;4.711902993924634399e+11;4.704218031257553101e+11;4.696318179666044312e+11;4.688199300521714478e+11;4.679857274890507202e+11;4.671288009536857910e+11;4.662487443145898438e+11;4.653451552758795776e+11;4.644176360420587158e+11;4.634657940037055054e+11;4.624892424435487671e+11;4.614876012627858276e+11;4.604604977273104858e+11;4.594075672330717773e+11;4.583284540908144531e+11;4.572228123291992188e+11;4.560903065164251709e+11;4.549306125995890503e+11;4.537434187614128418e+11;4.525284262941961060e+11;4.512853504901370239e+11;4.500139215477914429e+11;4.487138854941962891e+11;4.473850051217055054e+11;4.460270609392980347e+11;4.446398521374725342e+11;4.432231975656434937e+11;4.417769367214398193e+11;4.403009307505288696e+11;4.387950634556731567e+11;4.372592423136174927e+11;4.356933994980125732e+11;4.340974929063948364e+11;4.324715071891554565e+11;4.308154547777300415e+11;4.291293769092891846e+11;4.274133446449718628e+11;4.256674598777851562e+11;4.238918563267407227e+11;4.220867005128356323e+11;4.202521927121107178e+11;4.183885678815737915e+11;4.164960965517975464e+11;4.145750856814714355e+11;4.126258794674882202e+11;4.106488601044710083e+11;4.086444484875552368e+11;4.066131048513188477e+11;4.045553293384523926e+11;4.024716624907419434e+11;4.003626856558519897e+11;3.982290213021699219e+11;3.960713332351184692e+11;3.938903267079791870e+11;3.916867484200618286e+11;3.894613863962414551e+11;3.872150697411591797e+11;3.849486682627974243e+11;3.826630919595078735e+11;3.803592903665145874e+11;3.780382517570477905e+11;3.757010021953175659e+11;3.733486044382632446e+11;3.709821566850166016e+11;3.686027911726164551e+11;3.662116726188397827e+11;3.638099965131355591e+11;3.613989872582291260e+11;3.589798961661683960e+11;3.565539993134332886e+11;3.541225952610697021e+11;3.516870026477006836e+11;3.492485576630192871e+11
5.067985158082602539e+11;5.066668304340359497e+11;5.065304594372549438e+11;5.063892442590594482e+11;5.062430215454321899e+11;5.060916230414014893e+11;5.059348754856906128e+11;5.057726005060986328e+11;5.056046145155722656e+11;5.054307286097863770e+11;5.052507484659167480e+11;5.050644742433342285e+11;5.048717004863727417e+11;5.046722160296047974e+11;5.044658039057836304e+11;5.042522412570874634e+11;5.040312992501038818e+11;5.038027429944443359e+11;5.035663314661591797e+11;5.033218174360395508e+11;5.030689474031841431e+11;5.028074615344835815e+11;5.025370936106710205e+11;5.022575709792069702e+11;5.019686145147610474e+11;5.016699385876906128e+11;5.013612510413524780e+11;5.010422531784880981e+11;5.007126397578274536e+11;5.003720990009342041e+11;5.000203126103808594e+11;4.996569557998957520e+11;4.992816973367180786e+11;4.988941995975286865e+11;4.984941186377955933e+11;4.980811042761264648e+11;4.976548001933616943e+11;4.972148440479707642e+11;4.967608676076945190e+11;4.962924968984345703e+11;4.958093523711939087e+11;4.953110490871069336e+11;4.947971969218621216e+11;4.942674007895581055e+11;4.937212608867908936e+11;4.931583729576166382e+11;4.925783285793714600e+11;4.919807154704976807e+11;4.913651178202364502e+11;4.907311166406754761e+11;4.900782901417812500e+11;4.894062141291956787e+11;4.887144624254777832e+11;4.880026073145733643e+11;4.872702200099506226e+11;4.865168711462395020e+11;4.857421312945391235e+11;4.849455715012559204e+11;4.841267638503650513e+11;4.832852820492947388e+11;4.824207020373787842e+11;4.815326026179866333e+11;4.806205661126804199e+11;4.796841790380279541e+11;4.787230328044576416e+11;4.777367244366331787e+11;4.767248573151299438e+11;4.756870419390424805e+11;4.746228967087927856e+11;4.735320487293813477e+11;4.724141346325783081e+11;4.712688014186242065e+11;4.700957073162306519e+11;4.688945226609445801e+11;4.676649307908790283e+11;4.664066289595205078e+11;4.651193292650942383e+11;4.638027595958765259e+11;4.624566645905921631e+11;4.610808066134822388e+11;4.596749667431752930e+11;4.582389457741602783e+11;4.567725652305698242e+11;4.552756683902769165e+11;4.537481213187912598e+11;4.521898139109368896e+11;4.506006609389931030e+11;4.489806031051622925e+11;4.473296080964007568e+11;4.456476716390856323e+11;4.439348185508808594e+11;4.421911037865465698e+11;4.404166134748669434e+11;4.386114659422383423e+11;4.367758127196262817e+11;4.349098395279825439e+11;4.330137672375125122e+11;4.310878527958343506e+11;4.291323901192024536e+11;4.271477109413632812e+11;4.251341856139508057e+11;4.230922238515921021e+11;4.210222754157276001e+11;4.189248307298720093e+11;4.168004214194696045e+11;4.146496207693869019e+11;4.124730440914973145e+11;4.102713489958843384e+11;4.080452355575647583e+11;4.057954463728828735e+11;4.035227664981489868e+11;4.012280232642145996e+11;3.989120859610935669e+11;3.965758653867496338e+11;3.942203132552053833e+11;3.918464214591967773e+11;3.894552211839867554e+11;3.870477818687192383e+11;3.846252100138125610e+11;3.821886478325447998e+11;3.797392717469667358e+11;3.772782907286721802e+11;3.748069444865029297e+11;3.723265015039743042e+11;3.698382569310810547e+11;3.673435303353180542e+11;3.648436633193218994e+11;3.623400170123717041e+11
5.226638673568959961e+11;5.225320696487581787e+11;5.223955748719686279e+11;5.222542235633360596e+11;5.221078514020344238e+11;5.219562890999774780e+11;5.217993622924478760e+11;5.216368914292239990e+11;5.214686916665540161e+11;5.212945727597463379e+11;5.211143389574544067e+11;5.209277888971861572e+11;5.207347155029135742e+11;5.205349058847219238e+11;5.203281412413737793e+11;5.201141967653834229e+11;5.198928415518005371e+11;5.196638385107160645e+11;5.194269442838952637e+11;5.191819091661565552e+11;5.189284770319690552e+11;5.186663852677102051e+11;5.183953647100377808e+11;5.181151395911702271e+11;5.178254274912931519e+11;5.175259392990429077e+11;5.172163791803612671e+11;5.168964445565049438e+11;5.165658260918099976e+11;5.162242076918505859e+11;5.158712665127120972e+11;5.155066729819647217e+11;5.151300908320488281e+11;5.147411771468227539e+11;5.143395824220435791e+11;5.139249506401239624e+11;5.134969193604481201e+11;5.130551198254231567e+11;5.125991770833062744e+11;5.121287101283181763e+11;5.116433320588406372e+11;5.111426502543071899e+11;5.106262665713991089e+11;5.100937775604036255e+11;5.095447747020259399e+11;5.089788446652653809e+11;5.083955695874292603e+11;5.077945273759110718e+11;5.071752920329479370e+11;5.065374340034168091e+11;5.058805205462786865e+11;5.052041161295896606e+11;5.045077828498630981e+11;5.037910808757861328e+11;5.030535689163125610e+11;5.022948047135379639e+11;5.015143455601595459e+11;5.007117488417958984e+11;4.998865726037958374e+11;4.990383761426884155e+11;4.981667206218735352e+11;4.972711697118320312e+11;4.963512902537294312e+11;4.954066529470579224e+11;4.944368330603186035e+11;4.934414111645878296e+11;4.924199738895863037e+11;4.913721147017871704e+11;4.902974347038113403e+11;4.891955434552988892e+11;4.880660598137174683e+11;4.869086127958424072e+11;4.857228424579583130e+11;4.845084007955255127e+11;4.832649526607067871e+11;4.819921766979113159e+11;4.806897662960934448e+11;4.793574305575532837e+11;4.779948952825376587e+11;4.766019039683649292e+11;4.751782188230330200e+11;4.737236217917011719e+11;4.722379155953361206e+11;4.707209247803886108e+11;4.691724967781353149e+11;4.675925029722457886e+11;4.659808397730238647e+11;4.643374296963378906e+11;4.626622224453150635e+11;4.609551959924173584e+11;4.592163576590942383e+11;4.574457451905172119e+11;4.556434278217852173e+11;4.538095073321041870e+11;4.519441190832714233e+11;4.500474330379088135e+11;4.481196547530345459e+11;4.461610263437220459e+11;4.441718274120672607e+11;4.421523759350084839e+11;4.401030291058602905e+11;4.380241841224685669e+11;4.359162789161979980e+11;4.337797928143399658e+11;4.316152471293305054e+11;4.294232056675344849e+11;4.272042751505929565e+11;4.249591055415349731e+11;4.226883902693809204e+11;4.203928663441166992e+11;4.180733143559700317e+11;4.157305583518571167e+11;4.133654655825560303e+11;4.109789461154121094e+11;4.085719523059162598e+11;4.061454781245839233e+11;4.037005583338669434e+11;4.012382675124636841e+11;3.987597189235296021e+11;3.962660632258757324e+11;3.937584870266881714e+11;3.912382112762326660e+11;3.887064895060146484e+11;3.861646059124688110e+11;3.836138732902018433e+11;3.810556308193567505e+11;3.784912417133993530e+11;3.759220907343908691e+11
5.389810906046655884e+11;5.388492589996865845e+11;5.387127219119039307e+11;5.385713190904530640e+11;5.384248853684573975e+11;5.382732505497765503e+11;5.381162392958250732e+11;5.379536710125059814e+11;5.377853597378742676e+11;5.376111140304224243e+11;5.374307368584553833e+11;5.372440254907826538e+11;5.370507713891113281e+11;5.368507601024539795e+11;5.366437711637789917e+11;5.364295779894979858e+11;5.362079477821682129e+11;5.359786414363389282e+11;5.357414134489125366e+11;5.354960118335741577e+11;5.352421780402962036e+11;5.349796468802628784e+11;5.347081464567775879e+11;5.344273981025781250e+11;5.341371163243569946e+11;5.338370087549014893e+11;5.335267761135076294e+11;5.332061121753569336e+11;5.328747037503535156e+11;5.325322306722284546e+11;5.321783657987182007e+11;5.318127750230258179e+11;5.314351172978192749e+11;5.310450446723764038e+11;5.306422023430252686e+11;5.302262287187511597e+11;5.297967555014449463e+11;5.293534077823681030e+11;5.288958041555899048e+11;5.284235568483901367e+11;5.279362718702363281e+11;5.274335491805082397e+11;5.269149828759130249e+11;5.263801613980491333e+11;5.258286677620223389e+11;5.252600798068005981e+11;5.246739704673479614e+11;5.240699080699815674e+11;5.234474566507109375e+11;5.228061762974940796e+11;5.221456235167265015e+11;5.214653516242603760e+11;5.207649111614755249e+11;5.200438503366356812e+11;5.193017154916290894e+11;5.185380515944946289e+11;5.177524027575194702e+11;5.169443127815158081e+11;5.161133257255800171e+11;5.152589865026986084e+11;5.143808415011558228e+11;5.134784392310546875e+11;5.125513309964055786e+11;5.115990715916484985e+11;5.106212200232666626e+11;5.096173402550191040e+11;5.085870019773082886e+11;5.075297813995563965e+11;5.064452620653388672e+11;5.053330356899090576e+11;5.041927030189821167e+11;5.030238747089427490e+11;5.018261722272152710e+11;5.005992287725031738e+11;4.993426902141960449e+11;4.980562160501136475e+11;4.967394803820178223e+11;4.953921729082106934e+11;4.940139999321278076e+11;4.926046853864913330e+11;4.911639718718887329e+11;4.896916217086891479e+11;4.881874180016954956e+11;4.866511657158627930e+11;4.850826927620697021e+11;4.834818510914097900e+11;4.818485177964678345e+11;4.801825962177525635e+11;4.784840170530192261e+11;4.767527394678029175e+11;4.749887522039251709e+11;4.731920746837178345e+11;4.713627581065728149e+11;4.695008865345136108e+11;4.676065779628074951e+11;4.656799853718516235e+11;4.637212977554852905e+11;4.617307411211644287e+11;4.597085794566075439e+11;4.576551156575881348e+11;4.555706924107567749e+11;4.534556930256489258e+11;4.513105422089631348e+11;4.491357067748696289e+11;4.469316962840234985e+11;4.446990636043598022e+11;4.424384053865580444e+11;4.401503624464712524e+11;4.378356200478131714e+11;4.354949080773034058e+11;4.331290011055810547e+11;4.307387183268264771e+11;4.283249233706055298e+11;4.258885239794952393e+11;4.234304715470469360e+11;4.209517605105553589e+11;4.184534275942687988e+11;4.159365508987770386e+11;4.134022488339683838e+11;4.108516788928210449e+11;4.082860362646281738e+11;4.057065522880650024e+11;4.031144927437306519e+11;4.005111559890411987e+11;3.978978709378280029e+11;3.952759948890849609e+11;3.926469112105955811e+11;3.900120268837196655e+11
5.557648616087464600e+11;5.556330733674274902e+11;5.554965742242066650e+11;5.553552032564869385e+11;5.552087945715710449e+11;5.550571771899265137e+11;5.549001749280924072e+11;5.547376062817791748e+11;5.545692843093489990e+11;5.543950165156126709e+11;5.542146047366750488e+11;5.540278450258980713e+11;5.538345275410651855e+11;5.536344364336307373e+11;5.534273497397232666e+11;5.532130392740048828e+11;5.529912705260614014e+11;5.527618025603969727e+11;5.525243879198046875e+11;5.522787725333013916e+11;5.520246956283995361e+11;5.517618896487917480e+11;5.514900801776674805e+11;5.512089858671807861e+11;5.509183183748670654e+11;5.506177823074941406e+11;5.503070751728087158e+11;5.499858873402226562e+11;5.496539020104754639e+11;5.493107951957097168e+11;5.489562357098981934e+11;5.485898851710827026e+11;5.482113980153013916e+11;5.478204215238266602e+11;5.474165958639519043e+11;5.469995541438781128e+11;5.465689224833421021e+11;5.461243200997579346e+11;5.456653594111420898e+11;5.451916461569447632e+11;5.447027795365516357e+11;5.441983523673644409e+11;5.436779512623477783e+11;5.431411568282573242e+11;5.425875438850842896e+11;5.420166817073515625e+11;5.414281342881421509e+11;5.408214606262214966e+11;5.401962150371632690e+11;5.395519474886398926e+11;5.388882039607249146e+11;5.382045268315569458e+11;5.375004552886820679e+11;5.367755257665664062e+11;5.360292724106527100e+11;5.352612275676696167e+11;5.344709223032812500e+11;5.336578869463192749e+11;5.328216516599984131e+11;5.319617470402776489e+11;5.310777047409446411e+11;5.301690581255161743e+11;5.292353429454241333e+11;5.282760980447731934e+11;5.272908660905925293e+11;5.262791943289450073e+11;5.252406353657760010e+11;5.241747479726543579e+11;5.230810979161708374e+11;5.219592588111903687e+11;5.208088129966007690e+11;5.196293524334812622e+11;5.184204796247821655e+11;5.171818085557022095e+11;5.159129656543079224e+11;5.146135907714254150e+11;5.132833381791158447e+11;5.119218775868276367e+11;5.105288951744304199e+11;5.091040946413889160e+11;5.076471982706502686e+11;5.061579480068363647e+11;5.046361065470380859e+11;5.030814584434453125e+11;5.014938112163340454e+11;4.998729964758633423e+11;4.982188710513218994e+11;4.965313181257297974e+11;4.948102483741536255e+11;4.930556011032098999e+11;4.912673453896123657e+11;4.894454812146774902e+11;4.875900405921762695e+11;4.857010886860645752e+11;4.837787249141331787e+11;4.818230840341367798e+11;4.798343372077367554e+11;4.778126930375742188e+11;4.757583985724935913e+11;4.736717402756226807e+11;4.715530449492563477e+11;4.694026806109298096e+11;4.672210573137854614e+11;4.650086279051854248e+11;4.627658887158987427e+11;4.604933801739027710e+11;4.581916873343144531e+11;4.558614403190685425e+11;4.535033146584364014e+11;4.511180315274662476e+11;4.487063578697717896e+11;4.462691064015192871e+11;4.438071354894892578e+11;4.413213488956652222e+11;4.388126953831727905e+11;4.362821681776397705e+11;4.337308042786636963e+11;4.311596836177662354e+11;4.285699280585775757e+11;4.259627002366718140e+11;4.233392022374727173e+11;4.207006741109804688e+11;4.180483922235897827e+11;4.153836674482887573e+11;4.127078431958132324e+11;4.100222932900624390e+11;4.073284196927630005e+11;4.046276500837009277e+11
5.730305909885339355e+11;5.728989220116966553e+11;5.727625396645515137e+11;5.726212824678341064e+11;5.724749839223558350e+11;5.723234723888389893e+11;5.721665709672835693e+11;5.720040973761016846e+11;5.718358638315496826e+11;5.716616769274647217e+11;5.714813375154355469e+11;5.712946405860667725e+11;5.711013751512954102e+11;5.709013241283618164e+11;5.706942642254766846e+11;5.704799658298936768e+11;5.702581928984548340e+11;5.700287028512287598e+11;5.697912464686093750e+11;5.695455677922615967e+11;5.692914040306595459e+11;5.690284854691669922e+11;5.687565353860239258e+11;5.684752699738721924e+11;5.681843982680494385e+11;5.678836220820749512e+11;5.675726359507291260e+11;5.672511270818725586e+11;5.669187753168515625e+11;5.665752531013270264e+11;5.662202254659638672e+11;5.658533500187784424e+11;5.654742769492435303e+11;5.650826490451025391e+11;5.646781017228129883e+11;5.642602630721320801e+11;5.638287539159079590e+11;5.633831878856033936e+11;5.629231715137281494e+11;5.624483043434946289e+11;5.619581790571026611e+11;5.614523816229730225e+11;5.609304914628780518e+11;5.603920816398654785e+11;5.598367190675612793e+11;5.592639647418359375e+11;5.586733739952104492e+11;5.580644967750742188e+11;5.574368779460129395e+11;5.567900576173374023e+11;5.561235714956179199e+11;5.554369512637838135e+11;5.547297249863380127e+11;5.540014175416076660e+11;5.532515510813099365e+11;5.524796455176632080e+11;5.516852190383859863e+11;5.508677886495725098e+11;5.500268707467833252e+11;5.491619817143439331e+11;5.482726385525397949e+11;5.473583595329479370e+11;5.464186648815665894e+11;5.454530774895848389e+11;5.444611236511907349e+11;5.434423338285412598e+11;5.423962434430435181e+11;5.413223936925418701e+11;5.402203323941201782e+11;5.390896148514630127e+11;5.379298047465405884e+11;5.367404750547657471e+11;5.355212089828576660e+11;5.342716009288322144e+11;5.329912574629986572e+11;5.316797983294562988e+11;5.303368574672999268e+11;5.289620840499639893e+11;5.275551435428310547e+11;5.261157187770755005e+11;5.246435110396160278e+11;5.231382411772512817e+11;5.215996507144809570e+11;5.200275029836303711e+11;5.184215842652938232e+11;5.167817049387970581e+11;5.151077006398278198e+11;5.133994334244877319e+11;5.116567929370276489e+11;5.098796975796072388e+11;5.080680956815220337e+11;5.062219666651186523e+11;5.043413222058651123e+11;5.024262073828103638e+11;5.004767018164235229e+11;4.984929207896944580e+11;4.964750163483924561e+11;4.944231783757494507e+11;4.923376356370250854e+11;4.902186567882241211e+11;4.880665513440304565e+11;4.858816705980549316e+11;4.836644084901915283e+11;4.814152024137443237e+11;4.791345339559868164e+11;4.768229295646087646e+11;4.744809611336817627e+11;4.721092465007224121e+11;4.697084498484622192e+11;4.672792820029601440e+11;4.648225006217022095e+11;4.623389102634503174e+11;4.598293623334724121e+11;4.572947548972865601e+11;4.547360323563195801e+11;4.521541849798365479e+11;4.495502482875433960e+11;4.469253022783764648e+11;4.442804705010874023e+11;4.416169189636004028e+11;4.389358548789389648e+11;4.362385252455648193e+11;4.335262152628034668e+11;4.308002465809873047e+11;4.280619753887528076e+11;4.253127903403767090e+11;4.225541103270851440e+11;4.197873820984258423e+11
5.907944557178873291e+11;5.906629803733148193e+11;5.905267920894586182e+11;5.903857289440555420e+11;5.902396239495004883e+11;5.900883049293474121e+11;5.899315943939967041e+11;5.897693094164217529e+11;5.896012615074205322e+11;5.894272564913778076e+11;5.892470943819968262e+11;5.890605692590708008e+11;5.888674691459066162e+11;5.886675758882719727e+11;5.884606650347481689e+11;5.882465057192041016e+11;5.880248605455010986e+11;5.877954854750181885e+11;5.875581297173907471e+11;5.873125356247331543e+11;5.870584385902492676e+11;5.867955669511854248e+11;5.865236418969946289e+11;5.862423773832572021e+11;5.859514800518898926e+11;5.856506491581105957e+11;5.853395765048712158e+11;5.850179463855812988e+11;5.846854355356110840e+11;5.843417130931270752e+11;5.839864405704200439e+11;5.836192718359504395e+11;5.832398531083508301e+11;5.828478229626915283e+11;5.824428123502998047e+11;5.820244446324868164e+11;5.815923356293231201e+11;5.811460936840889893e+11;5.806853197444832764e+11;5.802096074610441895e+11;5.797185433040875244e+11;5.792117066997692871e+11;5.786886701858775635e+11;5.781489995888336182e+11;5.775922542220515137e+11;5.770179871066867676e+11;5.764257452159066162e+11;5.758150697428104248e+11;5.751854963931701660e+11;5.745365557034792480e+11;5.738677733852145996e+11;5.731786706954100342e+11;5.724687648345842285e+11;5.717375693723172607e+11;5.709845947008918457e+11;5.702093485173823242e+11;5.694113363346378174e+11;5.685900620212056885e+11;5.677450283703912354e+11;5.668757376988229980e+11;5.659816924741397705e+11;5.650623959720047607e+11;5.641173529622532959e+11;5.631460704241049805e+11;5.621480582898339844e+11;5.611228302168671875e+11;5.600699043876276855e+11;5.589888043371761475e+11;5.578790598071697998e+11;5.567402076264523926e+11;5.555717926171162109e+11;5.543733685254097900e+11;5.531444989768391113e+11;5.518847584543833008e+11;5.505937332994509277e+11;5.492710227340723877e+11;5.479162399040438232e+11;5.465290129414810791e+11;5.451089860461528931e+11;5.436558205844434204e+11;5.421691962046878052e+11;5.406488119681114502e+11;5.390943874934902954e+11;5.375056641150484009e+11;5.358824060514770508e+11;5.342244015848338623e+11;5.325314642481057739e+11;5.308034340186892700e+11;5.290401785169644165e+11;5.272415942068115234e+11;5.254076075965743408e+11;5.235381764373771973e+11;5.216332909158819580e+11;5.196929748389957886e+11;5.177172868062893066e+11;5.157063213671397705e+11;5.136602101578241577e+11;5.115791230149713745e+11;5.094632690597661743e+11;5.073128977483540649e+11;5.051282998829550171e+11;5.029098085775205078e+11;5.006578001720314331e+11;4.983726950892926636e+11;4.960549586266377563e+11;4.937051016768071899e+11;4.913236813694730835e+11;4.889113016271231079e+11;4.864686136274816284e+11;4.839963161647183228e+11;4.814951559024414062e+11;4.789659275108059692e+11;4.764094736806074219e+11;4.738266850073716431e+11;4.712184997388395996e+11;4.685859033794977417e+11;4.659299281467363892e+11;4.632516522728624878e+11;4.605521991493474121e+11;4.578327363087316284e+11;4.550944742418815918e+11;4.523386650483712158e+11;4.495666009190193481e+11;4.467796124508708496e+11;4.439790667954123535e+11;4.411663656426892700e+11;4.383429430450676270e+11;4.355102630850592041e+11
6.090734309288634033e+11;6.089422218884752197e+11;6.088063031811506348e+11;6.086655125538593750e+11;6.085196826471994629e+11;6.083686408683397217e+11;6.082122092637550049e+11;6.080502043911425781e+11;6.078824371910703125e+11;6.077087128585004883e+11;6.075288307146511230e+11;6.073425840789986572e+11;6.071497601422681885e+11;6.069501398403007812e+11;6.067434977292702637e+11;6.065296018626679688e+11;6.063082136703996582e+11;6.060790878401848145e+11;6.058419722020253906e+11;6.055966076159639893e+11;6.053427278637131348e+11;6.050800595444216309e+11;6.048083219754409180e+11;6.045272270985633545e+11;6.042364793918491211e+11;6.039357757884279785e+11;6.036248056022427979e+11;6.033032504616507568e+11;6.029707842516428223e+11;6.026270730651422119e+11;6.022717751643937988e+11;6.019045409528345947e+11;6.015250129586737061e+11;6.011328258305198975e+11;6.007276063461801758e+11;6.003089734353411865e+11;5.998765382169169922e+11;5.994299040521855469e+11;5.989686666139949951e+11;5.984924139738858643e+11;5.980007267068471680e+11;5.974931780156083984e+11;5.969693338747084961e+11;5.964287531954619141e+11;5.958709880127385254e+11;5.952955836941118164e+11;5.947020791727396240e+11;5.940900072042364502e+11;5.934588946485500488e+11;5.928082627777709961e+11;5.921376276102595215e+11;5.914465002719826660e+11;5.907343873856210938e+11;5.900007914879599609e+11;5.892452114762132568e+11;5.884671430835003662e+11;5.876660793842764893e+11;5.868415113294270020e+11;5.859929283118568115e+11;5.851198187624836426e+11;5.842216707765186768e+11;5.832979727705371094e+11;5.823482141698010254e+11;5.813718861260203857e+11;5.803684822649976807e+11;5.793374994641568604e+11;5.782784386595351562e+11;5.771908056813226318e+11;5.760741121181712646e+11;5.749278762089501953e+11;5.737516237617829590e+11;5.725448890993194580e+11;5.713072160295643311e+11;5.700381588415656738e+11;5.687372833246998291e+11;5.674041678110523682e+11;5.660384042394255371e+11;5.646395992405792236e+11;5.632073752417791748e+11;5.617413715903988037e+11;5.602412456946933594e+11;5.587066741810415039e+11;5.571373540660115967e+11;5.555330039419635010e+11;5.538933651748587646e+11;5.522182031126418457e+11;5.505073083024559326e+11;5.487604977149160156e+11;5.469776159738587646e+11;5.451585365886130981e+11;5.433031631874232788e+11;5.414114307489039917e+11;5.394833068287743530e+11;5.375187927792508545e+11;5.355179249572127075e+11;5.334807759179538574e+11;5.314074555904252319e+11;5.292981124295769043e+11;5.271529345415302124e+11;5.249721507760575562e+11;5.227560317816069336e+11;5.205048910169810791e+11;5.182190857134094238e+11;5.158990177810816650e+11;5.135451346534758911e+11;5.111579300621995239e+11;5.087379447356444092e+11;5.062857670139757690e+11;5.038020333730934448e+11;5.012874288497082520e+11;4.987426873605487061e+11;4.961685919076586914e+11;4.935659746627207031e+11;4.909357169231825562e+11;4.882787489331903687e+11;4.855960495628507690e+11;4.828886458399362183e+11;4.801576123281540527e+11;4.774040703473157349e+11;4.746291870312593994e+11;4.718341742198534546e+11;4.690202871830588989e+11;4.661888231748291626e+11;4.633411198170587158e+11;4.604785533137597046e+11;4.576025364970170898e+11;4.547145167083288574e+11;4.518159735188439331e+11
6.278853216632863770e+11;6.277544497510363770e+11;6.276188742213211670e+11;6.274784326007677002e+11;6.273329572726662598e+11;6.271822753470612793e+11;6.270262085301871338e+11;6.268645729928580322e+11;6.266971792386303711e+11;6.265238319715393066e+11;6.263443299636517334e+11;6.261584659230463867e+11;6.259660263621447754e+11;6.257667914667846680e+11;6.255605349663861084e+11;6.253470240057377930e+11;6.251260190183192139e+11;6.248972736019394531e+11;6.246605343971442871e+11;6.244155409683129883e+11;6.241620256885930176e+11;6.238997136286450195e+11;6.236283224501398926e+11;6.233475623039150391e+11;6.230571357341195068e+11;6.227567375885430908e+11;6.224460549356553955e+11;6.221247669892634277e+11;6.217925450413356934e+11;6.214490524036853027e+11;6.210939443593327637e+11;6.207268681242993164e+11;6.203474628203492432e+11;6.199553594599620361e+11;6.195501809439145508e+11;6.191315420725631104e+11;6.186990495716347656e+11;6.182523021333906250e+11;6.177908904740841064e+11;6.173143974084522705e+11;6.168223979425798340e+11;6.163144593855615234e+11;6.157901414810328369e+11;6.152489965598355713e+11;6.146905697141214600e+11;6.141143989944569092e+11;6.135200156300084229e+11;6.129069442737854004e+11;6.122747032724735107e+11;6.116228049628024902e+11;6.109507559946665039e+11;6.102580576817382812e+11;6.095442063804626465e+11;6.088086938979411621e+11;6.080510079293831787e+11;6.072706325257082520e+11;6.064670485913088379e+11;6.056397344132590332e+11;6.047881662212916260e+11;6.039118187795286865e+11;6.030101660098006592e+11;6.020826816465955811e+11;6.011288399238759766e+11;6.001481162934139404e+11;5.991399881746834717e+11;5.981039357358096924e+11;5.970394427056168213e+11;5.959459972157744141e+11;5.948230926730932617e+11;5.936702286610709229e+11;5.924869118699866943e+11;5.912726570551268311e+11;5.900269880217930908e+11;5.887494386368986816e+11;5.874395538655480957e+11;5.860968908321968994e+11;5.847210199048361816e+11;5.833115258016231689e+11;5.818680087181851807e+11;5.803900854752624512e+11;5.788773906844169922e+11;5.773295779313742676e+11;5.757463209752137451e+11;5.741273149618535156e+11;5.724722776508874512e+11;5.707809506533356934e+11;5.690531006793801270e+11;5.672885207939097900e+11;5.654870316775426025e+11;5.636484828919935303e+11;5.617727541463364258e+11;5.598597565624702148e+11;5.579094339367630615e+11;5.559217639947811279e+11;5.538967596362960205e+11;5.518344701663494873e+11;5.497349825094238892e+11;5.475984224018218384e+11;5.454249555580173340e+11;5.432147888064141846e+11;5.409681711889611816e+11;5.386853950190955811e+11;5.363667968927506714e+11;5.340127586450468140e+11;5.316237082476159058e+11;5.292001206385101318e+11;5.267425184783091431e+11;5.242514728250410767e+11;5.217276037203618164e+11;5.191715806795408325e+11;5.165841230775970459e+11;5.139660004241373291e+11;5.113180325191032104e+11;5.086410894824194946e+11;5.059360916499583740e+11;5.032040093296116943e+11;5.004458624106088867e+11;4.976627198203270874e+11;4.948556988235573730e+11;4.920259641589114380e+11;4.891747270094202271e+11;4.863032438034479980e+11;4.834128148444546509e+11;4.805047827679911499e+11;4.775805308264020386e+11;4.746414810018583374e+11;4.716890919505426025e+11;4.687248567809859009e+11
6.472487945121458740e+11;6.471183285632255859e+11;6.469831677534066162e+11;6.468431494972731934e+11;6.466981060333123779e+11;6.465478642914354248e+11;6.463922457590582275e+11;6.462310663464047852e+11;6.460641362511894531e+11;6.458912598226010742e+11;6.457122354249273682e+11;6.455268553015742188e+11;6.453349054387803955e+11;6.451361654302694092e+11;6.449304083423868408e+11;6.447174005807622070e+11;6.444969017582354736e+11;6.442686645647661133e+11;6.440324346397338867e+11;6.437879504467460938e+11;6.435349431520620117e+11;6.432731365062480469e+11;6.430022467303094482e+11;6.427219824064672852e+11;6.424320443742558594e+11;6.421321256324652100e+11;6.418219112476602783e+11;6.415010782698607178e+11;6.411692956560042725e+11;6.408262242019960938e+11;6.404715164840858154e+11;6.401048168102435303e+11;6.397257611823745117e+11;6.393339772701501465e+11;6.389290843974476318e+11;6.385106935419055176e+11;6.380784073490010986e+11;6.376318201608991699e+11;6.371705180617202148e+11;6.366940789393541260e+11;6.362020725656661377e+11;6.356940606949986572e+11;6.351695971830527344e+11;6.346282281261785889e+11;6.340694920223802490e+11;6.334929199553498535e+11;6.328980358016484375e+11;6.322843564628310547e+11;6.316513921226524658e+11;6.309986465310227051e+11;6.303256173146281738e+11;6.296317963159041748e+11;6.289166699606312256e+11;6.281797196548803711e+11;6.274204222123376465e+11;6.266382503119998779e+11;6.258326729876160889e+11;6.250031561484401855e+11;6.241491631324680176e+11;6.232701552919681396e+11;6.223655926118437500e+11;6.214349343609581299e+11;6.204776397762391357e+11;6.194931687797021484e+11;6.184809827287436523e+11;6.174405451985400391e+11;6.163713227969533691e+11;6.152727860116463623e+11;6.141444100882878418e+11;6.129856759399382324e+11;6.117960710865373535e+11;6.105750906241651611e+11;6.093222382226468506e+11;6.080370271514473877e+11;6.067189813320423584e+11;6.053676364164609375e+11;6.039825408904296875e+11;6.025632572003288574e+11;6.011093629023151855e+11;5.996204518329715576e+11;5.980961352995827637e+11;5.965360432888731689e+11;5.949398256930823975e+11;5.933071535511967773e+11;5.916377203044426270e+11;5.899312430640045166e+11;5.881874638891862793e+11;5.864061510743465576e+11;5.845871004424512939e+11;5.827301366432705078e+11;5.808351144535504150e+11;5.789019200772274170e+11;5.769304724424250488e+11;5.749207244927750244e+11;5.728726644696099854e+11;5.707863171816562500e+11;5.686617452585942383e+11;5.664990503842937012e+11;5.642983745055262451e+11;5.620599010112947998e+11;5.597838558778830566e+11;5.574705087741590576e+11;5.551201741214085693e+11;5.527332121016586914e+11;5.503100296081512451e+11;5.478510811309488525e+11;5.453568695714504395e+11;5.428279469775838013e+11;5.402649151932514038e+11;5.376684264138312378e+11;5.350391836404041748e+11;5.323779410249817505e+11;5.296855040989608154e+11;5.269627298775695190e+11;5.242105268327418823e+11;5.214298547275039062e+11;5.186217243051804810e+11;5.157871968270147705e+11;5.129273834528683472e+11;5.100434444596539917e+11;5.071365882931400757e+11;5.042080704497817383e+11;5.012591921857216187e+11;4.982912990516401367e+11;4.953057792522205811e+11;4.923040618313847656e+11;4.892876146843563232e+11;4.862579424000454712e+11
6.671834090865515137e+11;6.670534158183605957e+11;6.669187390775548096e+11;6.667792162725133057e+11;6.666346796072055664e+11;6.664849559457800293e+11;6.663298666760146484e+11;6.661692275713155518e+11;6.660028486521503906e+11;6.658305340463891602e+11;6.656520818495637207e+11;6.654672839844675293e+11;6.652759260608504639e+11;6.650777872356569824e+11;6.648726400733685303e+11;6.646602504077154541e+11;6.644403772041840820e+11;6.642127724246033936e+11;6.639771808932987061e+11;6.637333401660543213e+11;6.634809804016723633e+11;6.632198242370775146e+11;6.629495866662855225e+11;6.626699749234353027e+11;6.623806883714020996e+11;6.620814183952745361e+11;6.617718483024497070e+11;6.614516532293492432e+11;6.611205000556596680e+11;6.607780473266763916e+11;6.604239451848200684e+11;6.600578353103936768e+11;6.596793508733325195e+11;6.592881164958911133e+11;6.588837482275212402e+11;6.584658535329780273e+11;6.580340312940241699e+11;6.575878718262033691e+11;6.571269569112237549e+11;6.566508598460252686e+11;6.561591455097739258e+11;6.556513704490404053e+11;6.551270829831973877e+11;6.545858233299562988e+11;6.540271237527650146e+11;6.534505087308937988e+11;6.528554951529001465e+11;6.522415925349267578e+11;6.516083032643181152e+11;6.509551228700114746e+11;6.502815403199090576e+11;6.495870383468666992e+11;6.488710938037180176e+11;6.481331780480568848e+11;6.473727573578041992e+11;6.465892933780773926e+11;6.457822436000159912e+11;6.449510618721324463e+11;6.440951989446959229e+11;6.432141030475660400e+11;6.423072205016817627e+11;6.413739963647674561e+11;6.404138751108513184e+11;6.394263013444113770e+11;6.384107205482535400e+11;6.373665798659372559e+11;6.362933289175541992e+11;6.351904206492596436e+11;6.340573122158264160e+11;6.328934658956364746e+11;6.316983500377100830e+11;6.304714400399184570e+11;6.292122193575517578e+11;6.279201805415506592e+11;6.265948263050828857e+11;6.252356706179367676e+11;6.238422398270639648e+11;6.224140738025639648e+11;6.209507271074586182e+11;6.194517701903605957e+11;6.179167905992554932e+11;6.163453942151097412e+11;6.147372065040573730e+11;6.130918737860454102e+11;6.114090645188260498e+11;6.096884705952979736e+11;6.079298086522448730e+11;6.061328213890539551e+11;6.042972788936684570e+11;6.024229799742683105e+11;6.005097534939603271e+11;5.985574597060090332e+11;5.965659915873504639e+11;5.945352761666546631e+11;5.924652758449965820e+11;5.903559897045959473e+11;5.882074548026738281e+11;5.860197474465126953e+11;5.837929844449516602e+11;5.815273243324531250e+11;5.792229685600700684e+11;5.768801626488483887e+11;5.744991972994000244e+11;5.720804094521240234e+11;5.696241832918074951e+11;5.671309511895429688e+11;5.646011945760574951e+11;5.620354447382554932e+11;5.594342835322501221e+11;5.567983440055012207e+11;5.541283109198032227e+11;5.514249211678991699e+11;5.486889640759655151e+11;5.459212815841400146e+11;5.431227682975484619e+11;5.402943714009788208e+11;5.374370904296931763e+11;5.345519768904000854e+11;5.316401337257532959e+11;5.287027146173330688e+11;5.257409231221815186e+11;5.227560116387033691e+11;5.197492801991564331e+11;5.167220750857910156e+11;5.136757872703197021e+11;5.106118506756196289e+11;5.075317402614644775e+11;5.044369699359379883e+11
6.877096492715322266e+11;6.875801931662864990e+11;6.874460675281594238e+11;6.873071098626116943e+11;6.871631524465966797e+11;6.870140221904514160e+11;6.868595404985112305e+11;6.866995231284836426e+11;6.865337800492989502e+11;6.863621152984853516e+11;6.861843268386448975e+11;6.860002064133038330e+11;6.858095394025231934e+11;6.856121046789681396e+11;6.854076744635220947e+11;6.851960141823363037e+11;6.849768823241995850e+11;6.847500302995476074e+11;6.845152023012838135e+11;6.842721351672673340e+11;6.840205582460241699e+11;6.837601932647489014e+11;6.834907542015694580e+11;6.832119471611540527e+11;6.829234702555139160e+11;6.826250134894827881e+11;6.823162586524091797e+11;6.819968792160198975e+11;6.816665402393143311e+11;6.813248982816424561e+11;6.809716013238511963e+11;6.806062886991199951e+11;6.802285910336516113e+11;6.798381301983646240e+11;6.794345192723378906e+11;6.790173625189666748e+11;6.785862553755991211e+11;6.781407844575334473e+11;6.776805275777861328e+11;6.772050537828876953e+11;6.767139234063166504e+11;6.762066881401683350e+11;6.756828911263875732e+11;6.751420670683120117e+11;6.745837423637065430e+11;6.740074352603741455e+11;6.734126560353187256e+11;6.727989071981977539e+11;6.721656837208524170e+11;6.715124732928239746e+11;6.708387566048631592e+11;6.701440076607468262e+11;6.694276941183596191e+11;6.686892776613843994e+11;6.679282144015701904e+11;6.671439553134542236e+11;6.663359467010725098e+11;6.655036306983367920e+11;6.646464458029104004e+11;6.637638274445201416e+11;6.628552085879421387e+11;6.619200203709445801e+11;6.609576927776851807e+11;6.599676553474775391e+11;6.589493379188359375e+11;6.579021714092336426e+11;6.568255886299479980e+11;6.557190251360428467e+11;6.545819201108006592e+11;6.534137172844819336e+11;6.522138658867288818e+11;6.509818216316185303e+11;6.497170477352407227e+11;6.484190159642678223e+11;6.470872077150170898e+11;6.457211151217536621e+11;6.443202421930618896e+11;6.428841059753361816e+11;6.414122377417318115e+11;6.399041842055297852e+11;6.383595087564036865e+11;6.367777927179249268e+11;6.351586366248518066e+11;6.335016615187797852e+11;6.318065102599921875e+11;6.300728488540192871e+11;6.283003677911311035e+11;6.264887833961864014e+11;6.246378391876542969e+11;6.227473072428232422e+11;6.208169895672330322e+11;6.188467194656828613e+11;6.168363629123327637e+11;6.147858199167391357e+11;6.126950258831051025e+11;6.105639529591219482e+11;6.083926113708972168e+11;6.061810507402709961e+11;6.039293613804138184e+11;6.016376755647003174e+11;5.993061687649323730e+11;5.969350608532019043e+11;5.945246172620903320e+11;5.920751500973127441e+11;5.895870191972258301e+11;5.870606331316916504e+11;5.844964501348135986e+11;5.818949789634455566e+11;5.792567796747540283e+11;5.765824643155147705e+11;5.738726975147160645e+11;5.711281969727661133e+11;5.683497338387202148e+11;5.655381329682382812e+11;5.626942730542965088e+11;5.598190866235592041e+11;5.569135598909506836e+11;5.539787324656020508e+11;5.510156969018182373e+11;5.480255980894272461e+11;5.450096324776734009e+11;5.419690471289307861e+11;5.389051385978602905e+11;5.358192516334468384e+11;5.327127777023887939e+11;5.295871533324013062e+11;5.264438582764872437e+11;5.232844134990733032e+11
7.088489542183114014e+11;7.087200974177896729e+11;7.085865874908121338e+11;7.084482621405004883e+11;7.083049538214005127e+11;7.081564895989233398e+11;7.080026910074591064e+11;7.078433739068446045e+11;7.076783483373431396e+11;7.075074183737813721e+11;7.073303819786447754e+11;7.071470308542177734e+11;7.069571502945869141e+11;7.067605190372490234e+11;7.065569091146212158e+11;7.063460857062770996e+11;7.061278069915491943e+11;7.059018240032929688e+11;7.056678804829243164e+11;7.054257127376359863e+11;7.051750494992720947e+11;7.049156117865286865e+11;7.046471127696473389e+11;7.043692576394880371e+11;7.040817434804053955e+11;7.037842591479226074e+11;7.034764851520147705e+11;7.031580935462943115e+11;7.028287478240004883e+11;7.024881028212766113e+11;7.021358046286297607e+11;7.017714905113758545e+11;7.013947888396793213e+11;7.010053190290626221e+11;7.006026914923941650e+11;7.001865076041120605e+11;6.997563596775166016e+11;6.993118309562315674e+11;6.988524956207656250e+11;6.983779188110166016e+11;6.978876566658985596e+11;6.973812563811688232e+11;6.968582562860349121e+11;6.963181859404169922e+11;6.957605662530472412e+11;6.951849096221724854e+11;6.945907200994603271e+11;6.939774935785499268e+11;6.933447180088665771e+11;6.926918736363612061e+11;6.920184332715526123e+11;6.913238625863027344e+11;6.906076204402016602e+11;6.898691592374904785e+11;6.891079253152854004e+11;6.883233593643088379e+11;6.875148968825380859e+11;6.866819686625012207e+11;6.858240013136448975e+11;6.849404178189479980e+11;6.840306381278161621e+11;6.830940797846437988e+11;6.821301585936745605e+11;6.811382893206450195e+11;6.801178864309804688e+11;6.790683648648679199e+11;6.779891408488050537e+11;6.768796327438605957e+11;6.757392619300645752e+11;6.745674537264632568e+11;6.733636383467198486e+11;6.721272518890667725e+11;6.708577373605034180e+11;6.695545457337471924e+11;6.682171370366326904e+11;6.668449814724908447e+11;6.654375605705155029e+11;6.639943683648017578e+11;6.625149126010194092e+11;6.609987159689565430e+11;6.594453173597947998e+11;6.578542731462893066e+11;6.562251584843182373e+11;6.545575686343306885e+11;6.528511203004365234e+11;6.511054529858363037e+11;6.493202303620605469e+11;6.474951416504324951e+11;6.456299030135416260e+11;6.437242589541046143e+11;6.417779837194342041e+11;6.397908827084086914e+11;6.377627938786932373e+11;6.356935891510163574e+11;6.335831758078742676e+11;6.314314978826701660e+11;6.292385375368825684e+11;6.270043164200496826e+11;6.247288970100034180e+11;6.224123839278712158e+11;6.200549252237309570e+11;6.176567136278643799e+11;6.152179877621749268e+11;6.127390333061865234e+11;6.102201841117642822e+11;6.076618232597954102e+11;6.050643840529201660e+11;6.024283509367365723e+11;5.997542603425069580e+11;5.970427014441523438e+11;5.942943168217476807e+11;5.915098030237318115e+11;5.886899110200703125e+11;5.858354465388720703e+11;5.829472702778811035e+11;5.800262979842351074e+11;5.770735003943360596e+11;5.740899030268952637e+11;5.710765858226683350e+11;5.680346826243771973e+11;5.649653804913177490e+11;5.618699188436699219e+11;5.587495884319394531e+11;5.556057301291085205e+11;5.524397335418554688e+11;5.492530354402828369e+11;5.460471180056469116e+11;5.428235068969735107e+11
7.306237490420668945e+11;7.304955512543801270e+11;7.303627191246610107e+11;7.302250906512453613e+11;7.300824985678153076e+11;7.299347702007292480e+11;7.297817273245893555e+11;7.296231860160129395e+11;7.294589565061156006e+11;7.292888430312490234e+11;7.291126436831287842e+11;7.289301502574586182e+11;7.287411481023010254e+11;7.285454159656092529e+11;7.283427258427940674e+11;7.281328428242902832e+11;7.279155249435585938e+11;7.276905230257385254e+11;7.274575805375737305e+11;7.272164334385639648e+11;7.269668100343538818e+11;7.267084308322674561e+11;7.264410083995771484e+11;7.261642472254746094e+11;7.258778435864273682e+11;7.255814854162980957e+11;7.252748521813881836e+11;7.249576147610433350e+11;7.246294353346711426e+11;7.242899672756267090e+11;7.239388550529898682e+11;7.235757341416571045e+11;7.232002309416907959e+11;7.228119627080338135e+11;7.224105374906591797e+11;7.219955540870384521e+11;7.215666020070769043e+11;7.211232614517900391e+11;7.206651033067119141e+11;7.201916891507808838e+11;7.197025712822811279e+11;7.191972927619428711e+11;7.186753874753977051e+11;7.181363802152365723e+11;7.175797867838912354e+11;7.170051141191059570e+11;7.164118604418728027e+11;7.157995154294135742e+11;7.151675604129267578e+11;7.145154686023648682e+11;7.138427053383138428e+11;7.131487283730212402e+11;7.124329881807145996e+11;7.116949282988996582e+11;7.109339857012418213e+11;7.101495912030917969e+11;7.093411699004525146e+11;7.085081416433632812e+11;7.076499215442874756e+11;7.067659205221977539e+11;7.058555458832204590e+11;7.049182019378927002e+11;7.039532906560167236e+11;7.029602123588786621e+11;7.019383664495850830e+11;7.008871521812929688e+11;6.998059694634915771e+11;6.986942197062464600e+11;6.975513067021149902e+11;6.963766375454610596e+11;6.951696235889468994e+11;6.939296814359429932e+11;6.926562339691477051e+11;6.913487114139438477e+11;6.900065524356110840e+11;6.886292052697705078e+11;6.872161288846965332e+11;6.857667941740364990e+11;6.842806851792502441e+11;6.827573003397257080e+11;6.811961537692137451e+11;6.795967765574733887e+11;6.779587180946542969e+11;6.762815474173989258e+11;6.745648545742341309e+11;6.728082520087778320e+11;6.710113759585554199e+11;6.691738878671063232e+11;6.672954758077595215e+11;6.653758559161046143e+11;6.634147738292307129e+11;6.614120061288571777e+11;6.593673617858225098e+11;6.572806836031673584e+11;6.551518496542943115e+11;6.529807747136176758e+11;6.507674116755053711e+11;6.485117529586779785e+11;6.462138318909863281e+11;6.438737240714024658e+11;6.414915487038375244e+11;6.390674698986140137e+11;6.366016979354277344e+11;6.340944904836236572e+11;6.315461537727606201e+11;6.289570437076848145e+11;6.263275669219189453e+11;6.236581817621076660e+11;6.209493991966627197e+11;6.182017836412580566e+11;6.154159536935672607e+11;6.125925827696732178e+11;6.097323996339953613e+11;6.068361888154835205e+11;6.039047909013032227e+11;6.009391027011977539e+11;5.979400772743395996e+11;5.949087238113721924e+11;5.918461073648681641e+11;5.887533484214168701e+11;5.856316223094338379e+11;5.824821584371644287e+11;5.793062393562542725e+11;5.761051996469635010e+11;5.728804246219490967e+11;5.696333488468653564e+11;5.663654544765246582e+11;5.630782694068273926e+11
7.530574752004678955e+11;7.529299936188236084e+11;7.527978987654014893e+11;7.526610290280609131e+11;7.525192175180283203e+11;7.523722919250859375e+11;7.522200743707639160e+11;7.520623812598187256e+11;7.518990231298122559e+11;7.517298044995058594e+11;7.515545237153739014e+11;7.513729727974311523e+11;7.511849372837951660e+11;7.509901960747215576e+11;7.507885212759952393e+11;7.505796780423563232e+11;7.503634244209663086e+11;7.501395111951643066e+11;7.499076817293181152e+11;7.496676718145996094e+11;7.494192095165803223e+11;7.491620150244049072e+11;7.488958005031567383e+11;7.486202699483182373e+11;7.483351190445532227e+11;7.480400350278605957e+11;7.477346965527407227e+11;7.474187735644440918e+11;7.470919271770317383e+11;7.467538095583862305e+11;7.464040638218121338e+11;7.460423239264471436e+11;7.456682145859135742e+11;7.452813511868532715e+11;7.448813397179101562e+11;7.444677767102170410e+11;7.440402491898149414e+11;7.435983346437404785e+11;7.431416010000864258e+11;7.426696066233485107e+11;7.421819003259626465e+11;7.416780213974245605e+11;7.411574996514262695e+11;7.406198554929213867e+11;7.400646000055321045e+11;7.394912350608197021e+11;7.388992534504523926e+11;7.382881390425361328e+11;7.376573669630360107e+11;7.370064038035560303e+11;7.363347078567862549e+11;7.356417293803599854e+11;7.349269108906240234e+11;7.341896874870544434e+11;7.334294872087034912e+11;7.326457314233654785e+11;7.318378352507014160e+11;7.310052080198626709e+11;7.301472537629006348e+11;7.292633717444617920e+11;7.283529570285714111e+11;7.274154010828522949e+11;7.264500924213349609e+11;7.254564172855521240e+11;7.244337603647432861e+11;7.233815055554057617e+11;7.222990367597846680e+11;7.211857387241831055e+11;7.200409979159185791e+11;7.188642034398349609e+11;7.176547479928033447e+11;7.164120288569534912e+11;7.151354489299359131e+11;7.138244177921083984e+11;7.124783528097855225e+11;7.110966802732200928e+11;7.096788365684260254e+11;7.082242693819467773e+11;7.067324389364916992e+11;7.052028192568331299e+11;7.036348994638454590e+11;7.020281850955970459e+11;7.003821994531040039e+11;6.986964849696444092e+11;6.969706046012935791e+11;6.952041432368475342e+11;6.933967091249754639e+11;6.915479353167214355e+11;6.896574811206182861e+11;6.877250335684055176e+11;6.857503088888829346e+11;6.837330539870747070e+11;6.816730479260169678e+11;6.795701034085941162e+11;6.774240682558273926e+11;6.752348268788039551e+11;6.730023017406418457e+11;6.707264548049257812e+11;6.684072889662888184e+11;6.660448494596386719e+11;6.636392252430052490e+11;6.611905503493696289e+11;6.586990052026101074e+11;6.561648178919713135e+11;6.535882653994099121e+11;6.509696747736890869e+11;6.483094242449985352e+11;6.456079442732507324e+11;6.428657185233513184e+11;6.400832847597125244e+11;6.372612356532076416e+11;6.344002194921518555e+11;6.315009407902915039e+11;6.285641607831604004e+11;6.255906978053267822e+11;6.225814275405834961e+11;6.195372831371611328e+11;6.164592551805279541e+11;6.133483915165264893e+11;6.102057969179898682e+11;6.070326325880600586e+11;6.038301154950787354e+11;6.005995175331276855e+11;5.973421645042877197e+11;5.940594349189389648e+11;5.907527586113209229e+11;5.874236151691500244e+11;5.840735321761486816e+11
7.761746205414970703e+11;7.760479097751029053e+11;7.759166089976407471e+11;7.757805570776892090e+11;7.756395875989924316e+11;7.754935287136361084e+11;7.753422029932634277e+11;7.751854272782470703e+11;7.750230125248476562e+11;7.748547636509031982e+11;7.746804793794259033e+11;7.744999520814305420e+11;7.743129676172232666e+11;7.741193051768735352e+11;7.739187371197309570e+11;7.737110288139945068e+11;7.734959384756278076e+11;7.732732170076650391e+11;7.730426078401219482e+11;7.728038467704931641e+11;7.725566618057410889e+11;7.723007730058364258e+11;7.720358923294571533e+11;7.717617234823398438e+11;7.714779617685706787e+11;7.711842939456872559e+11;7.708803980838999023e+11;7.705659434302739258e+11;7.702405902780711670e+11;7.699039898425446777e+11;7.695557841434587402e+11;7.691956058950336914e+11;7.688230784045402832e+11;7.684378154797185059e+11;7.680394213466533203e+11;7.676274905780310059e+11;7.672016080336496582e+11;7.667613488135291748e+11;7.663062782246614990e+11;7.658359517627542725e+11;7.653499151095983887e+11;7.648477041474533691e+11;7.643288449913190918e+11;7.637928540403105469e+11;7.632392380494339600e+11;7.626674942224909668e+11;7.620771103278896484e+11;7.614675648378918457e+11;7.608383270931503906e+11;7.601888574930520020e+11;7.595186077137268066e+11;7.588270209542863770e+11;7.581135322130218506e+11;7.573775685939700928e+11;7.566185496460238037e+11;7.558358877345979004e+11;7.550289884473154297e+11;7.541972510351977539e+11;7.533400688893011475e+11;7.524568300544196777e+11;7.515469177805058594e+11;7.506097111122965088e+11;7.496445855179636230e+11;7.486509135573106689e+11;7.476280655900201416e+11;7.465754105240699463e+11;7.454923166046583252e+11;7.443781522439670410e+11;7.432322868912795410e+11;7.420540919438843994e+11;7.408429416977824707e+11;7.395982143385347900e+11;7.383192929713702393e+11;7.370055666896131592e+11;7.356564316813209229e+11;7.342712923725092773e+11;7.328495626063741455e+11;7.313906668572595215e+11;7.298940414777670898e+11;7.283591359779946289e+11;7.267854143353297119e+11;7.251723563327500000e+11;7.235194589244542236e+11;7.218262376266186523e+11;7.200922279315484619e+11;7.183169867429267578e+11;7.165000938303460693e+11;7.146411533008039551e+11;7.127397950846668701e+11;7.107956764338240967e+11;7.088084834296790771e+11;7.067779324978880615e+11;7.047037719273746338e+11;7.025857833907860107e+11;7.004237834630734863e+11;6.982176251348872070e+11;6.959671993176809082e+11;6.936724363367680664e+11;6.913333074081116943e+11;6.889498260952227783e+11;6.865220497414676514e+11;6.840500808732930908e+11;6.815340685690841064e+11;6.789742097889350586e+11;6.763707506591805420e+11;6.737239877060080566e+11;6.710342690320478516e+11;6.683019954291420898e+11;6.655276214206169434e+11;6.627116562256578369e+11;6.598546646389792480e+11;6.569572678173129883e+11;6.540201439659289551e+11;6.510440289163276367e+11;6.480297165878614502e+11;6.449780593249667969e+11;6.418899681021411133e+11;6.387664125891529541e+11;6.356084210685180664e+11;6.324170801985866699e+11;6.291935346152041016e+11;6.259389863657441406e+11;6.226546941699826660e+11;6.193419725027795410e+11;6.160021904944736328e+11;6.126367706460739746e+11;6.092471873564880371e+11;6.058349652612419434e+11
8.000007490238927002e+11;7.998748610404031982e+11;7.997444083993682861e+11;7.996092305376530762e+11;7.994691616027441406e+11;7.993240303044959717e+11;7.991736597640887451e+11;7.990178673612065430e+11;7.988564645789295654e+11;7.986892568467486572e+11;7.985160433819096680e+11;7.983366170289184570e+11;7.981507640980064697e+11;7.979582642020523682e+11;7.977588900927766113e+11;7.975524074962589111e+11;7.973385749477388916e+11;7.971171436266900635e+11;7.968878571918420410e+11;7.966504516168343506e+11;7.964046550267651367e+11;7.961501875360715332e+11;7.958867610882741699e+11;7.956140792978591309e+11;7.953318372947813721e+11;7.950397215725153809e+11;7.947374098396861572e+11;7.944245708759725342e+11;7.941008643935179443e+11;7.937659409034448242e+11;7.934194415891741943e+11;7.930609981867706299e+11;7.926902328728463135e+11;7.923067581617546387e+11;7.919101768117344971e+11;7.915000817418076172e+11;7.910760559598283691e+11;7.906376725029497070e+11;7.901844943912663574e+11;7.897160745955136719e+11;7.892319560205522461e+11;7.887316715049034424e+11;7.882147438378330078e+11;7.876806857951101074e+11;7.871290001948060303e+11;7.865591799736673584e+11;7.859707082858992920e+11;7.853630586255450439e+11;7.847356949730260010e+11;7.840880719679865723e+11;7.834196351090479736e+11;7.827298209817685547e+11;7.820180575164124756e+11;7.812837642761235352e+11;7.805263527774600830e+11;7.797452268433549805e+11;7.789397829909948730e+11;7.781094108544218750e+11;7.772534936434483643e+11;7.763714086401083984e+11;7.754625277330389404e+11;7.745262179905600586e+11;7.735618422739058838e+11;7.725687598905246582e+11;7.715463272879925537e+11;7.704938987898671875e+11;7.694108273725397949e+11;7.682964654844729004e+11;7.671501659069130859e+11;7.659712826569711914e+11;7.647591719320638428e+11;7.635131930961616211e+11;7.622327097068399658e+11;7.609170905826954346e+11;7.595657109107025146e+11;7.581779533923790283e+11;7.567532094275549316e+11;7.552908803353856201e+11;7.537903786103450928e+11;7.522511292127475586e+11;7.506725708914149170e+11;7.490541575378594971e+11;7.473953595692961426e+11;7.456956653388028564e+11;7.439545825716647949e+11;7.421716398241694336e+11;7.403463879641367188e+11;7.384784016700697021e+11;7.365672809468234863e+11;7.346126526554267578e+11;7.326141720541820068e+11;7.305715243485806885e+11;7.284844262471275635e+11;7.263526275200246582e+11;7.241759125578369141e+11;7.219541019264879150e+11;7.196870539156705322e+11;7.173746660765710449e+11;7.150168767452047119e+11;7.126136665474000244e+11;7.101650598812022705e+11;7.076711263714149170e+11;7.051319822925788574e+11;7.025477919540657959e+11;6.999187690424462891e+11;6.972451779154064941e+11;6.945273348405552979e+11;6.917656091733098145e+11;6.889604244667723389e+11;6.861122595065839844e+11;6.832216492637562256e+11;6.802891857575346680e+11;6.773155188208748779e+11;6.743013567605747070e+11;6.712474669040379639e+11;6.681546760245759277e+11;6.650238706375391846e+11;6.618559971590527344e+11;6.586520619197125244e+11;6.554131310261557617e+11;6.521403300630318604e+11;6.488348436288828125e+11;6.454979147001071777e+11;6.421308438172294922e+11;6.387349880895717773e+11;6.353117600132307129e+11;6.318626261012629395e+11;6.283891053228120117e+11
8.245625301276219482e+11;8.244375142075780029e+11;8.243079609762700195e+11;8.241737105228419189e+11;8.240345976464445801e+11;8.238904517060361328e+11;8.237410964679403076e+11;8.235863499507634277e+11;8.234260242683813477e+11;8.232599254705920410e+11;8.230878533819047852e+11;8.229096014384708252e+11;8.227249565235772705e+11;8.225336988013576660e+11;8.223356015498032227e+11;8.221304309923885498e+11;8.219179461292894287e+11;8.216978985679750977e+11;8.214700323539230957e+11;8.212340838014354248e+11;8.209897813251475830e+11;8.207368452723995361e+11;8.204749877572158203e+11;8.202039124959799805e+11;8.199233146455666504e+11;8.196328806442102051e+11;8.193322880559614258e+11;8.190212054188651123e+11;8.186992920979411621e+11;8.183661981433110352e+11;8.180215641542126465e+11;8.176650211497885742e+11;8.172961904470861816e+11;8.169146835473540039e+11;8.165201020313576660e+11;8.161120374646958008e+11;8.156900713135041504e+11;8.152537748726108398e+11;8.148027092056276855e+11;8.143364250994240723e+11;8.138544630330754395e+11;8.133563531627426758e+11;8.128416153235407715e+11;8.123097590497528076e+11;8.117602836139426270e+11;8.111926780871110840e+11;8.106064214202421875e+11;8.100009825487993164e+11;8.093758205218227539e+11;8.087303846560651855e+11;8.080641147174047852e+11;8.073764411297202148e+11;8.066667852137084961e+11;8.059345594557264404e+11;8.051791678088283691e+11;8.044000060266673584e+11;8.035964620315839844e+11;8.027679163180954590e+11;8.019137423929986572e+11;8.010333072525861816e+11;8.001259718988542480e+11;7.991910918947110596e+11;7.982280179598326416e+11;7.972360966069934082e+11;7.962146708206550293e+11;7.951630807772779541e+11;7.940806646086933594e+11;7.929667592080640869e+11;7.918207010795635986e+11;7.906418272307059326e+11;7.894294761086207275e+11;7.881829885786346436e+11;7.869017089461035156e+11;7.855849860202473145e+11;7.842321742195596924e+11;7.828426347180185547e+11;7.814157366313562012e+11;7.799508582419693604e+11;7.784473882616831055e+11;7.769047271305488281e+11;7.753222883506508789e+11;7.736994998531765137e+11;7.720358053965186768e+11;7.703306659946116943e+11;7.685835613723693848e+11;7.667939914467298584e+11;7.649614778314211426e+11;7.630855653619904785e+11;7.611658236402368164e+11;7.592018485939649658e+11;7.571932640505086670e+11;7.551397233208414307e+11;7.530409107914643555e+11;7.508965435208925781e+11;7.487063728379869385e+11;7.464701859383582764e+11;7.441878074758695068e+11;7.418591011451054688e+11;7.394839712515892334e+11;7.370623642648477783e+11;7.345942703510811768e+11;7.320797248799516602e+11;7.295188099013677979e+11;7.269116555868222656e+11;7.242584416300981445e+11;7.215593986015889893e+11;7.188148092501040039e+11;7.160250097463964844e+11;7.131903908609698486e+11;7.103113990700775146e+11;7.073885375822237549e+11;7.044223672778865967e+11;7.014135075548542480e+11;6.983626370712663574e+11;6.952704943783238525e+11;6.921378784348985596e+11;6.889656489955559082e+11;6.857547268642333984e+11;6.825060940058853760e+11;6.792207935078607178e+11;6.758999293844956055e+11;6.725446662171433105e+11;6.691562286238082275e+11;6.657359005523250732e+11;6.622850243920505371e+11;6.588049998996024170e+11;6.552972829350968018e+11;6.517633840070985107e+11
8.498877679937597656e+11;8.497636706960684814e+11;8.496350653246099854e+11;8.495017927011669922e+11;8.493636883603532715e+11;8.492205823980118408e+11;8.490722993169949951e+11;8.489186578704481201e+11;8.487594709027216797e+11;8.485945451880678711e+11;8.484236812669384766e+11;8.482466732805657959e+11;8.480633088036362305e+11;8.478733686752138672e+11;8.476766268284381104e+11;8.474728501187099609e+11;8.472617981513367920e+11;8.470432231081761475e+11;8.468168695740223389e+11;8.465824743628843994e+11;8.463397663446417236e+11;8.460884662723013916e+11;8.458282866102913818e+11;8.455589313642686768e+11;8.452800959129602051e+11;8.449914668423980713e+11;8.446927217831708984e+11;8.443835292512122803e+11;8.440635484926784668e+11;8.437324293337115479e+11;8.433898120356549072e+11;8.430353271562940674e+11;8.426685954181458740e+11;8.422892275843397217e+11;8.418968243430303955e+11;8.414909762012174072e+11;8.410712633886655273e+11;8.406372557734786377e+11;8.401885127890446777e+11;8.397245833752041016e+11;8.392450059326072998e+11;8.387493082933461914e+11;8.382370077073337402e+11;8.377076108467166748e+11;8.371606138288370361e+11;8.365955022594680176e+11;8.360117512968345947e+11;8.354088257388503418e+11;8.347861801333109131e+11;8.341432589139602051e+11;8.334794965622963867e+11;8.327943177975050049e+11;8.320871377952410889e+11;8.313573624368240967e+11;8.306043885898792725e+11;8.298276044221110840e+11;8.290263897490362549e+11;8.282001164171788330e+11;8.273481487237994385e+11;8.264698438743319092e+11;8.255645524785762939e+11;8.246316190866887207e+11;8.236703827658289795e+11;8.226801777184261475e+11;8.216603339427993164e+11;8.206101779368145752e+11;8.195290334451125488e+11;8.184162222502081299e+11;8.172710650082930908e+11;8.160928821291463623e+11;8.148809947010622559e+11;8.136347254601002197e+11;8.123533998036333008e+11;8.110363468480181885e+11;8.096829005294926758e+11;8.082924007479003906e+11;8.068641945523646240e+11;8.053976373678709717e+11;8.038920942616353760e+11;8.023469412479528809e+11;8.007615666302376709e+11;7.991353723784525146e+11;7.974677755403646240e+11;7.957582096847434082e+11;7.940061263744144287e+11;7.922109966674134521e+11;7.903723126433825684e+11;7.884895889535787354e+11;7.865623643914351807e+11;7.845902034815223389e+11;7.825726980839063721e+11;7.805094690111719971e+11;7.784001676555985107e+11;7.762444776226300049e+11;7.740421163681181641e+11;7.717928368358616943e+11;7.694964290915780029e+11;7.671527219504361572e+11;7.647615845933745117e+11;7.623229281691193848e+11;7.598367073765510254e+11;7.573029220243607178e+11;7.547216185618416748e+11;7.520928915768422852e+11;7.494168852549924316e+11;7.466937947949843750e+11;7.439238677739357910e+11;7.411074054566394043e+11;7.382447640420610352e+11;7.353363558408098145e+11;7.323826503758066406e+11;7.293841753993638916e+11;7.263415178191127930e+11;7.232553245242593994e+11;7.201263031053522949e+11;7.169552224586204834e+11;7.137429132671612549e+11;7.104902683507105713e+11;7.071982428762198486e+11;7.038678544211347656e+11;7.005001828819866943e+11;6.970963702209039307e+11;6.936576200434644775e+11;6.901851970014975586e+11;6.866804260151292725e+11;6.831446913094866943e+11;6.795794352618663330e+11;6.759861570562279053e+11
8.760054303508139648e+11;8.758822954895987549e+11;8.757546835803724365e+11;8.756224362542011719e+11;8.754853898613251953e+11;8.753433753179707031e+11;8.751962179509606934e+11;8.750437373391759033e+11;8.748857471529194336e+11;8.747220549903729248e+11;8.745524622120729980e+11;8.743767637729957275e+11;8.741947480527513428e+11;8.740061966837807617e+11;8.738108843780931396e+11;8.736085787522816162e+11;8.733990401517442627e+11;8.731820214733479004e+11;8.729572679881711426e+11;8.727245171631394043e+11;8.724834984833038330e+11;8.722339332739385986e+11;8.719755345236939697e+11;8.717080067086564941e+11;8.714310456181950684e+11;8.711443381826898193e+11;8.708475623040626221e+11;8.705403866891241455e+11;8.702224706869256592e+11;8.698934641302838135e+11;8.695530071823679199e+11;8.692007301886788330e+11;8.688362535359759521e+11;8.684591875178182373e+11;8.680691322083210449e+11;8.676656773448717041e+11;8.672484022202646484e+11;8.668168755857080078e+11;8.663706555653109131e+11;8.659092895833548584e+11;8.654323143050230713e+11;8.649392555919780273e+11;8.644296284738898926e+11;8.639029371369276123e+11;8.633586749304121094e+11;8.627963243930146484e+11;8.622153572996457520e+11;8.616152347302916260e+11;8.609954071621755371e+11;8.603553145864279785e+11;8.596943866507877197e+11;8.590120428296781006e+11;8.583076926226170654e+11;8.575807357829786377e+11;8.568305625779528809e+11;8.560565540809798584e+11;8.552580824985480957e+11;8.544345115321700439e+11;8.535851967766275635e+11;8.527094861563320312e+11;8.518067204004309082e+11;8.508762335579494629e+11;8.499173535541177979e+11;8.489294027886210938e+11;8.479116987767108154e+11;8.468635548342105713e+11;8.457842808067553711e+11;8.446731838439493408e+11;8.435295692190394287e+11;8.423527411942233887e+11;8.411420039319062500e+11;8.398966624518255615e+11;8.386160236341579590e+11;8.372993972681368408e+11;8.359460971458532715e+11;8.345554422007794189e+11;8.331267576900541992e+11;8.316593764198271484e+11;8.301526400127325439e+11;8.286059002156845703e+11;8.270185202475703125e+11;8.253898761843342285e+11;8.237193583806892090e+11;8.220063729255150146e+11;8.202503431305072021e+11;8.184507110484071045e+11;8.166069390194929199e+11;8.147185112438309326e+11;8.127849353766811523e+11;8.108057441443676758e+11;8.087804969780483398e+11;8.067087816625300293e+11;8.045902159969445801e+11;8.024244494644565430e+11;8.002111649075246582e+11;7.979500802056325684e+11;7.956409499515699463e+11;7.932835671230202637e+11;7.908777647453929443e+11;7.884234175417252197e+11;7.859204435658858643e+11;7.833688058141003418e+11;7.807685138103942871e+11;7.781196251613211670e+11;7.754222470738422852e+11;7.726765378320306396e+11;7.698827082261617432e+11;7.670410229280832520e+11;7.641518018069354248e+11;7.612154211781407471e+11;7.582323149790021973e+11;7.552029758635548096e+11;7.521279562090461426e+11;7.490078690268082275e+11;7.458433887690260010e+11;7.426352520237972412e+11;7.393842580902908936e+11;7.360912694255078125e+11;7.327572119551236572e+11;7.293830752398857422e+11;7.259699124900032959e+11;7.225188404201230469e+11;7.190310389373889160e+11;7.155077506566981201e+11;7.119502802360061035e+11;7.083599935275120850e+11;7.047383165392993164e+11;7.010867342038688965e+11
9.029456773108173828e+11;9.028235459426842041e+11;9.026969702369570312e+11;9.025657927068216553e+11;9.024298505940953369e+11;9.022889757151363525e+11;9.021429943037392578e+11;9.019917268516363525e+11;9.018349879458140869e+11;9.016725861034888916e+11;9.015043236044561768e+11;9.013299963212595215e+11;9.011493935468747559e+11;9.009622978205786133e+11;9.007684847515364990e+11;9.005677228414385986e+11;9.003597733047867432e+11;9.001443898887232666e+11;8.999213186914134521e+11;8.996902979800732422e+11;8.994510580085023193e+11;8.992033208348229980e+11;8.989468001391818848e+11;8.986812010427370605e+11;8.984062199276365967e+11;8.981215442585302734e+11;8.978268524065284424e+11;8.975218134755767822e+11;8.972060871323970947e+11;8.968793234401448975e+11;8.965411626963967285e+11;8.961912352766956787e+11;8.958291614836113281e+11;8.954545514027451172e+11;8.950670047659995117e+11;8.946661108231561279e+11;8.942514482226750488e+11;8.938225849024458008e+11;8.933790779916899414e+11;8.929204737247760010e+11;8.924463073681656494e+11;8.919561031615986328e+11;8.914493742742900391e+11;8.909256227778142090e+11;8.903843396364848633e+11;8.898250047165778809e+11;8.892470868157404785e+11;8.886500437137534180e+11;8.880333222459166260e+11;8.873963584009022217e+11;8.867385774433114014e+11;8.860593940638111572e+11;8.853582125570510254e+11;8.846344270290452881e+11;8.838874216360983887e+11;8.831165708553531494e+11;8.823212397898748779e+11;8.815007845079232178e+11;8.806545524198554688e+11;8.797818826915046387e+11;8.788821066973356934e+11;8.779545485136279297e+11;8.769985254526732178e+11;8.760133486398193359e+11;8.749983236333543701e+11;8.739527510891143799e+11;8.728759274698352051e+11;8.717671458004110107e+11;8.706256964693397217e+11;8.694508680770911865e+11;8.682419483315155029e+11;8.669982249903377686e+11;8.657189868512687988e+11;8.644035247890758057e+11;8.630511328394444580e+11;8.616611093296066895e+11;8.602327580543599854e+11;8.587653894975639648e+11;8.572583220973679199e+11;8.557108835546400146e+11;8.541224121829549561e+11;8.524922582989128418e+11;8.508197856509437256e+11;8.491043728849508057e+11;8.473454150449727783e+11;8.455423251064989014e+11;8.436945355405690918e+11;8.418014999058237305e+11;8.398626944663900146e+11;8.378776198329008789e+11;8.358458026237694092e+11;8.337667971436859131e+11;8.316401870769007568e+11;8.294655871912855225e+11;8.272426450506945801e+11;8.249710427317218018e+11;8.226504985414818115e+11;8.202807687328714600e+11;8.178616492127918701e+11;8.153929772403189697e+11;8.128746331096351318e+11;8.103065418140656738e+11;8.076886746857955322e+11;8.050210510070913086e+11;8.023037395876043701e+11;7.995368603023177490e+11;7.967205855844534912e+11;7.938551418675100098e+11;7.909408109701999512e+11;7.879779314176262207e+11;7.849668996917239990e+11;7.819081714044711914e+11;7.788022623855042725e+11;7.756497496775473633e+11;7.724512724311486816e+11;7.692075326909418945e+11;7.659192960653109131e+11;7.625873922712829590e+11;7.592127155464273682e+11;7.557962249195451660e+11;7.523389443327254639e+11;7.488419626058762207e+11;7.453064332376633301e+11;7.417335740349744873e+11;7.381246665647335205e+11;7.344810554224980469e+11;7.308041473119730225e+11;7.270954099320631104e+11
9.307398901416063232e+11;9.306188005636024170e+11;9.304933009389249268e+11;9.303632347318343506e+11;9.302284401479221191e+11;9.300887499789893799e+11;9.299439914448864746e+11;9.297939860325479736e+11;9.296385493320893555e+11;9.294774908699381104e+11;9.293106139397856445e+11;9.291377154304438477e+11;9.289585856515854492e+11;9.287730081571955566e+11;9.285807595668801270e+11;9.283816093853050537e+11;9.281753198197343750e+11;9.279616455965571289e+11;9.277403337761209717e+11;9.275111235668105469e+11;9.272737461386242676e+11;9.270279244362559814e+11;9.267733729922792969e+11;9.265097977407174072e+11;9.262368958316619873e+11;9.259543554469532471e+11;9.256618556175339355e+11;9.253590660436192627e+11;9.250456469170313721e+11;9.247212487472675781e+11;9.243855121918555908e+11;9.240380678906862793e+11;9.236785363064849854e+11;9.233065275709357910e+11;9.229216413378504639e+11;9.225234666441300049e+11;9.221115817789923096e+11;9.216855541633903809e+11;9.212449402387287598e+11;9.207892853681948242e+11;9.203181237497618408e+11;9.198309783428487549e+11;9.193273608100023193e+11;9.188067714738342285e+11;9.182686992912105713e+11;9.177126218457476807e+11;9.171380053595646973e+11;9.165443047260429688e+11;9.159309635644449463e+11;9.152974142983325195e+11;9.146430782584504395e+11;9.139673658122972412e+11;9.132696765209899902e+11;9.125493993255408936e+11;9.118059127635457764e+11;9.110385852177103271e+11;9.102467751983010254e+11;9.094298316596276855e+11;9.085870943536015625e+11;9.077178942201243896e+11;9.068215538170715332e+11;9.058973877899500732e+11;9.049447033831273193e+11;9.039628009940561523e+11;9.029509747704702148e+11;9.019085132527843018e+11;9.008347000620251465e+11;8.997288146341306152e+11;8.985901330011832275e+11;8.974179286207266846e+11;8.962114732529310303e+11;8.949700378864505615e+11;8.936928937125339355e+11;8.923793131481976318e+11;8.910285709076077881e+11;8.896399451218706055e+11;8.882127185060200195e+11;8.867461795737285156e+11;8.852396238975079346e+11;8.836923554144914551e+11;8.821036877761866455e+11;8.804729457405671387e+11;8.787994666053824463e+11;8.770826016809252930e+11;8.753217178000578613e+11;8.735161988637723389e+11;8.716654474199405518e+11;8.697688862728355713e+11;8.678259601212761230e+11;8.658361372220340576e+11;8.637989110765679932e+11;8.617138021375415039e+11;8.595803595323238525e+11;8.573981628002406006e+11;8.551668236402791748e+11;8.528859876658342285e+11;8.505553361625996094e+11;8.481745878464049072e+11;8.457435006167530518e+11;8.432618733018139648e+11;8.407295473912016602e+11;8.381464087516772461e+11;8.355123893212015381e+11;8.328274687767353516e+11;8.300916761702629395e+11;8.273050915284844971e+11;8.244678474095692139e+11;8.215801304119437256e+11;8.186421826285704346e+11;8.156543030404686279e+11;8.126168488424727783e+11;8.095302366947532959e+11;8.063949438921623535e+11;8.032115094443696289e+11;7.999805350590266113e+11;7.967026860197355957e+11;7.933786919508004150e+11;7.900093474608286133e+11;7.865955126567989502e+11;7.831381135200563965e+11;7.796381421367081299e+11;7.760966567742147217e+11;7.725147817961202393e+11;7.688937074084503174e+11;7.652346892302557373e+11;7.615390476822454834e+11;7.578081671881610107e+11;7.540434951834975586e+11
9.594207001528236084e+11;9.593006879099959717e+11;9.591763013878032227e+11;9.590473850667374268e+11;9.589137781841932373e+11;9.587753145786967773e+11;9.586318225307553711e+11;9.584831246006173096e+11;9.583290374631455078e+11;9.581693717397564697e+11;9.580039318273193359e+11;9.578325157247371826e+11;9.576549148565037842e+11;9.574709138939969482e+11;9.572802905745926514e+11;9.570828155183984375e+11;9.568782520431386719e+11;9.566663559774068604e+11;9.564468754724786377e+11;9.562195508126251221e+11;9.559841142247379150e+11;9.557402896873630371e+11;9.554877927393020020e+11;9.552263302883747559e+11;9.549556004206262207e+11;9.546752922104821777e+11;9.543850855323950195e+11;9.540846508738784180e+11;9.537736491516876221e+11;9.534517315303216553e+11;9.531185392442896729e+11;9.527737034246240234e+11;9.524168449303117676e+11;9.520475741850430908e+11;9.516654910207780762e+11;9.512701845278378906e+11;9.508612329137650146e+11;9.504382033702272949e+11;9.500006519506043701e+11;9.495481234575061035e+11;9.490801513429157715e+11;9.485962576204707031e+11;9.480959527924200439e+11;9.475787357910606689e+11;9.470440939369908447e+11;9.464915029146732178e+11;9.459204267668374023e+11;9.453303179091099854e+11;9.447206171657966309e+11;9.440907538291324463e+11;9.434401457420493164e+11;9.427681994068824463e+11;9.420743101215944824e+11;9.413578621437647705e+11;9.406182288852469482e+11;9.398547731381785889e+11;9.390668473337360840e+11;9.382537938358527832e+11;9.374149452703101807e+11;9.365496248914683838e+11;9.356571469877691650e+11;9.347368173274195557e+11;9.337879336451217041e+11;9.328097861718098145e+11;9.318016582086068115e+11;9.307628267447878418e+11;9.296925631230031738e+11;9.285901337504499512e+11;9.274548008584327393e+11;9.262858233101616211e+11;9.250824574578381348e+11;9.238439580490418701e+11;9.225695791831048584e+11;9.212585753174924316e+11;9.199102023239503174e+11;9.185237185948044434e+11;9.170983861984215088e+11;9.156334720835911865e+11;9.141282493321805420e+11;9.125819984593704834e+11;9.109940087595552979e+11;9.093635796976710205e+11;9.076900223438232422e+11;9.059726608498743896e+11;9.042108339661585693e+11;9.024038965959691162e+11;9.005512213864814453e+11;8.986522003527943115e+11;8.967062465331838379e+11;8.947127956730776367e+11;8.926713079344858398e+11;8.905812696280123291e+11;8.884421949649218750e+11;8.862536278252905273e+11;8.840151435394549561e+11;8.817263506789381104e+11;8.793868928533140869e+11;8.769964505094116211e+11;8.745547427285858154e+11;8.720615290183454590e+11;8.695166110936262207e+11;8.669198346440596924e+11;8.642710910815114746e+11;8.615703192641383057e+11;8.588175071914328613e+11;8.560126936647338867e+11;8.531559699081904297e+11;8.502474811442667236e+11;8.472874281173355713e+11;8.442760685595545654e+11;8.412137185922794189e+11;8.381007540558580322e+11;8.349376117608100586e+11;8.317247906533654785e+11;8.284628528868349609e+11;8.251524247917475586e+11;8.217941977365358887e+11;8.183889288699732666e+11;8.149374417382219238e+11;8.114406267669598389e+11;8.078994416015655518e+11;8.043149112962343750e+11;8.006881283449260254e+11;7.970202525461622314e+11;7.933125106944495850e+11;7.895661960919915771e+11;7.857826678742858887e+11;7.819633501444493408e+11
9.890220178607792969e+11;9.889031157632668457e+11;9.887798765265087891e+11;9.886521457082153320e+11;9.885197636417111816e+11;9.883825652793110352e+11;9.882403800324219971e+11;9.880930316082281494e+11;9.879403378435003662e+11;9.877821105352397461e+11;9.876181552682926025e+11;9.874482712401031494e+11;9.872722510828010254e+11;9.870898806825284424e+11;9.869009389960644531e+11;9.867051978656590576e+11;9.865024218311558838e+11;9.862923679402695312e+11;9.860747855576018066e+11;9.858494161713347168e+11;9.856159931994958496e+11;9.853742417948377686e+11;9.851238786492464600e+11;9.848646117978444824e+11;9.845961404234122314e+11;9.843181546610438232e+11;9.840303354040197754e+11;9.837323541110571289e+11;9.834238726154598389e+11;9.831045429369353027e+11;9.827740070961633301e+11;9.824318969335545654e+11;9.820778339319888916e+11;9.817114290447579346e+11;9.813322825292333984e+11;9.809399837872824707e+11;9.805341112130307617e+11;9.801142320487282715e+11;9.796799022501553955e+11;9.792306663618126221e+11;9.787660574036923828e+11;9.782855967697641602e+11;9.777887941402885742e+11;9.772751474081448975e+11;9.767441426211612549e+11;9.761952539408582764e+11;9.756279436197869873e+11;9.750416619979521484e+11;9.744358475201845703e+11;9.738099267755913086e+11;9.731633145604798584e+11;9.724954139666129150e+11;9.718056164954260254e+11;9.710933022006838379e+11;9.703578398602694092e+11;9.695985871791557617e+11;9.688148910246628418e+11;9.680060876959282227e+11;9.671715032287117920e+11;9.663104537374007568e+11;9.654222457953619385e+11;9.645061768552330322e+11;9.635615357106074219e+11;9.625876030004200439e+11;9.615836517571088867e+11;9.605489480001848145e+11;9.594827513761077881e+11;9.583843158452940674e+11;9.572528904177805176e+11;9.560877199380241699e+11;9.548880459191375732e+11;9.536531074283670654e+11;9.523821420227998047e+11;9.510743867366114502e+11;9.497290791196643066e+11;9.483454583273509521e+11;9.469227662616164551e+11;9.454602487624726562e+11;9.439571568500186768e+11;9.424127480157152100e+11;9.408262875618586426e+11;9.391970499887263184e+11;9.375243204272963867e+11;9.358073961167633057e+11;9.340455879244184570e+11;9.322382219063571777e+11;9.303846409071734619e+11;9.284842061955145264e+11;9.265362991339614258e+11;9.245403228802487793e+11;9.224957041168414307e+11;9.204018948062070312e+11;9.182583739686260986e+11;9.160646494791712646e+11;9.138202598809860840e+11;9.115247762101870117e+11;9.091778038303165283e+11;9.067789842709439697e+11;9.043279970679132080e+11;9.018245615997777100e+11;8.992684389170551758e+11;8.966594335598354492e+11;8.939973953584753418e+11;8.912822212131074219e+11;8.885138568469340820e+11;8.856922985278991699e+11;8.828175947531655273e+11;8.798898478911483154e+11;8.769092157743569336e+11;8.738759132378409424e+11;8.707902135957375488e+11;8.676524500498326416e+11;8.644630170224833984e+11;8.612223714074708252e+11;8.579310337301195068e+11;8.545895892098485107e+11;8.511986887165382080e+11;8.477590496128240967e+11;8.442714564743371582e+11;8.407367616788536377e+11;8.371558858568780518e+11;8.335298181947502441e+11;8.298596165826635742e+11;8.261464075998916016e+11;8.223913863287772217e+11;8.185958159920227051e+11;8.147610274051668701e+11;8.108884182397322998e+11
1.019579062631520874e+12;1.019461300780924316e+12;1.019339240200815674e+12;1.019212727583452271e+12;1.019081604418098389e+12;1.018945706833757935e+12;1.018804865438635864e+12;1.018658905155959106e+12;1.018507645056858521e+12;1.018350898189934692e+12;1.018188471407501343e+12;1.018020165189217896e+12;1.017845773462186157e+12;1.017665083418962646e+12;1.017477875332109497e+12;1.017283922366605591e+12;1.017082990390005127e+12;1.016874837780059326e+12;1.016659215230490112e+12;1.016435865555079956e+12;1.016204523490282349e+12;1.015964915496348511e+12;1.015716759557934692e+12;1.015459764983891235e+12;1.015193632206711914e+12;1.014918052582512207e+12;1.014632708191112793e+12;1.014337271637938599e+12;1.014031405856284668e+12;1.013714763912926636e+12;1.013386988815414429e+12;1.013047713322938843e+12;1.012696559761240601e+12;1.012333139841517090e+12;1.011957054485270630e+12;1.011567893654517822e+12;1.011165236189375854e+12;1.010748649652919800e+12;1.010317690184939331e+12;1.009871902364858398e+12;1.009410819085559937e+12;1.008933961438433472e+12;1.008440838611156372e+12;1.007930947799301636e+12;1.007403774132581299e+12;1.006858790617786011e+12;1.006295458098385742e+12;1.005713225233428955e+12;1.005111528496203369e+12;1.004489792194345825e+12;1.003847428512842163e+12;1.003183837581366333e+12;1.002498407567295410e+12;1.001790514795905518e+12;1.001059523899907104e+12;1.000304787998481079e+12;9.995256489090804443e+11;9.987214373920283203e+11;9.978914734307529297e+11;9.970350665479624023e+11;9.961515161606373291e+11;9.952401119738892822e+11;9.943001344167042236e+11;9.933308551196834717e+11;9.923315374367575684e+11;9.913014370125743408e+11;9.902398023957940674e+11;9.891458757004738770e+11;9.880188933160284424e+11;9.868580866668900146e+11;9.856626830226795654e+11;9.844319063598809814e+11;9.831649782749497070e+11;9.818611189503405762e+11;9.805195481724318848e+11;9.791394864027767334e+11;9.777201559015892334e+11;9.762607819038641357e+11;9.747605938475800781e+11;9.732188266527655029e+11;9.716347220519888916e+11;9.700075299695057373e+11;9.683365099493817139e+11;9.666209326303066406e+11;9.648600812654804688e+11;9.630532532864197998e+11;9.611997619079294434e+11;9.592989377722333984e+11;9.573501306303572998e+11;9.553527110573173828e+11;9.533060721992462158e+11;9.512096315487772217e+11;9.490628327462751465e+11;9.468651474030457764e+11;9.446160769434508057e+11;9.423151544628466797e+11;9.399619465962550049e+11;9.375560553956806641e+11;9.350971202106848145e+11;9.325848195687102051e+11;9.300188730511877441e+11;9.273990431597419434e+11;9.247251371694326172e+11;9.219970089628295898e+11;9.192145608409866943e+11;9.163777453053410645e+11;9.134865668057052002e+11;9.105410834479406738e+11;9.075414086563852539e+11;9.044877127840142822e+11;9.013802246645177002e+11;8.982192330989053955e+11;8.950050882708973389e+11;8.917382030823880615e+11;8.884190544027858887e+11;8.850481842237025146e+11;8.816262007115340576e+11;8.781537791498875732e+11;8.746316627630146484e+11;8.710606634127647705e+11;8.674416621601209717e+11;8.637756096833505859e+11;8.600635265440989990e+11;8.563065032940509033e+11;8.525057004139930420e+11;8.486623480778337402e+11;8.447777457350233154e+11;8.408532615048687744e+11
1.051128393036379517e+12;1.051011798860250488e+12;1.050890945532131470e+12;1.050765680932100586e+12;1.050635847761340820e+12;1.050501283384325684e+12;1.050361819667626587e+12;1.050217282815105835e+12;1.050067493200134766e+12;1.049912265193991821e+12;1.049751406991159546e+12;1.049584720431692505e+12;1.049412000820107788e+12;1.049233036741396606e+12;1.049047609874331543e+12;1.048855494801712036e+12;1.048656458818208252e+12;1.048450261736045654e+12;1.048236655687685791e+12;1.048015384927296021e+12;1.047786185630185425e+12;1.047548785690643921e+12;1.047302904518412109e+12;1.047048252834777344e+12;1.046784532467568237e+12;1.046511436146166260e+12;1.046228647296904907e+12;1.045935839838668701e+12;1.045632677980174316e+12;1.045318816018448975e+12;1.044993898139540039e+12;1.044657558222096313e+12;1.044309419644323730e+12;1.043949095094707520e+12;1.043576186387751221e+12;1.043190284284933472e+12;1.042790968322165771e+12;1.042377806643866943e+12;1.041950355845588013e+12;1.041508160824985107e+12;1.041050754643004639e+12;1.040577658395573242e+12;1.040088381097583374e+12;1.039582419579677246e+12;1.039059258399086670e+12;1.038518369766430176e+12;1.037959213488283813e+12;1.037381236928591675e+12;1.036783874988740845e+12;1.036166550108580933e+12;1.035528672289503784e+12;1.034869639140842651e+12;1.034188835951756226e+12;1.033485635789167725e+12;1.032759399624171753e+12;1.032009476487875122e+12;1.031235203658823608e+12;1.030435906882837280e+12;1.029610900627678101e+12;1.028759488373667114e+12;1.027880962941875122e+12;1.026974606861759399e+12;1.026039692779155151e+12;1.025075483907142212e+12;1.024081234520328735e+12;1.023056190494178345e+12;1.021999589891118042e+12;1.020910663594696777e+12;1.019788635991926636e+12;1.018632725706626099e+12;1.017442146383272827e+12;1.016216107522997559e+12;1.014953815372073975e+12;1.013654473864131958e+12;1.012317285615383301e+12;1.010941452974361084e+12;1.009526179125573242e+12;1.008070669247035278e+12;1.006574131721597900e+12;1.005035779401786133e+12;1.003454830926713623e+12;1.001830512091314453e+12;1.000162057265660400e+12;9.984487108643120117e+11;9.966897288628116455e+11;9.948843803609313965e+11;9.930319491898129883e+11;9.911317355613593750e+11;9.891830577574885254e+11;9.871852538566352539e+11;9.851376834946656494e+11;9.830397296578874512e+11;9.808908005042086182e+11;9.786903312101278076e+11;9.764377858393950195e+11;9.741326592303872070e+11;9.717744788978481445e+11;9.693628069460643311e+11;9.668972419881199951e+11;9.643774210683634033e+11;9.618030215830814209e+11;9.591737631948984375e+11;9.564894097364940186e+11;9.537497710986560059e+11;9.509547050974514160e+11;9.481041193162619629e+11;9.451979729156793213e+11;9.422362784071235352e+11;9.392191033838608398e+11;9.361465722024775391e+11;9.330188676102562256e+11;9.298362323099890137e+11;9.265989704566826172e+11;9.233074490783892822e+11;9.199620994140375977e+11;9.165634181606888428e+11;9.131119686221759033e+11;9.096083817514445801e+11;9.060533570779963379e+11;9.024476635125308838e+11;8.987921400201313477e+11;8.950876961538398438e+11;8.913353124400007324e+11;8.875360406075046387e+11;8.836910036528049316e+11;8.798013957331674805e+11;8.758684818804970703e+11;8.718935975298734131e+11
1.083707938189236572e+12;1.083592536483941650e+12;1.083472916271308716e+12;1.083348926668728394e+12;1.083220411641336792e+12;1.083087209843516602e+12;1.082949154457624634e+12;1.082806073028464111e+12;1.082657787294625244e+12;1.082504113016451416e+12;1.082344859800426392e+12;1.082179830920103882e+12;1.082008823134108398e+12;1.081831626500864136e+12;1.081648024190010376e+12;1.081457792291101685e+12;1.081260699619667358e+12;1.081056507520200317e+12;1.080844969667144775e+12;1.080625831863357056e+12;1.080398831836536133e+12;1.080163699033994507e+12;1.079920154415900513e+12;1.079667910247201416e+12;1.079406669888662231e+12;1.079136127587602295e+12;1.078855968268033447e+12;1.078565867321484131e+12;1.078265490398336792e+12;1.077954493200248901e+12;1.077632521274567505e+12;1.077299209810788208e+12;1.076954183439958740e+12;1.076597056037458984e+12;1.076227430530143433e+12;1.075844898708322266e+12;1.075449041043254395e+12;1.075039426511287354e+12;1.074615612425338501e+12;1.074177144274153687e+12;1.073723555571503174e+12;1.073254367714890625e+12;1.072769089855701050e+12;1.072267218781661621e+12;1.071748238812838379e+12;1.071211621712088623e+12;1.070656826611504150e+12;1.070083299955984985e+12;1.069490475465231812e+12;1.068877774115836426e+12;1.068244604144470459e+12;1.067590361073757080e+12;1.066914427762773560e+12;1.066216174482801147e+12;1.065494959020759766e+12;1.064750126811711914e+12;1.063981011101431885e+12;1.063186933141516235e+12;1.062367202418420898e+12;1.061521116917510498e+12;1.060647963424509888e+12;1.059747017865729980e+12;1.058817545688547974e+12;1.057858802283761841e+12;1.056870033451486572e+12;1.055850475912149658e+12;1.054799357863776489e+12;1.053715899587239014e+12;1.052599314100278687e+12;1.051448807862501831e+12;1.050263581531256470e+12;1.049042830770168701e+12;1.047785747111006470e+12;1.046491518869719238e+12;1.045159332116797485e+12;1.043788371703092407e+12;1.042377822340859253e+12;1.040926869740162476e+12;1.039434701800473755e+12;1.037900509857780396e+12;1.036323489985742798e+12;1.034702844350906128e+12;1.033037782620681152e+12;1.031327523423313354e+12;1.029571295857744141e+12;1.027768341053027344e+12;1.025917913774183350e+12;1.024019284072993774e+12;1.022071738982161255e+12;1.020074584249295410e+12;1.018027146108805054e+12;1.015928773088490356e+12;1.013778837848295898e+12;1.011576739047553955e+12;1.009321903237153076e+12;1.007013786773941895e+12;1.004651877752911621e+12;1.002235697953148315e+12;9.997648047943404541e+11;9.972387932985742188e+11;9.946572980543148193e+11;9.920199951765765381e+11;9.893266042600554199e+11;9.865768903193759766e+11;9.837706657119218750e+11;9.809077920376409912e+11;9.779881820113732910e+11;9.750118013007403564e+11;9.719786703248435059e+11;9.688888660073365479e+11;9.657425234777917480e+11;9.625398377145297852e+11;9.592810651223625488e+11;9.559665250383352051e+11;9.525966011580089111e+11;9.491717428746815186e+11;9.456924665244411621e+11;9.421593565280594482e+11;9.385730664226181641e+11;9.349343197737861328e+11;9.312439109612415771e+11;9.275027058279033203e+11;9.237116421851097412e+11;9.198717301655861816e+11;9.159840524153725586e+11;9.120497641174873047e+11;9.080700928396553955e+11;9.040463381984938965e+11
1.117357030372635986e+12;1.117242843353484863e+12;1.117124479439747314e+12;1.117001789031996338e+12;1.116874617407272461e+12;1.116742804560528809e+12;1.116606185042770020e+12;1.116464587795418701e+12;1.116317835981098389e+12;1.116165746810755615e+12;1.116008131367542969e+12;1.115844794426716064e+12;1.115675534272692139e+12;1.115500142512339600e+12;1.115318403885388672e+12;1.115130096071378174e+12;1.114934989493960938e+12;1.114732847121991211e+12;1.114523424268443115e+12;1.114306468386170410e+12;1.114081718862046143e+12;1.113848906808641846e+12;1.113607754854089355e+12;1.113357976930720215e+12;1.113099278062345703e+12;1.112831354150409668e+12;1.112553891759916748e+12;1.112266567905393555e+12;1.111969049836508057e+12;1.111660994825243896e+12;1.111342049953759521e+12;1.111011851904351074e+12;1.110670026751586670e+12;1.110316189757663574e+12;1.109949945171213623e+12;1.109570886030419678e+12;1.109178593971522461e+12;1.108772639042593018e+12;1.108352579524726562e+12;1.107917961760256104e+12;1.107468319989523438e+12;1.107003176197542725e+12;1.106522039970652100e+12;1.106024408364885986e+12;1.105509765787337646e+12;1.104977583890896484e+12;1.104427321484489014e+12;1.103858424459401367e+12;1.103270325733565674e+12;1.102662445214671631e+12;1.102034189783616455e+12;1.101384953300510986e+12;1.100714116633289795e+12;1.100021047711880615e+12;1.099305101608615723e+12;1.098565620646950439e+12;1.097801934539737061e+12;1.097013360559277588e+12;1.096199203739997681e+12;1.095358757116243896e+12;1.094491301996489990e+12;1.093596108275693237e+12;1.092672434787319946e+12;1.091719529696796631e+12;1.090736630938725098e+12;1.089722966697647339e+12;1.088677755935990356e+12;1.087600208969445190e+12;1.086489528091092529e+12;1.085344908246648071e+12;1.084165537760666870e+12;1.082950599116258545e+12;1.081699269787891479e+12;1.080410723129768311e+12;1.079084129318817993e+12;1.077718656354297241e+12;1.076313471113784302e+12;1.074867740465568359e+12;1.073380632438203735e+12;1.071851317446671509e+12;1.070278969574523560e+12;1.068662767912430176e+12;1.067001897951120728e+12;1.065295553028716309e+12;1.063542935830943237e+12;1.061743259942471069e+12;1.059895751448218384e+12;1.057999650582598389e+12;1.056054213424093018e+12;1.054058713633842529e+12;1.052012444234360596e+12;1.049914719427190796e+12;1.047764876444956665e+12;1.045562277435646118e+12;1.043306311375975830e+12;1.040996396008808472e+12;1.038631979802950317e+12;1.036212543930010254e+12;1.033737604254346313e+12;1.031206713332845947e+12;1.028619462418973511e+12;1.025975483467663574e+12;1.023274451135303467e+12;1.020516084770601562e+12;1.017700150391503418e+12;1.014826462641973511e+12;1.011894886724606812e+12;1.008905340302127441e+12;1.005857795363300781e+12;1.002752280045951416e+12;9.995888804121267090e+11;9.963677421679719238e+11;9.930890723223850098e+11;9.897531407766716309e+11;9.863602818392136230e+11;9.829108956563153076e+11;9.794054495529033203e+11;9.758444792743953857e+11;9.722285901217260742e+11;9.685584579719699707e+11;9.648348301754455566e+11;9.610585263211320801e+11;9.572304388620363770e+11;9.533515335923382568e+11;9.494228499674589844e+11;9.454455012591018066e+11;9.414206745380189209e+11;9.373496304763603516e+11
1.152116439299967041e+12;1.152003486658078613e+12;1.151886399605788818e+12;1.151765029868750732e+12;1.151639224079885010e+12;1.151508823621193848e+12;1.151373664461111328e+12;1.151233576989279785e+12;1.151088385846244873e+12;1.150937909750572754e+12;1.150781961321979248e+12;1.150620346900438232e+12;1.150452866362448730e+12;1.150279312933326416e+12;1.150099472996312500e+12;1.149913125898210938e+12;1.149720043752296387e+12;1.149519991237373779e+12;1.149312725395123047e+12;1.149097995423283447e+12;1.148875542467635254e+12;1.148645099410893555e+12;1.148406390659711182e+12;1.148159131929947510e+12;1.147903030030329590e+12;1.147637782644955811e+12;1.147363078114820068e+12;1.147078595219015381e+12;1.146784002955714844e+12;1.146478960323511963e+12;1.146163116103726074e+12;1.145836108643996094e+12;1.145497565643441162e+12;1.145147103941034668e+12;1.144784329306237305e+12;1.144408836233993164e+12;1.144020207744272949e+12;1.143618015186097900e+12;1.143201818048798096e+12;1.142771163779227783e+12;1.142325587607171143e+12;1.141864612379721680e+12;1.141387748405020752e+12;1.140894493307162598e+12;1.140384331892910645e+12;1.139856736031367920e+12;1.139311164548181885e+12;1.138747063135238281e+12;1.138163864277008301e+12;1.137560987195362305e+12;1.136937837813981689e+12;1.136293808743567871e+12;1.135628279289845459e+12;1.134940615485869141e+12;1.134230170149392090e+12;1.133496282968281982e+12;1.132738280614131104e+12;1.131955476887130371e+12;1.131147172892836426e+12;1.130312657253035889e+12;1.129451206352520508e+12;1.128562084623178955e+12;1.127644544867102295e+12;1.126697828621290039e+12;1.125721166563806396e+12;1.124713778965574707e+12;1.123674876186786377e+12;1.122603659221694092e+12;1.121499320291826904e+12;1.120361043489934570e+12;1.119188005475535156e+12;1.117979376223406250e+12;1.116734319826670898e+12;1.115451995354562500e+12;1.114131557766803711e+12;1.112772158884200684e+12;1.111372948417418457e+12;1.109933075053062500e+12;1.108451687598050049e+12;1.106927936182252197e+12;1.105360973518951660e+12;1.103749956222860352e+12;1.102094046185358154e+12;1.100392412006008301e+12;1.098644230478865723e+12;1.096848688133202637e+12;1.095004982826236816e+12;1.093112325386681274e+12;1.091169941307171631e+12;1.089177072482730225e+12;1.087132978993556763e+12;1.085036940929070435e+12;1.082888260250624146e+12;1.080686262689234375e+12;1.078430299675616577e+12;1.076119750298791748e+12;1.073754023289609253e+12;1.071332559025014038e+12;1.068854831549496216e+12;1.066320350609322510e+12;1.063728663694817139e+12;1.061079358086786255e+12;1.058372062901737427e+12;1.055606451131312500e+12;1.052782241671049927e+12;1.049899201332915527e+12;1.046957146836404175e+12;1.043955946772622437e+12;1.040895523535595459e+12;1.037775855214817627e+12;1.034596977442886108e+12;1.031358985191694824e+12;1.028062034510852539e+12;1.024706344201410522e+12;1.021292197417231689e+12;1.017819943187711426e+12;1.014289997853502686e+12;1.010702846407594238e+12;1.007059043734173828e+12;1.003359215736332886e+12;9.996040603455954590e+11;9.957943484030805664e+11;9.919309244056929932e+11;9.880147071073452148e+11;9.840466899677569580e+11;9.800279414401297607e+11;9.759596050899183350e+11;9.718428995367397461e+11
1.188028408396717529e+12;1.187916707363024170e+12;1.187800915179674561e+12;1.187680884935563232e+12;1.187556464660009766e+12;1.187427497164257080e+12;1.187293819879265137e+12;1.187155264689573975e+12;1.187011657763556641e+12;1.186862819379660889e+12;1.186708563749168457e+12;1.186548698834960938e+12;1.186383026166779297e+12;1.186211340652854736e+12;1.186033430387788574e+12;1.185849076457457275e+12;1.185658052740049316e+12;1.185460125703971680e+12;1.185255054203054932e+12;1.185042589268442139e+12;1.184822473897655273e+12;1.184594442841530273e+12;1.184358222388248291e+12;1.184113530145779297e+12;1.183860074822083740e+12;1.183597556004281738e+12;1.183325663935859375e+12;1.183044079293866455e+12;1.182752472964921387e+12;1.182450505821891113e+12;1.182137828500179199e+12;1.181814081175609863e+12;1.181478893343252930e+12;1.181131883598423096e+12;1.180772659420507324e+12;1.180400816959500732e+12;1.180015940826861572e+12;1.179617603891069580e+12;1.179205367078209717e+12;1.178778779179536377e+12;1.178337376665413086e+12;1.177880683507842773e+12;1.177408211011870361e+12;1.176919457657295898e+12;1.176413908951134277e+12;1.175891037292805176e+12;1.175350301852559082e+12;1.174791148464564697e+12;1.174213009536397217e+12;1.173615303975413086e+12;1.172997437134219971e+12;1.172358800776031006e+12;1.171698773061928711e+12;1.171016718561438721e+12;1.170311988287298096e+12;1.169583919757421875e+12;1.168831837084359863e+12;1.168055051094624023e+12;1.167252859479676270e+12;1.166424546979866943e+12;1.165569385603415771e+12;1.164686634882067871e+12;1.163775542165285645e+12;1.162835342954717773e+12;1.161865261280544922e+12;1.160864510121683838e+12;1.159832291871322266e+12;1.158767798849547119e+12;1.157670213864991943e+12;1.156538710826059814e+12;1.155372455404564697e+12;1.154170605752057861e+12;1.152932313270590332e+12;1.151656723439273438e+12;1.150342976696820801e+12;1.148990209382449219e+12;1.147597554734303955e+12;1.146164143947099609e+12;1.144689107288648682e+12;1.143171575276403809e+12;1.141610679912962646e+12;1.140005555981282959e+12;1.138355342398524902e+12;1.136659183628127930e+12;1.134916231149620117e+12;1.133125644984757080e+12;1.131286595277969238e+12;1.129398263930983643e+12;1.127459846288654785e+12;1.125470552874356201e+12;1.123429611172413818e+12;1.121336267455275146e+12;1.119189788652765381e+12;1.116989464259443115e+12;1.114734608278389893e+12;1.112424561196609375e+12;1.110058691989180420e+12;1.107636400147880859e+12;1.105157117730511963e+12;1.102620311426762695e+12;1.100025484635882324e+12;1.097372179551754517e+12;1.094659979251077148e+12;1.091888509778872559e+12;1.089057442226996094e+12;1.086166494800280884e+12;1.083215434864547241e+12;1.080204080971409424e+12;1.077132304853728149e+12;1.074000033385939453e+12;1.070807250503349487e+12;1.067553999073330566e+12;1.064240382712650146e+12;1.060866567543930054e+12;1.057432783883740845e+12;1.053939327855475586e+12;1.050386562920266602e+12;1.046774921316132446e+12;1.043104905400394531e+12;1.039377088884288330e+12;1.035592117953982910e+12;1.031750712268115723e+12;1.027853665823827759e+12;1.023901847682879883e+12;1.019896202549354614e+12;1.015837751190480225e+12;1.011727590692199341e+12;1.007566894541674561e+12
1.225136693527162109e+12;1.225026258941544189e+12;1.224911777151236328e+12;1.224793102643256836e+12;1.224670084879686523e+12;1.224542568139674805e+12;1.224410391357208496e+12;1.224273387954777832e+12;1.224131385673774170e+12;1.223984206400290527e+12;1.223831665987684570e+12;1.223673574074769287e+12;1.223509733900756836e+12;1.223339942115902344e+12;1.223163988588870605e+12;1.222981656210244873e+12;1.222792720692872559e+12;1.222596950368025146e+12;1.222394105979478027e+12;1.222183940473116455e+12;1.221966198784580811e+12;1.221740617623604004e+12;1.221506925255782227e+12;1.221264841282239746e+12;1.221014076416836914e+12;1.220754332261887451e+12;1.220485301081800537e+12;1.220206665576323975e+12;1.219918098652022217e+12;1.219619263194128174e+12;1.219309811837993896e+12;1.218989386740918457e+12;1.218657619355192139e+12;1.218314130202390137e+12;1.217958528650131348e+12;1.217590412691040771e+12;1.217209368725391846e+12;1.216814971347907959e+12;1.216406783139146973e+12;1.215984354462624512e+12;1.215547223268618164e+12;1.215094914904872314e+12;1.214626941936382568e+12;1.214142803973840332e+12;1.213641987512704590e+12;1.213123965784073975e+12;1.212588198617805176e+12;1.212034132319753906e+12;1.211461199564222412e+12;1.210868819302515381e+12;1.210256396689918945e+12;1.209623323031563232e+12;1.208968975749050049e+12;1.208292718369574463e+12;1.207593900538777832e+12;1.206871858058930664e+12;1.206125912954730713e+12;1.205355373567103760e+12;1.204559534678559570e+12;1.203737677669959961e+12;1.202889070711800049e+12;1.202012968991582275e+12;1.201108614978220459e+12;1.200175238726574707e+12;1.199212058223085449e+12;1.198218279774310303e+12;1.197193098440619629e+12;1.196135698516347412e+12;1.195045254058169678e+12;1.193920929463628906e+12;1.192761880101073486e+12;1.191567252992517090e+12;1.190336187551128418e+12;1.189067816374235352e+12;1.187761266093362061e+12;1.186415658282341064e+12;1.185030110423899658e+12;1.183603736936528320e+12;1.182135650260856445e+12;1.180624962007192871e+12;1.179070784163729248e+12;1.177472230365504395e+12;1.175828417223938232e+12;1.174138465716929932e+12;1.172401502637841064e+12;1.170616662103758545e+12;1.168783087120788330e+12;1.166899931205172852e+12;1.164966360059399414e+12;1.162981553300262939e+12;1.160944706237422363e+12;1.158855031699429443e+12;1.156711761905887695e+12;1.154514150380692871e+12;1.152261473905413086e+12;1.149953034508020996e+12;1.147588161483681396e+12;1.145166213444571289e+12;1.142686580393183350e+12;1.140148685816868896e+12;1.137551988797209229e+12;1.134895986131684814e+12;1.132180214460845215e+12;1.129404252397953857e+12;1.126567722654605469e+12;1.123670294158047607e+12;1.120711684154060059e+12;1.117691660290458496e+12;1.114610042674998291e+12;1.111466705901889893e+12;1.108261581040939697e+12;1.104994657582641357e+12;1.101665985333289062e+12;1.098275676252699707e+12;1.094823906228106323e+12;1.091310916776612183e+12;1.087737016669599121e+12;1.084102583470178711e+12;1.080408064977621948e+12;1.076653980568671509e+12;1.072840922429610718e+12;1.068969556669214111e+12;1.065040624305043579e+12;1.061054942114067871e+12;1.057013403339188477e+12;1.052916978243493652e+12;1.048766714503201172e+12;1.044563737432170044e+12
1.263486604626168701e+12;1.263377449012128174e+12;1.263264290733342529e+12;1.263146985705685303e+12;1.263025384857075195e+12;1.262899333969333496e+12;1.262768673516022949e+12;1.262633238496639648e+12;1.262492858266324219e+12;1.262347356362271729e+12;1.262196550325630615e+12;1.262040251519656982e+12;1.261878264944015869e+12;1.261710389045199707e+12;1.261536415522874512e+12;1.261356129132957764e+12;1.261169307486524414e+12;1.260975720845362061e+12;1.260775131914067627e+12;1.260567295628876953e+12;1.260351958942866699e+12;1.260128860608646973e+12;1.259897730958057617e+12;1.259658291678986328e+12;1.259410255590077881e+12;1.259153326413191650e+12;1.258887198543970215e+12;1.258611556820901123e+12;1.258326076293254150e+12;1.258030421988087891e+12;1.257724248676937744e+12;1.257407200642388672e+12;1.257078911445458008e+12;1.256739003693568604e+12;1.256387088810610352e+12;1.256022766808712402e+12;1.255645626063255127e+12;1.255255243090904785e+12;1.254851182332452881e+12;1.254432995940272705e+12;1.254000223571633545e+12;1.253552392188910889e+12;1.253089015867164551e+12;1.252609595610668701e+12;1.252113619178835449e+12;1.251600560922754639e+12;1.251069881633930664e+12;1.250521028405762939e+12;1.249953434509625732e+12;1.249366519286031982e+12;1.248759688053538086e+12;1.248132332034960938e+12;1.247483828304569336e+12;1.246813539755720703e+12;1.246120815091718262e+12;1.245404988841376953e+12;1.244665381400229248e+12;1.243901299100337646e+12;1.243112034308887695e+12;1.242296865558757812e+12;1.241455057711950195e+12;1.240585862158107910e+12;1.239688517049820801e+12;1.238762247576434814e+12;1.237806266279019043e+12;1.236819773406588379e+12;1.235801957317579590e+12;1.234751994926924561e+12;1.233669052200648193e+12;1.232552284700368652e+12;1.231400838178983643e+12;1.230213849228708984e+12;1.228990445983907715e+12;1.227729748879597412e+12;1.226430871466725586e+12;1.225092921286034180e+12;1.223715000801187500e+12;1.222296208392107178e+12;1.220835639409403320e+12;1.219332387290396973e+12;1.217785544737015625e+12;1.216194204956264160e+12;1.214557462962235107e+12;1.212874416940713867e+12;1.211144169674914062e+12;1.209365830031670166e+12;1.207538514508207520e+12;1.205661348836427002e+12;1.203733469645262207e+12;1.201754026177398926e+12;1.199722182060279785e+12;1.197637117127168701e+12;1.195498029287670898e+12;1.193304136443524658e+12;1.191054678446994141e+12;1.188748919099203369e+12;1.186386148184229736e+12;1.183965683534961426e+12;1.181486873128310059e+12;1.178949097203443604e+12;1.176351770400423584e+12;1.173694343914226807e+12;1.170976307658709717e+12;1.168197192436465332e+12;1.165356572109526611e+12;1.162454065764732910e+12;1.159489339869144043e+12;1.156462110410110840e+12;1.153372145013301025e+12;1.150219265033506348e+12;1.147003347611933350e+12;1.143724327693559326e+12;1.140382199998306152e+12;1.136977020938853760e+12;1.133508910478907959e+12;1.129978053924150391e+12;1.126384703638983154e+12;1.122729180681516357e+12;1.119011876348522705e+12;1.115233253623262451e+12;1.111393848517513184e+12;1.107494271299631836e+12;1.103535207600041992e+12;1.099517419386503174e+12;1.095441745798999023e+12;1.091309103837442749e+12;1.087120488892707764e+12;1.082876975112619263e+12
1.303125050737457764e+12;1.303017184381912598e+12;1.302905360409409668e+12;1.302789436192775391e+12;1.302669264154905518e+12;1.302544691611225830e+12;1.302415560607958496e+12;1.302281707756085938e+12;1.302142964061577148e+12;1.301999154751652832e+12;1.301850099096543457e+12;1.301695610227601074e+12;1.301535494951327393e+12;1.301369553559318359e+12;1.301197579634327148e+12;1.301019359852366699e+12;1.300834673780914551e+12;1.300643293673861328e+12;1.300444984261862793e+12;1.300239502540226074e+12;1.300026597552581055e+12;1.299806010171662109e+12;1.299577472877043701e+12;1.299340709529864990e+12;1.299095435144841064e+12;1.298841355660020508e+12;1.298578167704199463e+12;1.298305558362853516e+12;1.298023204941616943e+12;1.297730774729865234e+12;1.297427924762563721e+12;1.297114301581858643e+12;1.296789540999084229e+12;1.296453267856995850e+12;1.296105095793530029e+12;1.295744627006397705e+12;1.295371452021214844e+12;1.294985149461280029e+12;1.294585285821920166e+12;1.294171415248668945e+12;1.293743079321255859e+12;1.293299806842506836e+12;1.292841113635735352e+12;1.292366502348444580e+12;1.291875462266022461e+12;1.291367469134845215e+12;1.290841984996471680e+12;1.290298458034382568e+12;1.289736322433448730e+12;1.289154998254876465e+12;1.288553891326746582e+12;1.287932393152069336e+12;1.287289880835744873e+12;1.286625717031735107e+12;1.285939249912546631e+12;1.285229813161683594e+12;1.284496725991756592e+12;1.283739293189113281e+12;1.282956805187176025e+12;1.282148538170316895e+12;1.281313754209659668e+12;1.280451701433084961e+12;1.279561614230738770e+12;1.278642713499074219e+12;1.277694206923660400e+12;1.276715289304209229e+12;1.275705142922528809e+12;1.274662937956230469e+12;1.273587832939163574e+12;1.272478975271236572e+12;1.271335501778447266e+12;1.270156539325854004e+12;1.268941205484368408e+12;1.267688609253040771e+12;1.266397851838820312e+12;1.265068027494303223e+12;1.263698224415372070e+12;1.262287525699510498e+12;1.260835010365761963e+12;1.259339754437192383e+12;1.257800832085999756e+12;1.256217316842559082e+12;1.254588282867272705e+12;1.252912806286950684e+12;1.251189966593305420e+12;1.249418848104905518e+12;1.247598541490705078e+12;1.245728145354884033e+12;1.243806767880931885e+12;1.241833528533970459e+12;1.239807559819268066e+12;1.237728009095336182e+12;1.235594040438230957e+12;1.233404836555453125e+12;1.231159600746252197e+12;1.228857558904474365e+12;1.226497961561905762e+12;1.224080085967307617e+12;1.221603238197944824e+12;1.219066755299183350e+12;1.216470007447605957e+12;1.213812400134146729e+12;1.211093376361435059e+12;1.208312418850746094e+12;1.205469052253963379e+12;1.202562845364765137e+12;1.199593413323606201e+12;1.196560419811339844e+12;1.193463579225386963e+12;1.190302658832406738e+12;1.187077480891663818e+12;1.183787924742610352e+12;1.180433928850308838e+12;1.177015492801877930e+12;1.173532679247468506e+12;1.169985615778123047e+12;1.166374496734064941e+12;1.162699584934913818e+12;1.158961213325475830e+12;1.155159786527829834e+12;1.151295782293005615e+12;1.147369752842915283e+12;1.143382326094927979e+12;1.139334206760097900e+12;1.135226177307140625e+12;1.131059098782699463e+12;1.126833911480179443e+12;1.122551635447980957e+12
1.344100588991446045e+12;1.343994020028289062e+12;1.343883538920451416e+12;1.343769004521862305e+12;1.343650270776348877e+12;1.343527186560502197e+12;1.343399595522170654e+12;1.343267335914806641e+12;1.343130240428085938e+12;1.342988136013855469e+12;1.342840843708326172e+12;1.342688178450323975e+12;1.342529948894554199e+12;1.342365957221917480e+12;1.342195998945018311e+12;1.342019862709364258e+12;1.341837330091963867e+12;1.341648175394093506e+12;1.341452165431931152e+12;1.341249059322684082e+12;1.341038608266893555e+12;1.340820555328057129e+12;1.340594635208326904e+12;1.340360574021143555e+12;1.340118089061311035e+12;1.339866888571990234e+12;1.339606671509312988e+12;1.339337127305092041e+12;1.339057935627264648e+12;1.338768766138858887e+12;1.338469278256352051e+12;1.338159120906165771e+12;1.337837932282141357e+12;1.337505339601783203e+12;1.337160958864193359e+12;1.336804394608553711e+12;1.336435239674751953e+12;1.336053074965897461e+12;1.335657469214696045e+12;1.335247978752638428e+12;1.334824147284482666e+12;1.334385505667755615e+12;1.333931571698643066e+12;1.333461849904821045e+12;1.332975831346614258e+12;1.332472993427181641e+12;1.331952799713093506e+12;1.331414699765877441e+12;1.330858128986833008e+12;1.330282508474806885e+12;1.329687244899610107e+12;1.329071730391970703e+12;1.328435342451178955e+12;1.327777443871929199e+12;1.327097382692606689e+12;1.326394492165635498e+12;1.325668090752299561e+12;1.324917482142886719e+12;1.324141955304889893e+12;1.323340784560436768e+12;1.322513229694740967e+12;1.321658536097376709e+12;1.320775934939040771e+12;1.319864643384548340e+12;1.318923864844512451e+12;1.317952789268350586e+12;1.316950593478782471e+12;1.315916441551721436e+12;1.314849485242217285e+12;1.313748864458778809e+12;1.312613707787536621e+12;1.311443133068864014e+12;1.310236248027216309e+12;1.308992150956457031e+12;1.307709931462443604e+12;1.306388671263284668e+12;1.305027445050225830e+12;1.303625321408713867e+12;1.302181363802285645e+12;1.300694631619099854e+12;1.299164181282016846e+12;1.297589067423828369e+12;1.295968344126259033e+12;1.294301066224766602e+12;1.292586290677536133e+12;1.290823077999159180e+12;1.289010493758456299e+12;1.287147610139301514e+12;1.285233507563529785e+12;1.283267276374471436e+12;1.281248018579889648e+12;1.279174849651994629e+12;1.277046900381949463e+12;1.274863318788225586e+12;1.272623272073183594e+12;1.270325948627817627e+12;1.267970560079250488e+12;1.265556343378804199e+12;1.263082562925921143e+12;1.260548512724483643e+12;1.257953518567390869e+12;1.255296940244252930e+12;1.252578173768397217e+12;1.249796653617409180e+12;1.246951854983066162e+12;1.244043296024760986e+12;1.241070540121054688e+12;1.238033198114065674e+12;1.234930930540704346e+12;1.231763449844810303e+12;1.228530522564239014e+12;1.225231971486089600e+12;1.221867677764714111e+12;1.218437582994623779e+12;1.214941691232173340e+12;1.211380070958940918e+12;1.207752856979609375e+12;1.204060252246654541e+12;1.200302529604695557e+12;1.196480033446120361e+12;1.192593181271087646e+12;1.188642465142333984e+12;1.184628453027440186e+12;1.180551790020051270e+12;1.176413199431262695e+12;1.172213483742191162e+12;1.167953525410623291e+12;1.163634287521067383e+12
1.386463478090574951e+12;1.386358212587925049e+12;1.386249080756909912e+12;1.386135942953681641e+12;1.386018654665510742e+12;1.385897066353999756e+12;1.385771023294263916e+12;1.385640365409328613e+12;1.385504927101249023e+12;1.385364537077440430e+12;1.385219018172839600e+12;1.385068187168139648e+12;1.384911854603574463e+12;1.384749824588534180e+12;1.384581894607055908e+12;1.384407855319168945e+12;1.384227490357970947e+12;1.384040576122931641e+12;1.383846881568990723e+12;1.383646167991862305e+12;1.383438188809459473e+12;1.383222689340153809e+12;1.382999406576439941e+12;1.382768068956501709e+12;1.382528396131863770e+12;1.382280098732092773e+12;1.382022878127072510e+12;1.381756426186556885e+12;1.381480425037612061e+12;1.381194546820195312e+12;1.380898453441196533e+12;1.380591796327127686e+12;1.380274216176461914e+12;1.379945342711009277e+12;1.379604794428301758e+12;1.379252178353854004e+12;1.378887089795188232e+12;1.378509112097512451e+12;1.378117816401834717e+12;1.377712761406420166e+12;1.377293493132088135e+12;1.376859544692213379e+12;1.376410436068133057e+12;1.375945673891280273e+12;1.375464751232532959e+12;1.374967147399892334e+12;1.374452327745496582e+12;1.373919743483591797e+12;1.373368831519588379e+12;1.372799014292560791e+12;1.372209699631563965e+12;1.371600280627766357e+12;1.370970135523444092e+12;1.370318627619056152e+12;1.369645105200737549e+12;1.368948901488889160e+12;1.368229334610031982e+12;1.367485707593221680e+12;1.366717308393267334e+12;1.365923409941917725e+12;1.365103270229388916e+12;1.364256132417436035e+12;1.363381224986675781e+12;1.362477761919583252e+12;1.361544942920640625e+12;1.360581953677173096e+12;1.359587966160559570e+12;1.358562138972121582e+12;1.357503617734099121e+12;1.356411535527767090e+12;1.355285013381939453e+12;1.354123160811719238e+12;1.352925076411391113e+12;1.351689848501280273e+12;1.350416555832135010e+12;1.349104268347107910e+12;1.347752048003681396e+12;1.346358949656571045e+12;1.344924022003422852e+12;1.343446308593496582e+12;1.341924848900833496e+12;1.340358679462757324e+12;1.338746835084278320e+12;1.337088350107769775e+12;1.335382259750157715e+12;1.333627601505122314e+12;1.331823416611600098e+12;1.329968751587546143e+12;1.328062659827879395e+12;1.326104203265647461e+12;1.324092454095084229e+12;1.322026496554702393e+12;1.319905428768672119e+12;1.317728364643641113e+12;1.315494435819263916e+12;1.313202793669222900e+12;1.310852611349205078e+12;1.308443085889056641e+12;1.305973440325361572e+12;1.303442925870281250e+12;1.300850824112484619e+12;1.298196449246250488e+12;1.295479150323537598e+12;1.292698313524693604e+12;1.289853364442090576e+12;1.286943770372469238e+12;1.283969042611518555e+12;1.280928738745969971e+12;1.277822464936428223e+12;1.274649878186477539e+12;1.271410688590164795e+12;1.268104661553109863e+12;1.264731619979791016e+12;1.261291446421222656e+12;1.257784085175052979e+12;1.254209544332566406e+12;1.250567897764188965e+12;1.246859287036943359e+12;1.243083923255594482e+12;1.239242088821015869e+12;1.235334139095852295e+12;1.231360503971771484e+12;1.227321689328147705e+12;1.223218278374821045e+12;1.219050932869937256e+12;1.214820394204750244e+12;1.210527484346225586e+12;1.206173106629250244e+12
1.430265736896306152e+12;1.430161778947339600e+12;1.430054000753076904e+12;1.429942264190005615e+12;1.429826426308179443e+12;1.429706339174953613e+12;1.429581849714483887e+12;1.429452799543055908e+12;1.429319024800127930e+12;1.429180355975379639e+12;1.429036617730998779e+12;1.428887628720228516e+12;1.428733201401169434e+12;1.428573141846537842e+12;1.428407249548987305e+12;1.428235317222037354e+12;1.428057130597419678e+12;1.427872468217400146e+12;1.427681101223410400e+12;1.427482793140694336e+12;1.427277299658921875e+12;1.427064368408585205e+12;1.426843738734416748e+12;1.426615141464686279e+12;1.426378298677152100e+12;1.426132923461857178e+12;1.425878719681092285e+12;1.425615381726258789e+12;1.425342594272608887e+12;1.425060032031276611e+12;1.424767359499946533e+12;1.424464230711597656e+12;1.424150288982322510e+12;1.423825166658205811e+12;1.423488484862071045e+12;1.423139853240426758e+12;1.422778869711113525e+12;1.422405120212239746e+12;1.422018178453034424e+12;1.421617605667685791e+12;1.421202950371663086e+12;1.420773748122955566e+12;1.420329521287663818e+12;1.419869778811561279e+12;1.419394015998203613e+12;1.418901714294573486e+12;1.418392341085360352e+12;1.417865349497247559e+12;1.417320178213483398e+12;1.416756251300974854e+12;1.416172978050410156e+12;1.415569752830991211e+12;1.414945954961082031e+12;1.414300948596578613e+12;1.413634082637390625e+12;1.412944690655299316e+12;1.412232090843188965e+12;1.411495585988095947e+12;1.410734463469807617e+12;1.409947995286449707e+12;1.409135438109011230e+12;1.408296033366946289e+12;1.407429007366418213e+12;1.406533571442728516e+12;1.405608922150018799e+12;1.404654241489395264e+12;1.403668697177063721e+12;1.402651442956290527e+12;1.401601618952374268e+12;1.400518352075972656e+12;1.399400756473628174e+12;1.398247934029644775e+12;1.397058974920304199e+12;1.395832958222149902e+12;1.394568952577197021e+12;1.393266016914971924e+12;1.391923201234940186e+12;1.390539547449633057e+12;1.389114090290240234e+12;1.387645858276003174e+12;1.386133874748363037e+12;1.384577158970806885e+12;1.382974727295618164e+12;1.381325594397226074e+12;1.379628774573234131e+12;1.377883283113380127e+12;1.376088137735059326e+12;1.374242360086955811e+12;1.372344977318227051e+12;1.370395023713853516e+12;1.368391542393925537e+12;1.366333587076224121e+12;1.364220223899085693e+12;1.362050533304418945e+12;1.359823611976487061e+12;1.357538574835002441e+12;1.355194557079413818e+12;1.352790716280888428e+12;1.350326234518615234e+12;1.347800320556720703e+12;1.345212212057846680e+12;1.342561177828445557e+12;1.339846520092122559e+12;1.337067576786074707e+12;1.334223723874918213e+12;1.331314377677305908e+12;1.328338997200518311e+12;1.325297086475754639e+12;1.322188196890332764e+12;1.319011929509199951e+12;1.315767937380780273e+12;1.312455927820443359e+12;1.309075664664541992e+12;1.305626970490226074e+12;1.302109728791596436e+12;1.298523886108016846e+12;1.294869454094989990e+12;1.291146511532325928e+12;1.287355206260833740e+12;1.283495757040299316e+12;1.279568455320718018e+12;1.275573666919316162e+12;1.271511833594597168e+12;1.267383474508945557e+12;1.263189187572464600e+12;1.258929650657643066e+12;1.254605622678325439e+12;1.250217944522414551e+12
1.475561208739918945e+12;1.475458560555669922e+12;1.475352138402375244e+12;1.475241805692019531e+12;1.475127421053535645e+12;1.475008838177398926e+12;1.474885905655579834e+12;1.474758466817422363e+12;1.474626359561460693e+12;1.474489416182491455e+12;1.474347463194698730e+12;1.474200321150249268e+12;1.474047804453276123e+12;1.473889721170070557e+12;1.473725872834092285e+12;1.473556054247371826e+12;1.473380053277098877e+12;1.473197650647951416e+12;1.473008619730307373e+12;1.472812726324157471e+12;1.472609728438962646e+12;1.472399376069485840e+12;1.472181410967460938e+12;1.471955566410092285e+12;1.471721566963992188e+12;1.471479128246804199e+12;1.471227956684357666e+12;1.470967749265832764e+12;1.470698193295419922e+12;1.470418966141705566e+12;1.470129734984885986e+12;1.469830156561877686e+12;1.469519876910164551e+12;1.469198531110319336e+12;1.468865743027656006e+12;1.468521125054070557e+12;1.468164277849691895e+12;1.467794790085666016e+12;1.467412238188202881e+12;1.467016186084276367e+12;1.466606184951206787e+12;1.466181772968011719e+12;1.465742475072405518e+12;1.465287802722022705e+12;1.464817253661822754e+12;1.464330311698195312e+12;1.463826446481411133e+12;1.463305113295870117e+12;1.462765752861799316e+12;1.462207791146671875e+12;1.461630639189727783e+12;1.461033692940440186e+12;1.460416333110932861e+12;1.459777925045818359e+12;1.459117818609250000e+12;1.458435348091588623e+12;1.457729832136946777e+12;1.457000573693226318e+12;1.456246859986814697e+12;1.455467962522577881e+12;1.454663137112614990e+12;1.453831623933794922e+12;1.452972647617519775e+12;1.452085417372661133e+12;1.451169127143977051e+12;1.450222955808319824e+12;1.449246067410034424e+12;1.448237611437542725e+12;1.447196723145012695e+12;1.446122523917475342e+12;1.445014121685682861e+12;1.443870611389333984e+12;1.442691075492773682e+12;1.441474584554025635e+12;1.440220197849454834e+12;1.438926964055856934e+12;1.437593921991731689e+12;1.436220101419540039e+12;1.434804523909786133e+12;1.433346203769683350e+12;1.431844149036165283e+12;1.430297362535596924e+12;1.428704843010183838e+12;1.427065586312925781e+12;1.425378586670147217e+12;1.423642838013601074e+12;1.421857335381185303e+12;1.420021076386054932e+12;1.418133062754972168e+12;1.416192301933168213e+12;1.414197808756893311e+12;1.412148607190649902e+12;1.410043732129142090e+12;1.407882231260418701e+12;1.405663166989778320e+12;1.403385618420310059e+12;1.401048683389026367e+12;1.398651480553749268e+12;1.396193151529154053e+12;1.393672863067047607e+12;1.391089809277209717e+12;1.388443213885611328e+12;1.385732332523780518e+12;1.382956455046728271e+12;1.380114907872337402e+12;1.377207056338933350e+12;1.374232307074571045e+12;1.371190110373112549e+12;1.368079962570324219e+12;1.364901408415959717e+12;1.361654043433153809e+12;1.358337516261403809e+12;1.354951530975154053e+12;1.351495849371161621e+12;1.347970293219635010e+12;1.344374746469729980e+12;1.340709157404886719e+12;1.336973540738495850e+12;1.333167979643613281e+12;1.329292627709348145e+12;1.325347710815333740e+12;1.321333528916821045e+12;1.317250457731660400e+12;1.313098950322593506e+12;1.308879538563756592e+12;1.304592834485514404e+12;1.300239531487272217e+12;1.295820405410624756e+12
1.522405632096349854e+12;1.522304294100938965e+12;1.522199228535749756e+12;1.522090300360472656e+12;1.521977369796289795e+12;1.521860292171045898e+12;1.521738917759874023e+12;1.521613091622023193e+12;1.521482653432896240e+12;1.521347437311851807e+12;1.521207271645817627e+12;1.521061978908301270e+12;1.520911375473803711e+12;1.520755271427881836e+12;1.520593470373078369e+12;1.520425769229626709e+12;1.520251958032381348e+12;1.520071819723154297e+12;1.519885129938238281e+12;1.519691656792281982e+12;1.519491160657244629e+12;1.519283393937657715e+12;1.519068100841344482e+12;1.518845017146720459e+12;1.518613869965657715e+12;1.518374377502980957e+12;1.518126248812449707e+12;1.517869183549347900e+12;1.517602871719964844e+12;1.517326993428568115e+12;1.517041218621091309e+12;1.516745206827347412e+12;1.516438606901039551e+12;1.516121056757947510e+12;1.515792183113511719e+12;1.515451601219344971e+12;1.515098914599597656e+12;1.514733714787745117e+12;1.514355581064223389e+12;1.513964080195423340e+12;1.513558766174877686e+12;1.513139179967257568e+12;1.512704849256033203e+12;1.512255288195354980e+12;1.511789997167153076e+12;1.511308462544232910e+12;1.510810156460848389e+12;1.510294536590895264e+12;1.509761045935347900e+12;1.509209112619977051e+12;1.508638149704846436e+12;1.508047555005745361e+12;1.507436710930497559e+12;1.506804984329925537e+12;1.506151726366263428e+12;1.505476272399136475e+12;1.504777941892201416e+12;1.504056038340446045e+12;1.503309849221564453e+12;1.502538645971061035e+12;1.501741683985252686e+12;1.500918202651737549e+12;1.500067425410744385e+12;1.499188559849241455e+12;1.498280797827905518e+12;1.497343315646050049e+12;1.496375274244072266e+12;1.495375819446343018e+12;1.494344082246571777e+12;1.493279179138194824e+12;1.492180212490791504e+12;1.491046270975886719e+12;1.489876430043194824e+12;1.488669752449918213e+12;1.487425288844555176e+12;1.486142078408239014e+12;1.484819149553800537e+12;1.483455520686127441e+12;1.482050201023794189e+12;1.480602191485236572e+12;1.479110485639246338e+12;1.477574070722708496e+12;1.475991928725042480e+12;1.474363037541614014e+12;1.472686372196513428e+12;1.470960906134861328e+12;1.469185612585348633e+12;1.467359465992979492e+12;1.465481443521687012e+12;1.463550526627123047e+12;1.461565702697403809e+12;1.459525966762607422e+12;1.457430323270207031e+12;1.455277787925710693e+12;1.453067389596413086e+12;1.450798172275727051e+12;1.448469197105970947e+12;1.446079544456247559e+12;1.443628316053025391e+12;1.441114637159248779e+12;1.438537658798255859e+12;1.435896560019424561e+12;1.433190550199298096e+12;1.430418871376264404e+12;1.427580800611225098e+12;1.424675652371168701e+12;1.421702780929556885e+12;1.418661582777851074e+12;1.415551499042819824e+12;1.412372017903722412e+12;1.409122677003157471e+12;1.405803065844737061e+12;1.402412828172818848e+12;1.398951664325481689e+12;1.395419333555643799e+12;1.391815656312686035e+12;1.388140516477995850e+12;1.384393863546189453e+12;1.380575714745631104e+12;1.376686157090643066e+12;1.372725349356483398e+12;1.368693523970723389e+12;1.364590988812092773e+12;1.360418128908875977e+12;1.356175408027762207e+12;1.351863370146215820e+12;1.347482640798378174e+12;1.343033928286498291e+12
1.570856718275880127e+12;1.570756689203044434e+12;1.570652979016144287e+12;1.570545454232139404e+12;1.570433976674974609e+12;1.570318403321103271e+12;1.570198586141309082e+12;1.570074371938088867e+12;1.569945602178405762e+12;1.569812112821977539e+12;1.569673734145850098e+12;1.569530290563330322e+12;1.569381600439556152e+12;1.569227475901380371e+12;1.569067722643834717e+12;1.568902139730989014e+12;1.568730519393041504e+12;1.568552646818504639e+12;1.568368299941761230e+12;1.568177249226545166e+12;1.567979257444621338e+12;1.567774079450158936e+12;1.567561461950315674e+12;1.567341143270877441e+12;1.567112853118419189e+12;1.566876312338515869e+12;1.566631232669818115e+12;1.566377316495178467e+12;1.566114256588668457e+12;1.565841735860224365e+12;1.565559427097096436e+12;1.565266992702233643e+12;1.564964084431479004e+12;1.564650343128001709e+12;1.564325398455138916e+12;1.563988868628937500e+12;1.563640360149143799e+12;1.563279467530544434e+12;1.562905773034368896e+12;1.562518846401091797e+12;1.562118244583975342e+12;1.561703511485720947e+12;1.561274177697523926e+12;1.560829760241899414e+12;1.560369762320084229e+12;1.559893673064755615e+12;1.559400967299213379e+12;1.558891105303517334e+12;1.558363532589178467e+12;1.557817679683244385e+12;1.557252961922702637e+12;1.556668779260868896e+12;1.556064516086886963e+12;1.555439541059095459e+12;1.554793206955003174e+12;1.554124850537815430e+12;1.553433792441618408e+12;1.552719337078010010e+12;1.551980772563176514e+12;1.551217370670015137e+12;1.550428386804795166e+12;1.549613060011915771e+12;1.548770613007009766e+12;1.547900252242076904e+12;1.547001168002428955e+12;1.546072534540527100e+12;1.545113510244987793e+12;1.544123237850176758e+12;1.543100844686832764e+12;1.542045442975717529e+12;1.540956130167160645e+12;1.539831989328672363e+12;1.538672089581745605e+12;1.537475486590768555e+12;1.536241223106302246e+12;1.534968329564130859e+12;1.533655824742200439e+12;1.532302716477561523e+12;1.530908002445228760e+12;1.529470670999963867e+12;1.527989702083476318e+12;1.526464068197941162e+12;1.524892735447172607e+12;1.523274664646933105e+12;1.521608812504592529e+12;1.519894132870279541e+12;1.518129578058250488e+12;1.516314100240044434e+12;1.514446652909741455e+12;1.512526192419433594e+12;1.510551679586298584e+12;1.508522081369839111e+12;1.506436372617349121e+12;1.504293537878009766e+12;1.502092573282158691e+12;1.499832488484859131e+12;1.497512308671461426e+12;1.495131076621306396e+12;1.492687854828798096e+12;1.490181727675601807e+12;1.487611803653973389e+12;1.484977217633877441e+12;1.482277133172176758e+12;1.479510744858491699e+12;1.476677280692486816e+12;1.473776004489114746e+12;1.470806218304962158e+12;1.467767264881167236e+12;1.464658530097489502e+12;1.461479445430360352e+12;1.458229490410517334e+12;1.454908195072817139e+12;1.451515142391931885e+12;1.448049970697782471e+12;1.444512376063979736e+12;1.440902114661291992e+12;1.437219005070778809e+12;1.433462930547552490e+12;1.429633841229668701e+12;1.425731756282416992e+12;1.421756765972871338e+12;1.417709033664192627e+12;1.413588797723686279e+12;1.409396373335835938e+12;1.405132154211439209e+12;1.400796614185427002e+12;1.396390308693807861e+12;1.391913876122064209e+12
1.620974236794853760e+12;1.620875513785334473e+12;1.620773156111162354e+12;1.620667031853585938e+12;1.620557004446678711e+12;1.620442932524312500e+12;1.620324669762433838e+12;1.620202064717082275e+12;1.620074960658091797e+12;1.619943195398415527e+12;1.619806601118735352e+12;1.619665004187428467e+12;1.619518224976519531e+12;1.619366077672211182e+12;1.619208370081430176e+12;1.619044903433594727e+12;1.618875472177241699e+12;1.618699863772628174e+12;1.618517858479661377e+12;1.618329229140496582e+12;1.618133740958718994e+12;1.617931151272791992e+12;1.617721209326261230e+12;1.617503656032868652e+12;1.617278223737302246e+12;1.617044635972706543e+12;1.616802607213191895e+12;1.616551842623280518e+12;1.616292037803348145e+12;1.616022878532049072e+12;1.615744040504738037e+12;1.615455189070393311e+12;1.615155978964320068e+12;1.614846054039852539e+12;1.614525046997521973e+12;1.614192579112863281e+12;1.613848259962899170e+12;1.613491687152397949e+12;1.613122446039608643e+12;1.612740109462740234e+12;1.612344237467008545e+12;1.611934377033727295e+12;1.611510061811654785e+12;1.611070811850965088e+12;1.610616133342016602e+12;1.610145518357114014e+12;1.609658444600012207e+12;1.609154375159908691e+12;1.608632758273951172e+12;1.608093027098185303e+12;1.607534599488075439e+12;1.606956877789576660e+12;1.606359248642826660e+12;1.605741082798875000e+12;1.605101734951328857e+12;1.604440543583691406e+12;1.603756830835166260e+12;1.603049902385200195e+12;1.602319047358836914e+12;1.601563538254722412e+12;1.600782630897573242e+12;1.599975564416413086e+12;1.599141561251025146e+12;1.598279827187781006e+12;1.597389551428092041e+12;1.596469906689845459e+12;1.595520049345412842e+12;1.594539119597155029e+12;1.593526241693076660e+12;1.592480524185315186e+12;1.591401060232003662e+12;1.590286927946738281e+12;1.589137190796072998e+12;1.587950898048264404e+12;1.586727085275025635e+12;1.585464774908313477e+12;1.584162976854252197e+12;1.582820689166687256e+12;1.581436898781519775e+12;1.580010582313744141e+12;1.578540706919963135e+12;1.577026231226068848e+12;1.575466106324217285e+12;1.573859276837176270e+12;1.572204682054512939e+12;1.570501257138604492e+12;1.568747934403776367e+12;1.566943644666950928e+12;1.565087318671700928e+12;1.563177888584832764e+12;1.561214289565816650e+12;1.559195461407950684e+12;1.557120350250712158e+12;1.554987910362940430e+12;1.552797105993942627e+12;1.550546913292028564e+12;1.548236322287774658e+12;1.545864338939992920e+12;1.543429987241342041e+12;1.540932311380531982e+12;1.538370377958350098e+12;1.535743278252889648e+12;1.533050130530880127e+12;1.530290082399877930e+12;1.527462313197885986e+12;1.524566036414514648e+12;1.521600502138924316e+12;1.518564999529625244e+12;1.515458859299783203e+12;1.512281456212583008e+12;1.509032211580910645e+12;1.505710595764343262e+12;1.502316130658086182e+12;1.498848392166118164e+12;1.495307012652840332e+12;1.491691683365848633e+12;1.488002156822040527e+12;1.484238249152058594e+12;1.480399842392589111e+12;1.476486886721985596e+12;1.472499402629358154e+12;1.468437483010527100e+12;1.464301295182510010e+12;1.460091082808545166e+12;1.455807167725006104e+12;1.451449951662549072e+12;1.447019917852363525e+12;1.442517632509165771e+12
1.672820109087821289e+12;1.672722687787575928e+12;1.672621678206428467e+12;1.672516949994403564e+12;1.672408368201113281e+12;1.672295793123664551e+12;1.672179080149690918e+12;1.672058079596383545e+12;1.671932636545093018e+12;1.671802590671074219e+12;1.671667776069223877e+12;1.671528021074795410e+12;1.671383148079307129e+12;1.671232973342851562e+12;1.671077306799743164e+12;1.670915951861876709e+12;1.670748705215078857e+12;1.670575356612272217e+12;1.670395688661205322e+12;1.670209476607415283e+12;1.670016488113065918e+12;1.669816483030397705e+12;1.669609213171212158e+12;1.669394422071655273e+12;1.669171844752353516e+12;1.668941207474550293e+12;1.668702227491798340e+12;1.668454612798206543e+12;1.668198061871805664e+12;1.667932263415092285e+12;1.667656896091995361e+12;1.667371628261390381e+12;1.667076117707638672e+12;1.666770011368909180e+12;1.666452945062927002e+12;1.666124543210606201e+12;1.665784418558599854e+12;1.665432171900365967e+12;1.665067391796990723e+12;1.664689654297683838e+12;1.664298522660535400e+12;1.663893547074744141e+12;1.663474264384741455e+12;1.663040197815623535e+12;1.662590856703313477e+12;1.662125736227446533e+12;1.661644317149599121e+12;1.661146065557012451e+12;1.660630432613702881e+12;1.660096854317632080e+12;1.659544751269078369e+12;1.658973528446363037e+12;1.658382574994692383e+12;1.657771264026511230e+12;1.657138952435330322e+12;1.656484980725686035e+12;1.655808672858472656e+12;1.655109336115250488e+12;1.654386260982044678e+12;1.653638721054201172e+12;1.652865972964642090e+12;1.652067256336951416e+12;1.651241793764963379e+12;1.650388790821034424e+12;1.649507436094801514e+12;1.648596901264762207e+12;1.647656341203904053e+12;1.646684894122561768e+12;1.645681681749646729e+12;1.644645809555261230e+12;1.643576367016232422e+12;1.642472427926777344e+12;1.641333050757276611e+12;1.640157279062522217e+12;1.638944141941815186e+12;1.637692654553382812e+12;1.636401818685187256e+12;1.635070623383928955e+12;1.633698045644402344e+12;1.632283051161341797e+12;1.630824595145637207e+12;1.629321623205970459e+12;1.627773072298924805e+12;1.626177871747324463e+12;1.624534944329383057e+12;1.622843207439381348e+12;1.621101574321158691e+12;1.619308955374455566e+12;1.617464259535109619e+12;1.615566395729765381e+12;1.613614274403824463e+12;1.611606809124742188e+12;1.609542918256506836e+12;1.607421526708716064e+12;1.605241567754981934e+12;1.603001984923026123e+12;1.600701733951096680e+12;1.598339784811094238e+12;1.595915123794972168e+12;1.593426755661623047e+12;1.590873705840490967e+12;1.588255022690940918e+12;1.585569779809219482e+12;1.582817078383449463e+12;1.579996049589389160e+12;1.577105857022749023e+12;1.574145699164031494e+12;1.571114811869745605e+12;1.568012470884240967e+12;1.564837994367822510e+12;1.561590745433209229e+12;1.558270134686086426e+12;1.554875622761657227e+12;1.551406722852253906e+12;1.547863003217746094e+12;1.544244089673213135e+12;1.540549668045718018e+12;1.536779486593610352e+12;1.532933358381182129e+12;1.529011163600135498e+12;1.525012851831775146e+12;1.520938444240784424e+12;1.516788035693279297e+12;1.512561796791316162e+12;1.508259975814674561e+12;1.503882900563317871e+12;1.499430980089802002e+12;1.494904706315452148e+12
1.726458511215313232e+12;1.726362385873262695e+12;1.726262718512966064e+12;1.726159380355300537e+12;1.726052238068389648e+12;1.725941153615796387e+12;1.725825984100958252e+12;1.725706581607151611e+12;1.725582793032544678e+12;1.725454459921411133e+12;1.725321418290143799e+12;1.725183498449038330e+12;1.725040524819167969e+12;1.724892315744339355e+12;1.724738683299072754e+12;1.724579433090683594e+12;1.724414364057273926e+12;1.724243268260907715e+12;1.724065930675435791e+12;1.723882128969880859e+12;1.723691633287128418e+12;1.723494206017653320e+12;1.723289601568135498e+12;1.723077566126477051e+12;1.722857837421079102e+12;1.722630144475936768e+12;1.722394207362340576e+12;1.722149736944815430e+12;1.721896434623725342e+12;1.721633992074481689e+12;1.721362090981820312e+12;1.721080402771464844e+12;1.720788588338275635e+12;1.720486297771682617e+12;1.720173170078165039e+12;1.719848832901210938e+12;1.719512902240061279e+12;1.719164982166142334e+12;1.718804664539300293e+12;1.718431528722410889e+12;1.718045141296915283e+12;1.717645055778288330e+12;1.717230812332666748e+12;1.716801937495706787e+12;1.716357943893445068e+12;1.715898329966890869e+12;1.715422579700179199e+12;1.714930162354277344e+12;1.714420532206398926e+12;1.713893128295792969e+12;1.713347374178372803e+12;1.712782677689550293e+12;1.712198430717800293e+12;1.711594008989404785e+12;1.710968771865778076e+12;1.710322062155452148e+12;1.709653205940733643e+12;1.708961512422132568e+12;1.708246273780787842e+12;1.707506765061279053e+12;1.706742244076383545e+12;1.705951951335467773e+12;1.705135109997796387e+12;1.704290925853955322e+12;1.703418587335524170e+12;1.702517265557395508e+12;1.701586114391500000e+12;1.700624270577701904e+12;1.699630853870635742e+12;1.698604967227301514e+12;1.697545697036144043e+12;1.696452113389820068e+12;1.695323270404913086e+12;1.694158206589793213e+12;1.692955945263370117e+12;1.691715495027064453e+12;1.690435850291749756e+12;1.689115991862138184e+12;1.687754887581215576e+12;1.686351493035333008e+12;1.684904752324137939e+12;1.683413598894522949e+12;1.681876956443139404e+12;1.680293739887101807e+12;1.678662856404999268e+12;1.676983206550248535e+12;1.675253685436796387e+12;1.673473183998783203e+12;1.671640590325336426e+12;1.669754791069511230e+12;1.667814672933499756e+12;1.665819124228858643e+12;1.663767036511791748e+12;1.661657306292826660e+12;1.659488836820678955e+12;1.657260539937377441e+12;1.654971338005837646e+12;1.652620165904630615e+12;1.650205973090806641e+12;1.647727725726405029e+12;1.645184408866289551e+12;1.642575028703813232e+12;1.639898614871364502e+12;1.637154222791230225e+12;1.634340936072290283e+12;1.631457868949461182e+12;1.628504168759189209e+12;1.625479018446863525e+12;1.622381639101162354e+12;1.619211292508261230e+12;1.615967283721517822e+12;1.612648963639853271e+12;1.609255731587666260e+12;1.605787037892283691e+12;1.602242386448509766e+12;1.598621337266928467e+12;1.594923508997423828e+12;1.591148581419636230e+12;1.587296297895175537e+12;1.583366467772830322e+12;1.579358968738978760e+12;1.575273749106811035e+12;1.571110830034294922e+12;1.566870307664938477e+12;1.562552355182446533e+12;1.558157224770396973e+12;1.553685249469318604e+12;1.549136844922512939e+12
1.781955986206249512e+12;1.781861149771682373e+12;1.781762817408310059e+12;1.781660861908328125e+12;1.781555151558591797e+12;1.781445549990177734e+12;1.781331916024171143e+12;1.781214103511806396e+12;1.781091961171236572e+12;1.780965332419314697e+12;1.780834055198343262e+12;1.780697961798989502e+12;1.780556878678010742e+12;1.780410626270718262e+12;1.780259018799845459e+12;1.780101864078188232e+12;1.779938963307094971e+12;1.779770110870146484e+12;1.779595094121515625e+12;1.779413693169561279e+12;1.779225680655747070e+12;1.779030821527887451e+12;1.778828872809889893e+12;1.778619583364918213e+12;1.778402693655840576e+12;1.778177935499027100e+12;1.777945031814943115e+12;1.777703696374059326e+12;1.777453633537519287e+12;1.777194537995135498e+12;1.776926094498253662e+12;1.776647977589170166e+12;1.776359851327440430e+12;1.776061369012152100e+12;1.775752172901684082e+12;1.775431893930970947e+12;1.775100151425857666e+12;1.774756552815954102e+12;1.774400693345823486e+12;1.774032155785354492e+12;1.773650510139085938e+12;1.773255313356047607e+12;1.772846109039924316e+12;1.772422427160124268e+12;1.771983783765761963e+12;1.771529680700805420e+12;1.771059605323983154e+12;1.770573030232029297e+12;1.770069412988500977e+12;1.769548195858385010e+12;1.769008805550211426e+12;1.768450652965733154e+12;1.767873132959503418e+12;1.767275624108381348e+12;1.766657488492878906e+12;1.766018071492224121e+12;1.765356701592647217e+12;1.764672690212626221e+12;1.763965331544691406e+12;1.763233902417256836e+12;1.762477662176033691e+12;1.761695852588143066e+12;1.760887697771106934e+12;1.760052404146483398e+12;1.759189160422576904e+12;1.758297137606645020e+12;1.757375489048958984e+12;1.756423350520406738e+12;1.755439840327307129e+12;1.754424059463650635e+12;1.753375091803590332e+12;1.752292004337683105e+12;1.751173847453546875e+12;1.750019655263056885e+12;1.748828445980576904e+12;1.747599222351909424e+12;1.746330972137850586e+12;1.745022668653575928e+12;1.743673271367740723e+12;1.742281726560317139e+12;1.740846968045550293e+12;1.739367917958129150e+12;1.737843487606262207e+12;1.736272578393956299e+12;1.734654082812976074e+12;1.732986885506433838e+12;1.731269864405856934e+12;1.729501891941985596e+12;1.727681836331261230e+12;1.725808562937620850e+12;1.723880935711520508e+12;1.721897818704722900e+12;1.719858077662549316e+12;1.717760581691891846e+12;1.715604205005182861e+12;1.713387828739078857e+12;1.711110342846383057e+12;1.708770648060455811e+12;1.706367657928858154e+12;1.703900300915209229e+12;1.701367522565450928e+12;1.698768287736967529e+12;1.696101582885507324e+12;1.693366418407313965e+12;1.690561831032616211e+12;1.687686886265225586e+12;1.684740680864220215e+12;1.681722345362527832e+12;1.678631046617326904e+12;1.675465990386432861e+12;1.672226423925112793e+12;1.668911638597132080e+12;1.665520972494005127e+12;1.662053813055942627e+12;1.658509599687027588e+12;1.654887826359470703e+12;1.651188044198119629e+12;1.647409864039469482e+12;1.643552958956472168e+12;1.639617066743416992e+12;1.635601992351347656e+12;1.631507610268333252e+12;1.627333866834316895e+12;1.623080782485065186e+12;1.618748453915283936e+12;1.614337056153684082e+12;1.609846844541041748e+12;1.605278156602953125e+12
1.839381566646267090e+12;1.839288010864841309e+12;1.839191005023066162e+12;1.839090423481982910e+12;1.838986136145915039e+12;1.838878008312276855e+12;1.838765900518986572e+12;1.838649668385101562e+12;1.838529162449047607e+12;1.838404228001082275e+12;1.838274704911423096e+12;1.838140427453550781e+12;1.838001224123153564e+12;1.837856917451091064e+12;1.837707323813675293e+12;1.837552253235245361e+12;1.837391509188078369e+12;1.837224888386175293e+12;1.837052180573965820e+12;1.836873168311006836e+12;1.836687626750470459e+12;1.836495323413155518e+12;1.836296017956525635e+12;1.836089461939115234e+12;1.835875398579042969e+12;1.835653562508954102e+12;1.835423679525420898e+12;1.835185466333529297e+12;1.834938630287987549e+12;1.834682869128454590e+12;1.834417870711994141e+12;1.834143312740130859e+12;1.833858862483750244e+12;1.833564176502703369e+12;1.833258900363213867e+12;1.832942668351739502e+12;1.832615103186554688e+12;1.832275815726446777e+12;1.831924404678111816e+12;1.831560456301474609e+12;1.831183544114381592e+12;1.830793228596569092e+12;1.830389056893431396e+12;1.829970562521229492e+12;1.829537265072593994e+12;1.829088669924819336e+12;1.828624267950247070e+12;1.828143535230563721e+12;1.827645932775616943e+12;1.827130906246933594e+12;1.826597885687959961e+12;1.826046285261539307e+12;1.825475502995850342e+12;1.824884920539304932e+12;1.824273902926995117e+12;1.823641798358582764e+12;1.822987937989739014e+12;1.822311635738724121e+12;1.821612188108364014e+12;1.820888874026732422e+12;1.820140954707000488e+12;1.819367673527887939e+12;1.818568255937897461e+12;1.817741909383535400e+12;1.816887823264680908e+12;1.816005168917528809e+12;1.815093099629317383e+12;1.814150750684674316e+12;1.813177239447174805e+12;1.812171665477457764e+12;1.811133110690928223e+12;1.810060639555866943e+12;1.808953299336202637e+12;1.807810120379570557e+12;1.806630116453558350e+12;1.805412285132871094e+12;1.804155608238774658e+12;1.802859052334610596e+12;1.801521569277824707e+12;1.800142096831975586e+12;1.798719559341218018e+12;1.797252868467713379e+12;1.795740923996182373e+12;1.794182614705028320e+12;1.792576819309382324e+12;1.790922407472587158e+12;1.789218240894360352e+12;1.787463174469817383e+12;1.785656057526290771e+12;1.783795735135761475e+12;1.781881049504908691e+12;1.779910841442396973e+12;1.777883951904510254e+12;1.775799223618608887e+12;1.773655502784098633e+12;1.771451640849851318e+12;1.769186496368789795e+12;1.766858936925093262e+12;1.764467841136714355e+12;1.762012100726237793e+12;1.759490622662125244e+12;1.756902331365585449e+12;1.754246170978729004e+12;1.751521107694103760e+12;1.748726132137737549e+12;1.745860261804901611e+12;1.742922543542187744e+12;1.739912056071547607e+12;1.736827912551528320e+12;1.733669263170260498e+12;1.730435297764049561e+12;1.727125248455816895e+12;1.723738392308237793e+12;1.720274053982934326e+12;1.716731608401695312e+12;1.713110483401093750e+12;1.709410162374238770e+12;1.705630186892406494e+12;1.701770159299026855e+12;1.697829745269660889e+12;1.693808676328129395e+12;1.689706752313613770e+12;1.685523843789180420e+12;1.681259894384711182e+12;1.676914923065387451e+12;1.672489026318224365e+12;1.667982380247777100e+12;1.663395242573437988e+12
1.898806908093427490e+12;1.898714623602290527e+12;1.898618934653161377e+12;1.898519717172508545e+12;1.898416842678206787e+12;1.898310178131088867e+12;1.898199585782516113e+12;1.898084923017336914e+12;1.897966042192260010e+12;1.897842790469456543e+12;1.897715009645929199e+12;1.897582535977980225e+12;1.897445200000328857e+12;1.897302826341269043e+12;1.897155233532250488e+12;1.897002233812470703e+12;1.896843632929151123e+12;1.896679229931884766e+12;1.896508816962320068e+12;1.896332179038562500e+12;1.896149093834913330e+12;1.895959331456059082e+12;1.895762654206065918e+12;1.895558816352824951e+12;1.895347563886895752e+12;1.895128634275729980e+12;1.894901756213016602e+12;1.894666649362848389e+12;1.894423024099313477e+12;1.894170581242065186e+12;1.893909011786127686e+12;1.893637996629116943e+12;1.893357206292771240e+12;1.893066300641600098e+12;1.892764928597795410e+12;1.892452727852079834e+12;1.892129324572649414e+12;1.891794333110318115e+12;1.891447355702090088e+12;1.891087982172042236e+12;1.890715789631806152e+12;1.890330342178772705e+12;1.889931190594636963e+12;1.889517872044006348e+12;1.889089909772995605e+12;1.888646812810287598e+12;1.888188075669137451e+12;1.887713178053017334e+12;1.887221584564843018e+12;1.886712744419784668e+12;1.886186091164852783e+12;1.885641042404574951e+12;1.885076999533111328e+12;1.884493347476396729e+12;1.883889454443226562e+12;1.883264671687857178e+12;1.882618333284270508e+12;1.881949755914693848e+12;1.881258238673270508e+12;1.880543062886093262e+12;1.879803491949720703e+12;1.879038771189128418e+12;1.878248127738260498e+12;1.877430770442502686e+12;1.876585889788031494e+12;1.875712657856802002e+12;1.874810228311902832e+12;1.873877736413401611e+12;1.872914299067395508e+12;1.871919014911280273e+12;1.870890964435543701e+12;1.869829210146593994e+12;1.868732796770489502e+12;1.867600751502586670e+12;1.866432084302534668e+12;1.865225788239848145e+12;1.863980839889789795e+12;1.862696199783819092e+12;1.861370812916128174e+12;1.860003609308976318e+12;1.858593504638078125e+12;1.857139400921876953e+12;1.855640187275653076e+12;1.854094740732635742e+12;1.852501927134546387e+12;1.850860602093436768e+12;1.849169612025833252e+12;1.847427795261360107e+12;1.845633983227010254e+12;1.843787001708247070e+12;1.841885672187955322e+12;1.839928813263940674e+12;1.837915242145288818e+12;1.835843776227711182e+12;1.833713234749227051e+12;1.831522440522717041e+12;1.829270221748091797e+12;1.826955413900935547e+12;1.824576861696561035e+12;1.822133421128405029e+12;1.819623961578042236e+12;1.817047367994896484e+12;1.814402543141735596e+12;1.811688409904875977e+12;1.808903913663249023e+12;1.806048024713534424e+12;1.803119740747881348e+12;1.800118089377398193e+12;1.797042130699284912e+12;1.793890959899986816e+12;1.790663709890447266e+12;1.787359553966371094e+12;1.783977708489392578e+12;1.780517435579933838e+12;1.776978045818212402e+12;1.773358900944036133e+12;1.769659416551716797e+12;1.765879064768158691e+12;1.762017376912415771e+12;1.758073946124806885e+12;1.754048429960181885e+12;1.749940552937731689e+12;1.745750109038246338e+12;1.741476964142440674e+12;1.737121058400725830e+12;1.732682408527560059e+12;1.728161110011380371e+12;1.723557339232437744e+12
1.960306433853728027e+12;1.960215410274022949e+12;1.960121027531820801e+12;1.960023163113236084e+12;1.959921690144389648e+12;1.959816477244004639e+12;1.959707388372527100e+12;1.959594282675818115e+12;1.959477014324503662e+12;1.959355432349157227e+12;1.959229380470350830e+12;1.959098696924015137e+12;1.958963214282239502e+12;1.958822759268769043e+12;1.958677152569583740e+12;1.958526208639190918e+12;1.958369735500261230e+12;1.958207534540165771e+12;1.958039400300232666e+12;1.957865120262017578e+12;1.957684474626441895e+12;1.957497236088788574e+12;1.957303169608244141e+12;1.957102032172548096e+12;1.956893572556388428e+12;1.956677531076468506e+12;1.956453639339655029e+12;1.956221619987585205e+12;1.955981186435142090e+12;1.955732042605363281e+12;1.955473882658747070e+12;1.955206390718145996e+12;1.954929240590111572e+12;1.954642095480798828e+12;1.954344607709226807e+12;1.954036418416000977e+12;1.953717157268817871e+12;1.953386442165110107e+12;1.953043878931955566e+12;1.952689061023448730e+12;1.952321569215868408e+12;1.951940971301970459e+12;1.951546821784038818e+12;1.951138661566374756e+12;1.950716017647768066e+12;1.950278402815141357e+12;1.949825315338335938e+12;1.949356238667329834e+12;1.948870641132053223e+12;1.948367975646041992e+12;1.947847679415021973e+12;1.947309173650947754e+12;1.946751863292783936e+12;1.946175136734581787e+12;1.945578365563069092e+12;1.944960904304492188e+12;1.944322090183605469e+12;1.943661242894774658e+12;1.942977664386851807e+12;1.942270638664176514e+12;1.941539431604661621e+12;1.940783290795667480e+12;1.940001445391033203e+12;1.939193105990210938e+12;1.938357464540683838e+12;1.937493694266842773e+12;1.936600949625838867e+12;1.935678366294264648e+12;1.934725061185679199e+12;1.933740132502624512e+12;1.932722659824770752e+12;1.931671704235041504e+12;1.930586308487356934e+12;1.929465497215897705e+12;1.928308277191720459e+12;1.927113637624886719e+12;1.925880550518497803e+12;1.924607971074329590e+12;1.923294838153803467e+12;1.921940074795573730e+12;1.920542588793961182e+12;1.919101273337968506e+12;1.917615007715379639e+12;1.916082658082787842e+12;1.914503078304467773e+12;1.912875110861322510e+12;1.911197587832044678e+12;1.909469331948701172e+12;1.907689157727870361e+12;1.905855872678114014e+12;1.903968278586101074e+12;1.902025172882072510e+12;1.900025350084213623e+12;1.897967603324598877e+12;1.895850725953855469e+12;1.893673513228198486e+12;1.891434764075164062e+12;1.889133282938344482e+12;1.886767881701413330e+12;1.884337381687954102e+12;1.881840615736461182e+12;1.879276430348373779e+12;1.876643687905772217e+12;1.873941268957344238e+12;1.871168074567793457e+12;1.868323028727802979e+12;1.865405080820703369e+12;1.862413208141240723e+12;1.859346418461368408e+12;1.856203752639287598e+12;1.852984287264565186e+12;1.849687137335197021e+12;1.846311458960479492e+12;1.842856452082226074e+12;1.839321363209645020e+12;1.835705488160271973e+12;1.832008174799864990e+12;1.828228825774779297e+12;1.824366901229371582e+12;1.820421921501249023e+12;1.816393469785913818e+12;1.812281194764572998e+12;1.808084813186139648e+12;1.803804112395801758e+12;1.799438952802524170e+12;1.794989270277182373e+12;1.790455078472289551e+12;1.785836471056866211e+12
2.023957491597680908e+12;2.023867717625110352e+12;2.023774629440968506e+12;2.023678106083500488e+12;2.023578022280057861e+12;2.023474248300697754e+12;2.023366649807873779e+12;2.023255087701843018e+12;2.023139417961127930e+12;2.023019491478643555e+12;2.022895153893052002e+12;2.022766245414967285e+12;2.022632600649058350e+12;2.022494048410423584e+12;2.022350411536510498e+12;2.022201506693616211e+12;2.022047144178549072e+12;2.021887127714918701e+12;2.021721254243964355e+12;2.021549313711092529e+12;2.021371088845935547e+12;2.021186354937829590e+12;2.020994879605589111e+12;2.020796422562845215e+12;2.020590735376595947e+12;2.020377561221855713e+12;2.020156634630643799e+12;2.019927681235668213e+12;2.019690417508588135e+12;2.019444550494536621e+12;2.019189777540195801e+12;2.018925786018416504e+12;2.018652253047280273e+12;2.018368845205730957e+12;2.018075218243787598e+12;2.017771016789891113e+12;2.017455874053978027e+12;2.017129411527099365e+12;2.016791238678280029e+12;2.016440952648157715e+12;2.016078137940649658e+12;2.015702366112413330e+12;2.015313195460920898e+12;2.014910170711688965e+12;2.014492822704834229e+12;2.014060668081977295e+12;2.013613208974101807e+12;2.013149932690327393e+12;2.012670311410061279e+12;2.012173801876811523e+12;2.011659845096852783e+12;2.011127866042880859e+12;2.010577273362585449e+12;2.010007459094643311e+12;2.009417798392287842e+12;2.008807649256599365e+12;2.008176352279466797e+12;2.007523230398065918e+12;2.006847588662947754e+12;2.006148714019534180e+12;2.005425875106842529e+12;2.004678322071896729e+12;2.003905286405251953e+12;2.003105980795152344e+12;2.002279599006103027e+12;2.001425315780986572e+12;2.000542286769274902e+12;1.999629648484481445e+12;1.998686518291197754e+12;1.997711994424720459e+12;1.996705156046034424e+12;1.995665063332601807e+12;1.994590757609462646e+12;1.993481261520549805e+12;1.992335579245242920e+12;1.991152696760177246e+12;1.989931582149658691e+12;1.988671185968070801e+12;1.987370441654637451e+12;1.986028266005206299e+12;1.984643559701207764e+12;1.983215207900584229e+12;1.981742080890689209e+12;1.980223034807081299e+12;1.978656912420004883e+12;1.977042543990134033e+12;1.975378748195770996e+12;1.973664333134733887e+12;1.971898097399850098e+12;1.970078831232613281e+12;1.968205317754646240e+12;1.966276334278211914e+12;1.964290653697952881e+12;1.962247045962661865e+12;1.960144279629587646e+12;1.957981123499479492e+12;1.955756348334495605e+12;1.953468728655861572e+12;1.951117044622852051e+12;1.948700083990788086e+12;1.946216644146541992e+12;1.943665534220264404e+12;1.941045577271129639e+12;1.938355612543073730e+12;1.935594497790260986e+12;1.932761111665942871e+12;1.929854356173492188e+12;1.926873159173123047e+12;1.923816476943056152e+12;1.920683296785972412e+12;1.917472639680460205e+12;1.914183562967536133e+12;1.910815163069811523e+12;1.907366578235338623e+12;1.903836991300536377e+12;1.900225632465803467e+12;1.896531782076149414e+12;1.892754773400916260e+12;1.888893995404676514e+12;1.884948895502480713e+12;1.880918982291293945e+12;1.876803828250626465e+12;1.872603072404075928e+12;1.868316422934452148e+12;1.863943659743498779e+12;1.859484636949208740e+12;1.854939285312552490e+12;1.850307614583085205e+12
2.089840522235132812e+12;2.089751985727730713e+12;2.089660179580372314e+12;2.089564984375325928e+12;2.089466276432156006e+12;2.089363927663411865e+12;2.089257805425603027e+12;2.089147772364688477e+12;2.089033686259264648e+12;2.088915399856617188e+12;2.088792760705704102e+12;2.088665610984725586e+12;2.088533787324022705e+12;2.088397120623640869e+12;2.088255435866422607e+12;2.088108551925324463e+12;2.087956281366216064e+12;2.087798430245106445e+12;2.087634797900039551e+12;2.087465176737837158e+12;2.087289352015555420e+12;2.087107101616272705e+12;2.086918195819673096e+12;2.086722397067462158e+12;2.086519459722628418e+12;2.086309129824332031e+12;2.086091144836670410e+12;2.085865233392355713e+12;2.085631115031256836e+12;2.085388499933954102e+12;2.085137088649289307e+12;2.084876571818710938e+12;2.084606629893400146e+12;2.084326932849279785e+12;2.084037139895653809e+12;2.083736899180555176e+12;2.083425847491384766e+12;2.083103609952571289e+12;2.082769799719277588e+12;2.082424017668118896e+12;2.082065852084597900e+12;2.081694878348988770e+12;2.081310658619815918e+12;2.080912741515971191e+12;2.080500661797595703e+12;2.080073940047205078e+12;2.079632082350214600e+12;2.079174579977242188e+12;2.078700909067359619e+12;2.078210530313808594e+12;2.077702888653384521e+12;2.077177412958612061e+12;2.076633515736970459e+12;2.076070592833664795e+12;2.075488023143440674e+12;2.074885168329109863e+12;2.074261372550502197e+12;2.073615962202726562e+12;2.072948245667887451e+12;2.072257513078479736e+12;2.071543036096480713e+12;2.070804067708507324e+12;2.070039842038462891e+12;2.069249574180158447e+12;2.068432460050835693e+12;2.067587676268221680e+12;2.066714380051824951e+12;2.065811709151493652e+12;2.064878781805484131e+12;2.063914696728254150e+12;2.062918533132705322e+12;2.061889350786592529e+12;2.060826190108028809e+12;2.059728072299237549e+12;2.058593999524007080e+12;2.057422955128755859e+12;2.056213903911680176e+12;2.054965792440769043e+12;2.053677549423817871e+12;2.052348086133539062e+12;2.050976296889087646e+12;2.049561059596928467e+12;2.048101236354353516e+12;2.046595674115563477e+12;2.045043205426223877e+12;2.043442649225020508e+12;2.041792811716984863e+12;2.040092487319600830e+12;2.038340459683191406e+12;2.036535502788568604e+12;2.034676382122030273e+12;2.032761855930762939e+12;2.030790676557859863e+12;2.028761591859880371e+12;2.026673346706445312e+12;2.024524684562380859e+12;2.022314349153097900e+12;2.020041086213084717e+12;2.017703645315830078e+12;2.015300781786199951e+12;2.012831258692442627e+12;2.010293848917840576e+12;2.007687337307997559e+12;2.005010522894410400e+12;2.002262221188419922e+12;1.999441266545173096e+12;1.996546514592598877e+12;1.993576844722370117e+12;1.990531162637448242e+12;1.987408402953990967e+12;1.984207531850007568e+12;1.980927549756932129e+12;1.977567494089070068e+12;1.974126442003495850e+12;1.970603513185489014e+12;1.966997872652448730e+12;1.963308733569612061e+12;1.959535360071384521e+12;1.955677070079779541e+12;1.951733238114509766e+12;1.947703298084993164e+12;1.943586746059406494e+12;1.939383143000019775e+12;1.935092117459478516e+12;1.930713368228925293e+12;1.926246666929176514e+12;1.921691860538845459e+12;1.917048873848643799e+12
2.158039241389554932e+12;2.157951929452008301e+12;2.157861392036030029e+12;2.157767511257532715e+12;2.157670165018607910e+12;2.157569226864091309e+12;2.157464565834197510e+12;2.157356046311263184e+12;2.157243527863450684e+12;2.157126865082974854e+12;2.157005907419727295e+12;2.156880499010104736e+12;2.156750478501098389e+12;2.156615678869082764e+12;2.156475927233988525e+12;2.156331044667812500e+12;2.156180845998020508e+12;2.156025139606583252e+12;2.155863727221969482e+12;2.155696403707589600e+12;2.155522956843305420e+12;2.155343167102488037e+12;2.155156807423471436e+12;2.154963642974671387e+12;2.154763430915446777e+12;2.154555920150093994e+12;2.154340851078260010e+12;2.154117955337495361e+12;2.153886955542594971e+12;2.153647565017984375e+12;2.153399487526079346e+12;2.153142416989666748e+12;2.152876037209819336e+12;2.152600021577994873e+12;2.152314032784717041e+12;2.152017722522914795e+12;2.151710731186500977e+12;2.151392687566385498e+12;2.151063208540637451e+12;2.150721898763309326e+12;2.150368350347869141e+12;2.150002142549960938e+12;2.149622841446292480e+12;2.149229999612065918e+12;2.148823155797095947e+12;2.148401834600637939e+12;2.147965546146544678e+12;2.147513785757671631e+12;2.147046033632466064e+12;2.146561754522075439e+12;2.146060397410581543e+12;2.145541395198466553e+12;2.145004164390107666e+12;2.144448104786190186e+12;2.143872599182987549e+12;2.143277013078050537e+12;2.142660694384667969e+12;2.142022973155522949e+12;2.141363161317941895e+12;2.140680552420250977e+12;2.139974421392566650e+12;2.139244024322312012e+12;2.138488598246410645e+12;2.137707360961280762e+12;2.136899510853854736e+12;2.136064226752865967e+12;2.135200667805251221e+12;2.134307973376373535e+12;2.133385262979564697e+12;2.132431636232998291e+12;2.131446172850618408e+12;2.130427932664659912e+12;2.129375955685844482e+12;2.128289262200880859e+12;2.127166852911263428e+12;2.126007709115114502e+12;2.124810792934174561e+12;2.123575047589405273e+12;2.122299397725968994e+12;2.120982749792623535e+12;2.119623992475548340e+12;2.118221997190392578e+12;2.116775618635161865e+12;2.115283695405103760e+12;2.113745050673796387e+12;2.112158492941453857e+12;2.110522816853147705e+12;2.108836804088815918e+12;2.107099224327925537e+12;2.105308836289564697e+12;2.103464388850935059e+12;2.101564622244267578e+12;2.099608269335300049e+12;2.097594056984004639e+12;2.095520707486725586e+12;2.093386940103674561e+12;2.091191472669351562e+12;2.088933023287401611e+12;2.086610312110202148e+12;2.084222063200087891e+12;2.081767006476065918e+12;2.079243879738531494e+12;2.076651430777064697e+12;2.073988419553971680e+12;2.071253620464279053e+12;2.068445824668366455e+12;2.065563842494275391e+12;2.062606505905947021e+12;2.059572671034311768e+12;2.056461220765449219e+12;2.053271067382891602e+12;2.050001155257510254e+12;2.046650463581021729e+12;2.043218009135599609e+12;2.039702849095851074e+12;2.036104083855222412e+12;2.032420859870527344e+12;2.028652372518068604e+12;2.024797868955027100e+12;2.020856650977162842e+12;2.016828077866953125e+12;2.012711569223823730e+12;2.008506607769360352e+12;2.004212742118707764e+12;1.999829589511229248e+12;1.995356838491807373e+12;1.990794251534313477e+12;1.986141667600026611e+12
2.228640833732381348e+12;2.228554732796879395e+12;2.228465450106637207e+12;2.228372869299547852e+12;2.228276869848604004e+12;2.228177326919998047e+12;2.228074111225686035e+12;2.227967088872941406e+12;2.227856121208483398e+12;2.227741064657615234e+12;2.227621770560107422e+12;2.227498084999530762e+12;2.227369848628431641e+12;2.227236896489113281e+12;2.227099057827945801e+12;2.226956155905778809e+12;2.226808007802766113e+12;2.226654424216934570e+12;2.226495209259172852e+12;2.226330160241078613e+12;2.226159067458461914e+12;2.225981713968611328e+12;2.225797875362532715e+12;2.225607319531297852e+12;2.225409806426902344e+12;2.225205087817344238e+12;2.224992907036316895e+12;2.224772998727467773e+12;2.224545088582614258e+12;2.224308893074739258e+12;2.224064119186123535e+12;2.223810464129435059e+12;2.223547615066150391e+12;2.223275248817285645e+12;2.222993031570941895e+12;2.222700618584137695e+12;2.222397653880502441e+12;2.222083769943135742e+12;2.221758587403926758e+12;2.221421714728315430e+12;2.221072747897158691e+12;2.220711270085073242e+12;2.220336851335722656e+12;2.219949048235550781e+12;2.219547403584083496e+12;2.219131446064748047e+12;2.218700689913109863e+12;2.218254634585796875e+12;2.217792764428947266e+12;2.217314548348709473e+12;2.216819439482725586e+12;2.216306874874078613e+12;2.215776275149441895e+12;2.215227044200888184e+12;2.214658568872862305e+12;2.214070218656217773e+12;2.213461345388580566e+12;2.212831282964594727e+12;2.212179347054846191e+12;2.211504834836328125e+12;2.210807024735511230e+12;2.210085176184741699e+12;2.209338529395005371e+12;2.208566305144622559e+12;2.207767704587297852e+12;2.206941909080509277e+12;2.206088080035427246e+12;2.205205358791771484e+12;2.204292866518047363e+12;2.203349704140432617e+12;2.202374952300522949e+12;2.201367671346877930e+12;2.200326901360393555e+12;2.199251662215831055e+12;2.198140953683237061e+12;2.196993755571091553e+12;2.195809027911812500e+12;2.194585711195643066e+12;2.193322726651616455e+12;2.192018976581559326e+12;2.190673344746293213e+12;2.189284696809674805e+12;2.187851880841015625e+12;2.186373727878925781e+12;2.184849052559384521e+12;2.183276653810039307e+12;2.181655315613224854e+12;2.179983807840329102e+12;2.178260887158846680e+12;2.176485298015285400e+12;2.174655773694872803e+12;2.172771037460391357e+12;2.170829803772064209e+12;2.168830779588527344e+12;2.166772665751695312e+12;2.164654158456118408e+12;2.162473950801843994e+12;2.160230734434475586e+12;2.157923201268574219e+12;2.155550045298121094e+12;2.153109964489940918e+12;2.150601662762463135e+12;2.148023852045786865e+12;2.145375254423088135e+12;2.142654604351136475e+12;2.139860650956432861e+12;2.136992160406338135e+12;2.134047918349101562e+12;2.131026732421979248e+12;2.127927434821200195e+12;2.124748884930765869e+12;2.121489972005603760e+12;2.118149617901930664e+12;2.114726779851689453e+12;2.111220453273496338e+12;2.107629674615812256e+12;2.103953524223881836e+12;2.100191129225020996e+12;2.096341666425405029e+12;2.092404365210536621e+12;2.088378510442247559e+12;2.084263445345907471e+12;2.080058574377821777e+12;2.075763366067254639e+12;2.071377355823761475e+12;2.066900148702591309e+12;2.062331422119557129e+12;2.057670928507403809e+12
2.301736160343033203e+12;2.301651256247134766e+12;2.301563213656709473e+12;2.301471917719515137e+12;2.301377249467203125e+12;2.301279085673577637e+12;2.301177298710435547e+12;2.301071756396853516e+12;2.300962321844984375e+12;2.300848853300858398e+12;2.300731203980937500e+12;2.300609221902972168e+12;2.300482749712909668e+12;2.300351624505923828e+12;2.300215677642900879e+12;2.300074734561762207e+12;2.299928614582658203e+12;2.299777130709117676e+12;2.299620089423079102e+12;2.299457290474118164e+12;2.299288526663981934e+12;2.299113583624634277e+12;2.298932239591591797e+12;2.298744265170951172e+12;2.298549423100795410e+12;2.298347468007084961e+12;2.298138146153718750e+12;2.297921195187259277e+12;2.297696343875263184e+12;2.297463311839481445e+12;2.297221809283682617e+12;2.296971536715000977e+12;2.296712184661289551e+12;2.296443433381590332e+12;2.296164952572711914e+12;2.295876401069898438e+12;2.295577426543150879e+12;2.295267665188460938e+12;2.294946741415111328e+12;2.294614267527990234e+12;2.294269843407135742e+12;2.293913056182275879e+12;2.293543479905898926e+12;2.293160675221386230e+12;2.292764189030955566e+12;2.292353554159623535e+12;2.291928289019693359e+12;2.291487897272254395e+12;2.291031867490465820e+12;2.290559672821719727e+12;2.290070770651864258e+12;2.289564602270604004e+12;2.289040592540068848e+12;2.288498149566478027e+12;2.287936664376421875e+12;2.287355510599011230e+12;2.286754044153640625e+12;2.286131602946218262e+12;2.285487506573541992e+12;2.284821056038206055e+12;2.284131533474624023e+12;2.283418201887733398e+12;2.282680304906371094e+12;2.281917066551473145e+12;2.281127691022916016e+12;2.280311362504183105e+12;2.279467244988934082e+12;2.278594482129218262e+12;2.277692197109144043e+12;2.276759492544315918e+12;2.275795450410139648e+12;2.274799132001503418e+12;2.273769577924077637e+12;2.272705808121662109e+12;2.271606821940979980e+12;2.270471598235573242e+12;2.269299095513160645e+12;2.268088252126108887e+12;2.266837986510706543e+12;2.265547197475049316e+12;2.264214764539998535e+12;2.262839548333930176e+12;2.261420391046389648e+12;2.259956116940416992e+12;2.258445532928286621e+12;2.256887429211488770e+12;2.255280579989284668e+12;2.253623744236199219e+12;2.251915666551629883e+12;2.250155078085079102e+12;2.248340697536304688e+12;2.246471232235152832e+12;2.244545379300614746e+12;2.242561826882897461e+12;2.240519255487609375e+12;2.238416339385059082e+12;2.236251748104739258e+12;2.234024148015991699e+12;2.231732203995220703e+12;2.229374581179490234e+12;2.226949946806775391e+12;2.224456972141428223e+12;2.221894334485497070e+12;2.219260719272595703e+12;2.216554822244353516e+12;2.213775351706300781e+12;2.210921030861206055e+12;2.207990600217084961e+12;2.204982820065786133e+12;2.201896473030039551e+12;2.198730366672812256e+12;2.195483336166275635e+12;2.192154247014553955e+12;2.188741997825590088e+12;2.185245523125945312e+12;2.181663796212897461e+12;2.177995832038125488e+12;2.174240690115472900e+12;2.170397477447014160e+12;2.166465351459496338e+12;2.162443522944883057e+12;2.158331258996700439e+12;2.154127885934795898e+12;2.149832792211306152e+12;2.145445431289694092e+12;2.140965324487717041e+12;2.136392063778092041e+12;2.131725314537158203e+12
2.377419979159967285e+12;2.377336257219166016e+12;2.377249439558856445e+12;2.377159412823083984e+12;2.377066059587695312e+12;2.376969258221434570e+12;2.376868882741421875e+12;2.376764802664379883e+12;2.376656882853785156e+12;2.376544983361941406e+12;2.376428959267913574e+12;2.376308660509390137e+12;2.376183931711196777e+12;2.376054612007445801e+12;2.375920534859265625e+12;2.375781527867435059e+12;2.375637412578965820e+12;2.375488004289194824e+12;2.375333111837871582e+12;2.375172537399976562e+12;2.375006076270691895e+12;2.374833516645342773e+12;2.374654639392591797e+12;2.374469217823225586e+12;2.374277017451922363e+12;2.374077795754084961e+12;2.373871301916276367e+12;2.373657276581546387e+12;2.373435451588218750e+12;2.373205549703261230e+12;2.372967284349847168e+12;2.372720359329457031e+12;2.372464468538001465e+12;2.372199295676467773e+12;2.371924513956582031e+12;2.371639785800648438e+12;2.371344762536572266e+12;2.371039084087982910e+12;2.370722378659247070e+12;2.370394262416344238e+12;2.370054339163572266e+12;2.369702200016017090e+12;2.369337423068005371e+12;2.368959573059835449e+12;2.368568201039718750e+12;2.368162844024431641e+12;2.367743024658319824e+12;2.367308250869448730e+12;2.366858015526827148e+12;2.366391796095826660e+12;2.365909054294740234e+12;2.365409235752608398e+12;2.364891769668597168e+12;2.364356068474259277e+12;2.363801527499979004e+12;2.363227524645018066e+12;2.362633420053964844e+12;2.362018555799280762e+12;2.361382255572690430e+12;2.360723824383863281e+12;2.360042548271315430e+12;2.359337694023577148e+12;2.358608508913848633e+12;2.357854220449445312e+12;2.357074036137024414e+12;2.356267143265659668e+12;2.355432708709682617e+12;2.354569878751963379e+12;2.353677778931432617e+12;2.352755513914860352e+12;2.351802167395705078e+12;2.350816802022668945e+12;2.349798459359259766e+12;2.348746159876375977e+12;2.347658902981851562e+12;2.346535667087003418e+12;2.345375409714531738e+12;2.344177067648830078e+12;2.342939557132319336e+12;2.341661774109614746e+12;2.340342594522429199e+12;2.338980874657092285e+12;2.337575451548925293e+12;2.336125143444004395e+12;2.334628750322689941e+12;2.333085054486076660e+12;2.331492821209340820e+12;2.329850799462709473e+12;2.328157722704279785e+12;2.326412309745550781e+12;2.324613265693316895e+12;2.322759282968204102e+12;2.320849042403707031e+12;2.318881214426212402e+12;2.316854460318343262e+12;2.314767433566700684e+12;2.312618781295402832e+12;2.310407145785759766e+12;2.308131166084114746e+12;2.305789479696920410e+12;2.303380724373285645e+12;2.300903539975615234e+12;2.298356570436936035e+12;2.295738465804312500e+12;2.293047884366289062e+12;2.290283494864465332e+12;2.287443978784299805e+12;2.284528032725466797e+12;2.281534370846369141e+12;2.278461727381986328e+12;2.275308859227978027e+12;2.272074548590304199e+12;2.268757605693826172e+12;2.265356871545084473e+12;2.261871220744179688e+12;2.258299564340702637e+12;2.254640852726065430e+12;2.250894078558121582e+12;2.247058279709795898e+12;2.243132542234688477e+12;2.239116003344389648e+12;2.235007854388178223e+12;2.230807343828578613e+12;2.226513780205061035e+12;2.222126535077354004e+12;2.217645045941927246e+12;2.213068819111019531e+12;2.208397432549348633e+12
2.455791178478698730e+12;2.455708623555676758e+12;2.455623015183328125e+12;2.455534241487157715e+12;2.455442186573318359e+12;2.455346730389960938e+12;2.455247748584396484e+12;2.455145112356037109e+12;2.455038688304356934e+12;2.454928338272448730e+12;2.454813919186060547e+12;2.454695282887552246e+12;2.454572275964636230e+12;2.454444739574457520e+12;2.454312509263022949e+12;2.454175414778319824e+12;2.454033279878475586e+12;2.453885922135357910e+12;2.453733152731409668e+12;2.453574776252149902e+12;2.453410590472256348e+12;2.453240386135456543e+12;2.453063946730788574e+12;2.452881048260657227e+12;2.452691459003858887e+12;2.452494939273915039e+12;2.452291241169600098e+12;2.452080108320819336e+12;2.451861275628446289e+12;2.451634468997086426e+12;2.451399405064242188e+12;2.451155790921087402e+12;2.450903323829617676e+12;2.450641690932023438e+12;2.450370568956868652e+12;2.450089623917276367e+12;2.449798510806046875e+12;2.449496873282936523e+12;2.449184343360584961e+12;2.448860541081248047e+12;2.448525074192890625e+12;2.448177537818413574e+12;2.447817514122081543e+12;2.447444571972062012e+12;2.447058266599433594e+12;2.446658139254593750e+12;2.446243716861322266e+12;2.445814511668395020e+12;2.445370020900590332e+12;2.444909726407932129e+12;2.444433094315633301e+12;2.443939574674363281e+12;2.443428601111273438e+12;2.442899590483185547e+12;2.442351942533387695e+12;2.441785039550920898e+12;2.441198246035948242e+12;2.440590908369988770e+12;2.439962354493254395e+12;2.439311893590026367e+12;2.438638815783655273e+12;2.437942391841354492e+12;2.437221872891095215e+12;2.436476490152869629e+12;2.435705454683656250e+12;2.434907957138807617e+12;2.434083167553008789e+12;2.433230235139147461e+12;2.432348288110247559e+12;2.431436433525248047e+12;2.430493757158505371e+12;2.429519323399082031e+12;2.428512175178272461e+12;2.427471333930337402e+12;2.426395799585392090e+12;2.425284550601321289e+12;2.424136544032270508e+12;2.422950715639903320e+12;2.421725980048153809e+12;2.420461230943534668e+12;2.419155341325467285e+12;2.417807163807120117e+12;2.416415530971056641e+12;2.414979255781350586e+12;2.413497132055074219e+12;2.411967934995653809e+12;2.410390421791334961e+12;2.408763332279979980e+12;2.407085389684667969e+12;2.405355301420141113e+12;2.403571759975345215e+12;2.401733443870534668e+12;2.399839018695391113e+12;2.397887138226844238e+12;2.395876445629736816e+12;2.393805574741408203e+12;2.391673151443200684e+12;2.389477795117617188e+12;2.387218120193853027e+12;2.384892737781792480e+12;2.382500257395151855e+12;2.380039288763179199e+12;2.377508443731225586e+12;2.374906338249335449e+12;2.372231594448397949e+12;2.369482842800500000e+12;2.366658724365052734e+12;2.363757893115372559e+12;2.360779018344562988e+12;2.357720787147655273e+12;2.354581906976764648e+12;2.351361108263866699e+12;2.348057147109447754e+12;2.344668808030501465e+12;2.341194906762713867e+12;2.337634293113921875e+12;2.333985853858375000e+12;2.330248515671716797e+12;2.326421248094492676e+12;2.322503066522013184e+12;2.318493035210049316e+12;2.314390270292104004e+12;2.310193942798658691e+12;2.305903281672048828e+12;2.301517576769038086e+12;2.297036181841541016e+12;2.292458517491255371e+12;2.287784074084852051e+12
2.536953023336647949e+12;2.536871619905719238e+12;2.536787204773562500e+12;2.536699667531945801e+12;2.536608893801741211e+12;2.536514765094776855e+12;2.536417158672744141e+12;2.536315947401163574e+12;2.536210999599194336e+12;2.536102178884094727e+12;2.535989344011608398e+12;2.535872348711652832e+12;2.535751041517488770e+12;2.535625265593081055e+12;2.535494858551379395e+12;2.535359652270446289e+12;2.535219472702682617e+12;2.535074139679104492e+12;2.534923466708458984e+12;2.534767260769796875e+12;2.534605322100213867e+12;2.534437443976876465e+12;2.534263412492477539e+12;2.534083006325907227e+12;2.533895996506005859e+12;2.533702146169510254e+12;2.533501210314505371e+12;2.533292935545375977e+12;2.533077059813444336e+12;2.532853312151532715e+12;2.532621412401706543e+12;2.532381070937591309e+12;2.532131988380189453e+12;2.531873855309651855e+12;2.531606351967761719e+12;2.531329147958815918e+12;2.531041901941454590e+12;2.530744261317087891e+12;2.530435861912518066e+12;2.530116327657211426e+12;2.529785270255723145e+12;2.529442288856239746e+12;2.529086969713323242e+12;2.528718885848386230e+12;2.528337596704585449e+12;2.527942647800582520e+12;2.527533570379126465e+12;2.527109881055000000e+12;2.526671081459980957e+12;2.526216657886996094e+12;2.525746080933132812e+12;2.525258805143011719e+12;2.524754268651989258e+12;2.524231892831228027e+12;2.523691081934631348e+12;2.523131222749486328e+12;2.522551684249270996e+12;2.521951817253358398e+12;2.521330954091636719e+12;2.520688408275759277e+12;2.520023474180099121e+12;2.519335426730061523e+12;2.518623521103639160e+12;2.517886992443188965e+12;2.517125055581756348e+12;2.516336904785025879e+12;2.515521713508586914e+12;2.514678634175691406e+12;2.513806797973611816e+12;2.512905314673485352e+12;2.511973272473424316e+12;2.511009737867473633e+12;2.510013755543787109e+12;2.508984348312176270e+12;2.507920517064652832e+12;2.506821240770107422e+12;2.505685476507437988e+12;2.504512159536806152e+12;2.503300203413843262e+12;2.502048500147960449e+12;2.500755920408385742e+12;2.499421313778974609e+12;2.498043509066375977e+12;2.496621314662959473e+12;2.495153518966188965e+12;2.493638890860845703e+12;2.492076180261865234e+12;2.490464118724195312e+12;2.488801420120288086e+12;2.487086781388580566e+12;2.485318883355500977e+12;2.483496391632296875e+12;2.481617957590606445e+12;2.479682219417437988e+12;2.477687803252988281e+12;2.475633324411048340e+12;2.473517388686054199e+12;2.471338593746770996e+12;2.469095530618139648e+12;2.466786785250981934e+12;2.464410940184670898e+12;2.461966576295109863e+12;2.459452274637804688e+12;2.456866618376839844e+12;2.454208194805530273e+12;2.451475597453773926e+12;2.448667428282924805e+12;2.445782299964738281e+12;2.442818838244058105e+12;2.439775684380446777e+12;2.436651497667135742e+12;2.433444958022939941e+12;2.430154768654908203e+12;2.426779658784064453e+12;2.423318386433778320e+12;2.419769741270911133e+12;2.416132547499293945e+12;2.412405666795342773e+12;2.408588001281410645e+12;2.404678496531589355e+12;2.400676144600333008e+12;2.396579987069657227e+12;2.392389118105220215e+12;2.388102687516211914e+12;2.383719903808859863e+12;2.379240037227850586e+12;2.374662422775754883e+12;2.369986463204865234e+12
2.621013414499955078e+12;2.620933146706760254e+12;2.620849908423536133e+12;2.620763590692722656e+12;2.620674080633068848e+12;2.620581261303801270e+12;2.620485011563893555e+12;2.620385205928257812e+12;2.620281714418142090e+12;2.620174402407172363e+12;2.620063130463333984e+12;2.619947754185742676e+12;2.619828124035947754e+12;2.619704085165229004e+12;2.619575477235483887e+12;2.619442134236255371e+12;2.619303884295794434e+12;2.619160549485577637e+12;2.619011945621690918e+12;2.618857882058508789e+12;2.618698161477663574e+12;2.618532579670936035e+12;2.618360925317447266e+12;2.618182979755001465e+12;2.617998516744962891e+12;2.617807302231841797e+12;2.617609094096311523e+12;2.617403641902408203e+12;2.617190686637850586e+12;2.616969960449726562e+12;2.616741186372703125e+12;2.616504078051561523e+12;2.616258339457530273e+12;2.616003664599093262e+12;2.615739737226033691e+12;2.615466230528457520e+12;2.615182806828743652e+12;2.614889117269313477e+12;2.614584801493932617e+12;2.614269487323684082e+12;2.613942790428312012e+12;2.613604313992119141e+12;2.613253648374958008e+12;2.612890370769954102e+12;2.612514044855836914e+12;2.612124220446293457e+12;2.611720433135967773e+12;2.611302203942722168e+12;2.610869038949028809e+12;2.610420428939969238e+12;2.609955849040391602e+12;2.609474758352007812e+12;2.608976599588732422e+12;2.608460798714931152e+12;2.607926764582768555e+12;2.607373888573402832e+12;2.606801544240480469e+12;2.606209086957843262e+12;2.605595853572439453e+12;2.604961162063262207e+12;2.604304311207306152e+12;2.603624580253979980e+12;2.602921228610315918e+12;2.602193495534808105e+12;2.601440599846939453e+12;2.600661739647912598e+12;2.599856092058340820e+12;2.599022812973109375e+12;2.598161036834902344e+12;2.597269876428006348e+12;2.596348422695692383e+12;2.595395744581473633e+12;2.594410888896958984e+12;2.593392880219015137e+12;2.592340720816685059e+12;2.591253390612985352e+12;2.590129847179679199e+12;2.588969025772491699e+12;2.587769839404990723e+12;2.586531178965522949e+12;2.585251913379630859e+12;2.583930889820603516e+12;2.582566933970592285e+12;2.581158850334238770e+12;2.579705422609111328e+12;2.578205414114390137e+12;2.576657568281166016e+12;2.575060609205737305e+12;2.573413242271541992e+12;2.571714154837998047e+12;2.569962017003387695e+12;2.568155482440374023e+12;2.566293189309349121e+12;2.564373761250571289e+12;2.562395808456811523e+12;2.560357928830878906e+12;2.558258709225764648e+12;2.556096726774191406e+12;2.553870550304269531e+12;2.551578741845057129e+12;2.549219858222895508e+12;2.546792452748486816e+12;2.544295076994316406e+12;2.541726282664818359e+12;2.539084623556583008e+12;2.536368657608749023e+12;2.533576949042997070e+12;2.530708070591321777e+12;2.527760605809273438e+12;2.524733151472769531e+12;2.521624320056400391e+12;2.518432742288114258e+12;2.515157069779608887e+12;2.511795977725494629e+12;2.508348167668911133e+12;2.504812370327922852e+12;2.501187348476858398e+12;2.497471899879173828e+12;2.493664860263244629e+12;2.489765106335916016e+12;2.485771558828413574e+12;2.481683185565422852e+12;2.477499004552017090e+12;2.473218087070567383e+12;2.468839560779390137e+12;2.464362612805864258e+12;2.459786492827385254e+12;2.455110516128976562e+12
2.708085159646118164e+12;2.708006011362762207e+12;2.707923933250953125e+12;2.707838817787310059e+12;2.707750553571840820e+12;2.707659025193140137e+12;2.707564113090897949e+12;2.707465693410503906e+12;2.707363637857171875e+12;2.707257813542714844e+12;2.707148082828441895e+12;2.707034303163995117e+12;2.706916326919050293e+12;2.706794001213144531e+12;2.706667167737766113e+12;2.706535662573965820e+12;2.706399316005269043e+12;2.706257952324364746e+12;2.706111389634443359e+12;2.705959439645203613e+12;2.705801907462675293e+12;2.705638591373533203e+12;2.705469282623728516e+12;2.705293765190462891e+12;2.705111815548790039e+12;2.704923202431870117e+12;2.704727686585242188e+12;2.704525020514493164e+12;2.704314948227288574e+12;2.704097204968772461e+12;2.703871516951020020e+12;2.703637601075787598e+12;2.703395164651357910e+12;2.703143905103555176e+12;2.702883509679607422e+12;2.702613655146855469e+12;2.702334007485146973e+12;2.702044221573369141e+12;2.701743940869929688e+12;2.701432797087894043e+12;2.701110409865005859e+12;2.700776386427632812e+12;2.700430321250338867e+12;2.700071795710862793e+12;2.699700377739867188e+12;2.699315621467168945e+12;2.698917066864469238e+12;2.698504239383554688e+12;2.698076649592977539e+12;2.697633792811235352e+12;2.697175148738610840e+12;2.696700181087883789e+12;2.696208337213454590e+12;2.695699047740857910e+12;2.695171726197895508e+12;2.694625768645343262e+12;2.694060553311764648e+12;2.693475440230646484e+12;2.692869770881539062e+12;2.692242867837025391e+12;2.691594034415404297e+12;2.690922554341744141e+12;2.690227691415563965e+12;2.689508689191449707e+12;2.688764770668114258e+12;2.687995137992027832e+12;2.687198972175638672e+12;2.686375432828779297e+12;2.685523657911527832e+12;2.684642763503400879e+12;2.683731843595018555e+12;2.682789969902314453e+12;2.681816191706658203e+12;2.680809535720671875e+12;2.679769005984505371e+12;2.678693583793537598e+12;2.677582227658349609e+12;2.676433873303178711e+12;2.675247433700865723e+12;2.674021799149091797e+12;2.672755837391849121e+12;2.671448393784707031e+12;2.670098291510147949e+12;2.668704331844055176e+12;2.667265294476619141e+12;2.665779937889175781e+12;2.664246999791854492e+12;2.662665197622417480e+12;2.661033229110497559e+12;2.659349772910349609e+12;2.657613489302098633e+12;2.655823020968286133e+12;2.653976993843498047e+12;2.652074018043442383e+12;2.650112688874126953e+12;2.648091587922286133e+12;2.646009284231805664e+12;2.643864335564461914e+12;2.641655289750674805e+12;2.639380686127807129e+12;2.637039057070219727e+12;2.634628929610076660e+12;2.632148827150445312e+12;2.629597271271042969e+12;2.626972783625920898e+12;2.624273887933850586e+12;2.621499112059724609e+12;2.618646990185968262e+12;2.615716065073095215e+12;2.612704890407050293e+12;2.609612033230607422e+12;2.606436076456969238e+12;2.603175621461640625e+12;2.599829290748946777e+12;2.596395730689202637e+12;2.592873614323480957e+12;2.589261644227419922e+12;2.585558555433535156e+12;2.581763118401966309e+12;2.577874142037165039e+12;2.573890476741562988e+12;2.569811017501240234e+12;2.565634706995284668e+12;2.561360538722858887e+12;2.556987560140203125e+12;2.552514875798914551e+12;2.547941650479073242e+12;2.543267112308346680e+12
2.798286256197240723e+12;2.798208211071950195e+12;2.798127276220046387e+12;2.798043345534535156e+12;2.797956309079274902e+12;2.797866052955090332e+12;2.797772459162470215e+12;2.797675405459942871e+12;2.797574765217539551e+12;2.797470407265417969e+12;2.797362195738994629e+12;2.797249989917806641e+12;2.797133644060403809e+12;2.797013007233781738e+12;2.796887923137766602e+12;2.796758229924401367e+12;2.796623760011643555e+12;2.796484339891342773e+12;2.796339789933123535e+12;2.796189924180325684e+12;2.796034550141718262e+12;2.795873468577833496e+12;2.795706473279894531e+12;2.795533350843433594e+12;2.795353880435865723e+12;2.795167833558746582e+12;2.794974973801983887e+12;2.794775056593067383e+12;2.794567828940134277e+12;2.794353029167827637e+12;2.794130386647712402e+12;2.793899621521794922e+12;2.793660444419281738e+12;2.793412556168493164e+12;2.793155647500628906e+12;2.792889398748681152e+12;2.792613479539455078e+12;2.792327548479566895e+12;2.792031252835792480e+12;2.791724228209082520e+12;2.791406098203379883e+12;2.791076474088347656e+12;2.790734954457184570e+12;2.790381124879479004e+12;2.790014557548771484e+12;2.789634810925895996e+12;2.789241429378248047e+12;2.788833942815243164e+12;2.788411866319867676e+12;2.787974699778090820e+12;2.787521927505244141e+12;2.787053017870777344e+12;2.786567422921764648e+12;2.786064578005190430e+12;2.785543901391132324e+12;2.785004793895805176e+12;2.784446638507185547e+12;2.783868800011196777e+12;2.783270624624287598e+12;2.782651439626829590e+12;2.782010553004307617e+12;2.781347253094312988e+12;2.780660808240377930e+12;2.779950466456343750e+12;2.779215455098947754e+12;2.778454980553809570e+12;2.777668227933603516e+12;2.776854360790534180e+12;2.776012520846208008e+12;2.775141827738091797e+12;2.774241378786851562e+12;2.773310248784659668e+12;2.772347489807202637e+12;2.771352131050782715e+12;2.770323178698367188e+12;2.769259615813541016e+12;2.768160402268407715e+12;2.767024474704177246e+12;2.765850746529850098e+12;2.764638107959038574e+12;2.763385426089583008e+12;2.762091545026243164e+12;2.760755286051211914e+12;2.759375447844011719e+12;2.757950806752955078e+12;2.756480117122696289e+12;2.754962111678823730e+12;2.753395501972999023e+12;2.751778978891483887e+12;2.750111213230056152e+12;2.748390856336779297e+12;2.746616540826852051e+12;2.744786881371016602e+12;2.742900475561613281e+12;2.740955904855595703e+12;2.738951735601074707e+12;2.736886520145714844e+12;2.734758798031512695e+12;2.732567097277112305e+12;2.730309935748650391e+12;2.727985822620842285e+12;2.725593259931630859e+12;2.723130744227123047e+12;2.720596768300781250e+12;2.717989823026943359e+12;2.715308399286874512e+12;2.712550989988155762e+12;2.709716092177046387e+12;2.706802209241591309e+12;2.703807853204603516e+12;2.700731547104595703e+12;2.697571827462130859e+12;2.694327246828242676e+12;2.690996376412649902e+12;2.687577808787312012e+12;2.684070160661136230e+12;2.680472075722451172e+12;2.676782227542565430e+12;2.672999322535172363e+12;2.669122102969153809e+12;2.665149350022605469e+12;2.661079886878409668e+12;2.656912581847928711e+12;2.652646351522879883e+12;2.648280163940646484e+12;2.643813041761858887e+12;2.639244065449273926e+12;2.634572376439915039e+12
2.891740185131962402e+12;2.891663226634831055e+12;2.891583417944004883e+12;2.891500654351230469e+12;2.891414827366090332e+12;2.891325824582582031e+12;2.891233529544158203e+12;2.891137821602690918e+12;2.891038575773139160e+12;2.890935662584386719e+12;2.890828947925233398e+12;2.890718292884704102e+12;2.890603553588754395e+12;2.890484581030541504e+12;2.890361220896832031e+12;2.890233313388625000e+12;2.890100693035966797e+12;2.889963188507841797e+12;2.889820622417110352e+12;2.889672811118303223e+12;2.889519564500656250e+12;2.889360685775116699e+12;2.889195971255300293e+12;2.889025210132311035e+12;2.888848184243793457e+12;2.888664667836564941e+12;2.888474427322847656e+12;2.888277221030267578e+12;2.888072798945989258e+12;2.887860902452981445e+12;2.887641264062469238e+12;2.887413607136385254e+12;2.887177645606969238e+12;2.886933083686993164e+12;2.886679615575282227e+12;2.886416925155065430e+12;2.886144685686352051e+12;2.885862559491398438e+12;2.885570197635021484e+12;2.885267239597835938e+12;2.884953312943918945e+12;2.884628032982390625e+12;2.884291002424525879e+12;2.883941811033920410e+12;2.883580035272389160e+12;2.883205237940623047e+12;2.882816967815188965e+12;2.882414759279706055e+12;2.881998131953665527e+12;2.881566590316843750e+12;2.881119623331964355e+12;2.880656704063048340e+12;2.880177289293754395e+12;2.879680819143398926e+12;2.879166716682563965e+12;2.878634387548581055e+12;2.878083219562460938e+12;2.877512582346814453e+12;2.876921826946212891e+12;2.876310285451699707e+12;2.875677270629180176e+12;2.875022075553746582e+12;2.874343973249811035e+12;2.873642216340314941e+12;2.872916036703477051e+12;2.872164645142136230e+12;2.871387231063082520e+12;2.870582962170310059e+12;2.869750984173552734e+12;2.868890420513400879e+12;2.868000372104493164e+12;2.867079917098936523e+12;2.866128110671488770e+12;2.865143984829314941e+12;2.864126548247584961e+12;2.863074786132534180e+12;2.861987660116101562e+12;2.860864108182665527e+12;2.859703044629550293e+12;2.858503360067425781e+12;2.857263921458623047e+12;2.855983572198168457e+12;2.854661132240816895e+12;2.853295398274726074e+12;2.851885143945654297e+12;2.850429120134882812e+12;2.848926055292559082e+12;2.847374655829787109e+12;2.845773606571694824e+12;2.844121571275787109e+12;2.842417193216364746e+12;2.840659095839011230e+12;2.838845883487290527e+12;2.836976142205315430e+12;2.835048440616803223e+12;2.833061330885187012e+12;2.831013349756089355e+12;2.828903019682946777e+12;2.826728850042262695e+12;2.824489338434501465e+12;2.822182972077163086e+12;2.819808229288521484e+12;2.817363581064875000e+12;2.814847492751166504e+12;2.812258425806675293e+12;2.809594839664171387e+12;2.806855193685193359e+12;2.804037949208890625e+12;2.801141571694261719e+12;2.798164532955400879e+12;2.795105313486170898e+12;2.791962404875479004e+12;2.788734312306684082e+12;2.785419557142669922e+12;2.782016679588666016e+12;2.778524241433311035e+12;2.774940828860828125e+12;2.771265055330654785e+12;2.767495564519992188e+12;2.763631033322549316e+12;2.759670174899495605e+12;2.755611741774559570e+12;2.751454528967627441e+12;2.747197377161223633e+12;2.742839175889119629e+12;2.738378866744679688e+12;2.733815446597028320e+12;2.729147970810726074e+12
2.988576214970983398e+12;2.988500326434360352e+12;2.988421626660299316e+12;2.988340012322082520e+12;2.988255376355606445e+12;2.988167607829884766e+12;2.988076591811479980e+12;2.987982209225237305e+12;2.987884336711554199e+12;2.987782846477347656e+12;2.987677606143400391e+12;2.987568478587285156e+12;2.987455321779971680e+12;2.987337988619125977e+12;2.987216326755780273e+12;2.987090178416600098e+12;2.986959380221029297e+12;2.986823762991774902e+12;2.986683151561424805e+12;2.986537364571620605e+12;2.986386214267876953e+12;2.986229506287639648e+12;2.986067039442565918e+12;2.985898605495454102e+12;2.985723988929327148e+12;2.985542966712646973e+12;2.985355308055752441e+12;2.985160774162666504e+12;2.984959117975786133e+12;2.984750083914336426e+12;2.984533407605478027e+12;2.984308815610342773e+12;2.984076025141956055e+12;2.983834743777811035e+12;2.983584669164836426e+12;2.983325488718175293e+12;2.983056879313994629e+12;2.982778506975019531e+12;2.982490026549795410e+12;2.982191081386599609e+12;2.981881302999400391e+12;2.981560310729710938e+12;2.981227711400660645e+12;2.980883098967636719e+12;2.980526054160774414e+12;2.980156144124926270e+12;2.979772922052300293e+12;2.979375926812067383e+12;2.978964682575727051e+12;2.978538698437032227e+12;2.978097468030692871e+12;2.977640469146071777e+12;2.977167163339750977e+12;2.976676995545508301e+12;2.976169393684067871e+12;2.975643768270546387e+12;2.975099512023340332e+12;2.974535999473960449e+12;2.973952586577491211e+12;2.973348610326892090e+12;2.972723388370252930e+12;2.972076218631727539e+12;2.971406378941351562e+12;2.970713126667107422e+12;2.969995698358326660e+12;2.969253309398401855e+12;2.968485153666072754e+12;2.967690403210317383e+12;2.966868207939578125e+12;2.966017695324683105e+12;2.965137970119785156e+12;2.964228114101505859e+12;2.963287185829164551e+12;2.962314220426882324e+12;2.961308229390848633e+12;2.960268200422013184e+12;2.959193097288922363e+12;2.958081859720048340e+12;2.956933403331189941e+12;2.955746619585504883e+12;2.954520375795160645e+12;2.953253515161162109e+12;2.951944856856557129e+12;2.950593196156546875e+12;2.949197304616230469e+12;2.947755930299490723e+12;2.946267798061962891e+12;2.944731609891293945e+12;2.943146045305549316e+12;2.941509761816419434e+12;2.939821395454720703e+12;2.938079561365748535e+12;2.936282854475765137e+12;2.934429850229935547e+12;2.932519105408141602e+12;2.930549159019593262e+12;2.928518533276968750e+12;2.926425734656270996e+12;2.924269255040656250e+12;2.922047572953470703e+12;2.919759154880651367e+12;2.917402456683342773e+12;2.914975925105477539e+12;2.912477999373873535e+12;2.909907112893917969e+12;2.907261695040611328e+12;2.904540173045308594e+12;2.901740973979143555e+12;2.898862526830265137e+12;2.895903264677160156e+12;2.892861626954983398e+12;2.889736061812388184e+12;2.886525028559888672e+12;2.883227000204061035e+12;2.879840466066780273e+12;2.876363934484481934e+12;2.872795935585104492e+12;2.869135024137841797e+12;2.865379782470656738e+12;2.861528823450618652e+12;2.857580793521896973e+12;2.853534375795832520e+12;2.849388293185158203e+12;2.845141311578410645e+12;2.840792243044625977e+12;2.836339949064180176e+12;2.831783343775753906e+12;2.827121397234079590e+12
3.088929714993939453e+12;3.088854879647627930e+12;3.088777271438239746e+12;3.088696788401532227e+12;3.088613324881530762e+12;3.088526771402189453e+12;3.088437014533383789e+12;3.088343936753236816e+12;3.088247416306581055e+12;3.088147327056558594e+12;3.088043538335203613e+12;3.087935914785995117e+12;3.087824316202749512e+12;3.087708597364689941e+12;3.087588607863497070e+12;3.087464191928625488e+12;3.087335188244242188e+12;3.087201429763113281e+12;3.087062743512145996e+12;3.086918950395764160e+12;3.086769864990577148e+12;3.086615295335041504e+12;3.086455042713850586e+12;3.086288901435205566e+12;3.086116658602334473e+12;3.085938093879559082e+12;3.085752979249706543e+12;3.085561078767916016e+12;3.085362148306775391e+12;3.085155935295857910e+12;3.084942178454978516e+12;3.084720607519526855e+12;3.084490942960239258e+12;3.084252895696146484e+12;3.084006166800270508e+12;3.083750447198999023e+12;3.083485417364454102e+12;3.083210747001177734e+12;3.082926094724424316e+12;3.082631107734166504e+12;3.082325421480896973e+12;3.082008659325849609e+12;3.081680432195469238e+12;3.081340338229158691e+12;3.080987962421442383e+12;3.080622876259107910e+12;3.080244637352729980e+12;3.079852789062524902e+12;3.079446860121124512e+12;3.079026364250243652e+12;3.078590799774546875e+12;3.078139649232209961e+12;3.077672378981739258e+12;3.077188438806271973e+12;3.076687261517335449e+12;3.076168262555753418e+12;3.075630839592956543e+12;3.075074372132073242e+12;3.074498221110693359e+12;3.073901728503933105e+12;3.073284216931950684e+12;3.072644989270031250e+12;3.071983328263738770e+12;3.071298496150340332e+12;3.070589734286205078e+12;3.069856262783656250e+12;3.069097280156601562e+12;3.068311962977655762e+12;3.067499465546919434e+12;3.066658919575887695e+12;3.065789433886022949e+12;3.064890094125278320e+12;3.063959962503117188e+12;3.062998077547405762e+12;3.062003453882805664e+12;3.060975082035933105e+12;3.059911928265893066e+12;3.058812934425346680e+12;3.057677017851825684e+12;3.056503071294358887e+12;3.055289962874847168e+12;3.054036536089242188e+12;3.052741609849437500e+12;3.051403978569142090e+12;3.050022412296557617e+12;3.048595656895949707e+12;3.047122434281480957e+12;3.045601442705394531e+12;3.044031357104814941e+12;3.042410829507782227e+12;3.040738489503378418e+12;3.039012944778021973e+12;3.037232781720452148e+12;3.035396566098200195e+12;3.033502843809806641e+12;3.031550141712935547e+12;3.029536968532146484e+12;3.027461815851107910e+12;3.025323159186624023e+12;3.023119459151881836e+12;3.020849162707182617e+12;3.018510704502529297e+12;3.016102508312310547e+12;3.013622988564344238e+12;3.011070551963617188e+12;3.008443599212620117e+12;3.005740526828104004e+12;3.002959729054837891e+12;3.000099599876975586e+12;2.997158535124114258e+12;2.994134934675403320e+12;2.991027204755856445e+12;2.987833760326410645e+12;2.984553027565074219e+12;2.981183446434281250e+12;2.977723473336206055e+12;2.974171583846439453e+12;2.970526275528019531e+12;2.966786070818118652e+12;2.962949519982481445e+12;2.959015204134274414e+12;2.954981738311837891e+12;2.950847774605994629e+12;2.946612005334597656e+12;2.942273166257179199e+12;2.937830039818395020e+12;2.933281458420392578e+12;2.928626307709739258e+12
3.192942476621093750e+12;3.192868677623173340e+12;3.192792143550183594e+12;3.192712773780853027e+12;3.192630464048392090e+12;3.192545106311813477e+12;3.192456588624392090e+12;3.192364794996575684e+12;3.192269605255925781e+12;3.192170894901357422e+12;3.192068534952878418e+12;3.191962391797803223e+12;3.191852327029854492e+12;3.191738197285789062e+12;3.191619854074693848e+12;3.191497143604080078e+12;3.191369906598375488e+12;3.191237978114264160e+12;3.191101187349082520e+12;3.190959357443367188e+12;3.190812305278666504e+12;3.190659841268444336e+12;3.190501769143349121e+12;3.190337885730668945e+12;3.190167980727160156e+12;3.189991836464959473e+12;3.189809227673447266e+12;3.189619921231187988e+12;3.189423675914268555e+12;3.189220242136352539e+12;3.189009361682697266e+12;3.188790767437113770e+12;3.188564183102589355e+12;3.188329322914672363e+12;3.188085891347824219e+12;3.187833582816038574e+12;3.187572081365306641e+12;3.187301060359444824e+12;3.187020182160816406e+12;3.186729097801999512e+12;3.186427446652382324e+12;3.186114856078340820e+12;3.185790941094851562e+12;3.185455304014679688e+12;3.185107534087787109e+12;3.184747207137145508e+12;3.184373885188234375e+12;3.183987116092657715e+12;3.183586433148050781e+12;3.183171354711723145e+12;3.182741383810965332e+12;3.182296007749160156e+12;3.181834697708159668e+12;3.181356908348184082e+12;3.180862077404748535e+12;3.180349625284017578e+12;3.179818954656786621e+12;3.179269450052302246e+12;3.178700477451835938e+12;3.178111383883383301e+12;3.177501497019122070e+12;3.176870124773881348e+12;3.176216554909583008e+12;3.175540054643174316e+12;3.174839870260490234e+12;3.174115226738682617e+12;3.173365327375491699e+12;3.172589353429184570e+12;3.171786463770490234e+12;3.170955794545114258e+12;3.170096458852759766e+12;3.169207546440829102e+12;3.168288123416585449e+12;3.167337231978158203e+12;3.166353890167181152e+12;3.165337091644863770e+12;3.164285805494163574e+12;3.163198976047616211e+12;3.162075522747176270e+12;3.160914340035065430e+12;3.159714297278390625e+12;3.158474238732175781e+12;3.157192983540468750e+12;3.155869325780430664e+12;3.154502034549755859e+12;3.153089854103028809e+12;3.151631504036743652e+12;3.150125679527751953e+12;3.148571051627176758e+12;3.146966267613362305e+12;3.145309951405132812e+12;3.143600704040796875e+12;3.141837104222387207e+12;3.140017708931590820e+12;3.138141054117896484e+12;3.136205655461926270e+12;3.134210009217141113e+12;3.132152593133081543e+12;3.130031867460878418e+12;3.127846276045715820e+12;3.125594247506862305e+12;3.123274196507513184e+12;3.120884525117445801e+12;3.118423624268020508e+12;3.115889875304367188e+12;3.113281651632156250e+12;3.110597320462501953e+12;3.107835244653871582e+12;3.104993784653784668e+12;3.102071300536719727e+12;3.099066154139954590e+12;3.095976711297100586e+12;3.092801344165793945e+12;3.089538433649707031e+12;3.086186371911934082e+12;3.082743564977258789e+12;3.079208435420919922e+12;3.075579425138270996e+12;3.071854998195254395e+12;3.068033643750959961e+12;3.064113879050746094e+12;3.060094252482357910e+12;3.055973346692055664e+12;3.051749781750829102e+12;3.047422218369897461e+12;3.042989361152563477e+12;3.038449961880089844e+12;3.033802822822567871e+12
3.300763041768913086e+12;3.300690262232315918e+12;3.300614784817998047e+12;3.300536510229262207e+12;3.300455335568181152e+12;3.300371154209306641e+12;3.300283855668484375e+12;3.300193325467660156e+12;3.300099444995624023e+12;3.300002091364228027e+12;3.299901137259772949e+12;3.299796450789737793e+12;3.299687895324471191e+12;3.299575329334054688e+12;3.299458606220968262e+12;3.299337574145048340e+12;3.299212075845943359e+12;3.299081948459038574e+12;3.298947023324619141e+12;3.298807125793721191e+12;3.298662075025415527e+12;3.298511683780732910e+12;3.298355758209001953e+12;3.298194097628664551e+12;3.298026494301357422e+12;3.297852733200288574e+12;3.297672591771412109e+12;3.297485839689018555e+12;3.297292238604455566e+12;3.297091541886721191e+12;3.296883494358482910e+12;3.296667832024387695e+12;3.296444281791581055e+12;3.296212561185235840e+12;3.295972378054819336e+12;3.295723430275625977e+12;3.295465405441800781e+12;3.295197980553415527e+12;3.294920821695807129e+12;3.294633583712504395e+12;3.294335909871514160e+12;3.294027431523976074e+12;3.293707767758099609e+12;3.293376525043749023e+12;3.293033296873670898e+12;3.292677663396540039e+12;3.292309191044732422e+12;3.291927432156740234e+12;3.291531924593789551e+12;3.291122191350906250e+12;3.290697740163910645e+12;3.290258063112145996e+12;3.289802636216207520e+12;3.289330919033611816e+12;3.288842354249477539e+12;3.288336367267296875e+12;3.287812365795517090e+12;3.287269739434457520e+12;3.286707859262087402e+12;3.286126077419979492e+12;3.285523726701237793e+12;3.284900120139350586e+12;3.284254550600625977e+12;3.283586290380624512e+12;3.282894590805003418e+12;3.282178681837917480e+12;3.281437771695737305e+12;3.280671046471546387e+12;3.279877669768156250e+12;3.279056782344487305e+12;3.278207501772229980e+12;3.277328922109736816e+12;3.276420113591071289e+12;3.275480122332665039e+12;3.274507970061297363e+12;3.273502653862382324e+12;3.272463145953293457e+12;3.271388393481703125e+12;3.270277318352420410e+12;3.269128817085083496e+12;3.267941760702989746e+12;3.266714994659000000e+12;3.265447338797046875e+12;3.264137587355263184e+12;3.262784509010364746e+12;3.261386846968427734e+12;3.259943319103909180e+12;3.258452618148324707e+12;3.256913411932887207e+12;3.255324343688854492e+12;3.253684032406440430e+12;3.251991073254977539e+12;3.250244038070637695e+12;3.248441475909718750e+12;3.246581913674592285e+12;3.244663856812773926e+12;3.242685790093156250e+12;3.240646178460317383e+12;3.238543467972124512e+12;3.236376086821737305e+12;3.234142446445044922e+12;3.231840942719028320e+12;3.229469957250688965e+12;3.227027858758767578e+12;3.224513004550742188e+12;3.221923742096675781e+12;3.219258410698910645e+12;3.216515343262029785e+12;3.213692868160347656e+12;3.210789311205761719e+12;3.207802997713346680e+12;3.204732254666576172e+12;3.201575412980087402e+12;3.198330809858978516e+12;3.194996791251591797e+12;3.191571714395991699e+12;3.188053950456608887e+12;3.184441887245833496e+12;3.180733932031232910e+12;3.176928514419453613e+12;3.173024089317374512e+12;3.169019139961173828e+12;3.164912181011870117e+12;3.160701761708072266e+12;3.156386469073235352e+12;3.151964931168582520e+12;3.147435820384929199e+12;3.142797856770485352e+12
3.412547036865044434e+12;3.412475259878973633e+12;3.412400821619263672e+12;3.412323624094690430e+12;3.412243565756512207e+12;3.412160541374344238e+12;3.412074441905720703e+12;3.411985154362498535e+12;3.411892561673001953e+12;3.411796542539619141e+12;3.411696971292108887e+12;3.411593717734526855e+12;3.411486646989305664e+12;3.411375619336541992e+12;3.411260490045515137e+12;3.411141109203924805e+12;3.411017321540693848e+12;3.410888966242704102e+12;3.410755876767145996e+12;3.410617880647037109e+12;3.410474799292131836e+12;3.410326447782715820e+12;3.410172634658302246e+12;3.410013161699274902e+12;3.409847823703272949e+12;3.409676408254571289e+12;3.409498695487327148e+12;3.409314457841509277e+12;3.409123459813067383e+12;3.408925457697544434e+12;3.408720199324933105e+12;3.408507423790778320e+12;3.408286861177691406e+12;3.408058232270404297e+12;3.407821248265322266e+12;3.407575610470569824e+12;3.407321010001697266e+12;3.407057127467239258e+12;3.406783632650101562e+12;3.406500184179828613e+12;3.406206429199309082e+12;3.405902003023033691e+12;3.405586528790494141e+12;3.405259617110943848e+12;3.404920865702354492e+12;3.404569859024591797e+12;3.404206167905346680e+12;3.403829349160276855e+12;3.403438945207361328e+12;3.403034483676555664e+12;3.402615477013274414e+12;3.402181422076913574e+12;3.401731799736055176e+12;3.401266074458588379e+12;3.400783693898701172e+12;3.400284088481319824e+12;3.399766670982828613e+12;3.399230836111620117e+12;3.398675960086076172e+12;3.398101400213041016e+12;3.397506494466132812e+12;3.396890561065622070e+12;3.396252898059953125e+12;3.395592782910624023e+12;3.394909472081604492e+12;3.394202200633067383e+12;3.393470181821962891e+12;3.392712606710328613e+12;3.391928643782391113e+12;3.391117438571552246e+12;3.390278113300361816e+12;3.389409766532491211e+12;3.388511472839771484e+12;3.387582282487657227e+12;3.386621221136785156e+12;3.385627289565736328e+12;3.384599463417166016e+12;3.383536692966487305e+12;3.382437902917931641e+12;3.381301992229801758e+12;3.380127833968393555e+12;3.378914275197546875e+12;3.377660136903805664e+12;3.376364213956836914e+12;3.375025275114581055e+12;3.373642063068434570e+12;3.372213294536602539e+12;3.370737660405932129e+12;3.369213825924056641e+12;3.367640430947811035e+12;3.366016090248169434e+12;3.364339393874693359e+12;3.362608907585013184e+12;3.360823173338885254e+12;3.358980709861828613e+12;3.357080013280642578e+12;3.355119557834035645e+12;3.353097796660193848e+12;3.351013162665864746e+12;3.348864069476947754e+12;3.346648912475946777e+12;3.344366069926756836e+12;3.342013904190096680e+12;3.339590763030957520e+12;3.337094981020706543e+12;3.334524881034794922e+12;3.331878775848029785e+12;3.329154969829062012e+12;3.326351760733057617e+12;3.323467441595644531e+12;3.320500302726824707e+12;3.317448633804500977e+12;3.314310726067855957e+12;3.311084874610926270e+12;3.307769380770713379e+12;3.304362554613141602e+12;3.300862717512038574e+12;3.297268204818341309e+12;3.293577368616912109e+12;3.289788580567436035e+12;3.285900234826469727e+12;3.281910751042766113e+12;3.277818577425007324e+12;3.273622193874686523e+12;3.269320115177083496e+12;3.264910894247303223e+12;3.260393125422725098e+12;3.255765447795783203e+12
3.528457511109173340e+12;3.528386719756026855e+12;3.528313303138442383e+12;3.528237164550782715e+12;3.528158203774333984e+12;3.528076316952090332e+12;3.527991396462760742e+12;3.527903330786175293e+12;3.527812004368230957e+12;3.527717297479333496e+12;3.527619086068421387e+12;3.527517241612889648e+12;3.527411630963425781e+12;3.527302116183966797e+12;3.527188554386051270e+12;3.527070797559178223e+12;3.526948692394130371e+12;3.526822080102991211e+12;3.526690796231795898e+12;3.526554670468415039e+12;3.526413526443901855e+12;3.526267181529105957e+12;3.526115446624160156e+12;3.525958125941855469e+12;3.525795016786156738e+12;3.525625909321800293e+12;3.525450586339873535e+12;3.525268823015406738e+12;3.525080386658542480e+12;3.524885036459266113e+12;3.524682523224335449e+12;3.524472589109028320e+12;3.524254967339375000e+12;3.524029381930253906e+12;3.523795547393156250e+12;3.523553168439991699e+12;3.523301939676482422e+12;3.523041545291792969e+12;3.522771658737322754e+12;3.522491942401497559e+12;3.522202047275565430e+12;3.521901612612110840e+12;3.521590265578434082e+12;3.521267620899867188e+12;3.520933280500256348e+12;3.520586833131790039e+12;3.520227854000427734e+12;3.519855904385730469e+12;3.519470531251921875e+12;3.519071266855468750e+12;3.518657628346117676e+12;3.518229117363134277e+12;3.517785219625324219e+12;3.517325404518931641e+12;3.516849124679250000e+12;3.516355815569425293e+12;3.515844895057253906e+12;3.515315762987873535e+12;3.514767800756055176e+12;3.514200370876104980e+12;3.513612816552522949e+12;3.513004461250427734e+12;3.512374608267884766e+12;3.511722540308903809e+12;3.511047519062290039e+12;3.510348784781803223e+12;3.509625555873731934e+12;3.508877028490265625e+12;3.508102376130250977e+12;3.507300749250916504e+12;3.506471274887212402e+12;3.505613056286222168e+12;3.504725172553257324e+12;3.503806678313609375e+12;3.502856603392316406e+12;3.501873952511428223e+12;3.500857705008998047e+12;3.499806814580121094e+12;3.498720209042763672e+12;3.497596790131782227e+12;3.496435433319709473e+12;3.495234987671545410e+12;3.493994275731312988e+12;3.492712093446402344e+12;3.491387210129779297e+12;3.490018368464132324e+12;3.488604284549748535e+12;3.487143647999259277e+12;3.485635122082781738e+12;3.484077343923643066e+12;3.482468924752441895e+12;3.480808450215501953e+12;3.479094480747732422e+12;3.477325552007892090e+12;3.475500175381854004e+12;3.473616838554304688e+12;3.471674006156365723e+12;3.469670120484772949e+12;3.467603602304131348e+12;3.465472851727000000e+12;3.463276249180911621e+12;3.461012156459410156e+12;3.458678917864584961e+12;3.456274861439462891e+12;3.453798300294291992e+12;3.451247534028027344e+12;3.448620850247869141e+12;3.445916526185807129e+12;3.443132830416488770e+12;3.440268024674131348e+12;3.437320365772125977e+12;3.434288107622636230e+12;3.431169503358339844e+12;3.427962807554211426e+12;3.424666278550307129e+12;3.421278180870337891e+12;3.417796787740379883e+12;3.414220383698717773e+12;3.410547267298656738e+12;3.406775753900242188e+12;3.402904178545721191e+12;3.398930898916734375e+12;3.394854298366724121e+12;3.390672789026117188e+12;3.386384814971332031e+12;3.381988855455439453e+12;3.377483428193312012e+12;3.372867092691734863e+12
3.648665277455385254e+12;3.648595454824755859e+12;3.648523042342495117e+12;3.648447944568776367e+12;3.648370062594340820e+12;3.648289293915867188e+12;3.648205532310666992e+12;3.648118667705644531e+12;3.648028586041297363e+12;3.647935169132606934e+12;3.647838294525000488e+12;3.647737835344358398e+12;3.647633660144836426e+12;3.647525632749456055e+12;3.647413612085581055e+12;3.647297452017767578e+12;3.647177001172606934e+12;3.647052102758978027e+12;3.646922594384116211e+12;3.646788307861472656e+12;3.646649069014585938e+12;3.646504697475164551e+12;3.646355006474228516e+12;3.646199802626120117e+12;3.646038885709758301e+12;3.645872048439348633e+12;3.645699076231558105e+12;3.645519746964146973e+12;3.645333830728907227e+12;3.645141089578322754e+12;3.644941277263389648e+12;3.644734138965643555e+12;3.644519411023394043e+12;3.644296820647674316e+12;3.644066085633462891e+12;3.643826914063714844e+12;3.643579004003636230e+12;3.643322043190459961e+12;3.643055708714421875e+12;3.642779666692071289e+12;3.642493571934292969e+12;3.642197067603741699e+12;3.641889784867775391e+12;3.641571342544009766e+12;3.641241346736603027e+12;3.640899390468398926e+12;3.640545053304128418e+12;3.640177900968452637e+12;3.639797484956388672e+12;3.639403342138323242e+12;3.638994994359075684e+12;3.638571948030579102e+12;3.638133693720175781e+12;3.637679705733033691e+12;3.637209441691188477e+12;3.636722342107681641e+12;3.636217829956399414e+12;3.635695310241520508e+12;3.635154169560721680e+12;3.634593775670439453e+12;3.634013477047633789e+12;3.633412602451089844e+12;3.632790460485233887e+12;3.632146339163440430e+12;3.631479505473987793e+12;3.630789204950513184e+12;3.630074661244819824e+12;3.629335075707409668e+12;3.628569626973191895e+12;3.627777470555145508e+12;3.626957738449462891e+12;3.626109538748591797e+12;3.625231955268993164e+12;3.624324047190989258e+12;3.623384848716464355e+12;3.622413368741595703e+12;3.621408590550317871e+12;3.620369471528150391e+12;3.619294942900990723e+12;3.618183909494827637e+12;3.617035249529018555e+12;3.615847814434243652e+12;3.614620428704093750e+12;3.613351889782031250e+12;3.612040967984336914e+12;3.610686406462375000e+12;3.609286921207513672e+12;3.607841201100478516e+12;3.606347908008619629e+12;3.604805676932850586e+12;3.603213116209848145e+12;3.601568807766454102e+12;3.599871307437971191e+12;3.598119145344800781e+12;3.596310826335597656e+12;3.594444830498745117e+12;3.592519613743882812e+12;3.590533608458236328e+12;3.588485224238778320e+12;3.586372848704735840e+12;3.584194848392916016e+12;3.581949569737579102e+12;3.579635340137188477e+12;3.577250469114262207e+12;3.574793249563440918e+12;3.572261959098376953e+12;3.569654861492167969e+12;3.566970208217369629e+12;3.564206240085298828e+12;3.561361188986342285e+12;3.558433279731829590e+12;3.555420731997656738e+12;3.552321762371234863e+12;3.549134586500738770e+12;3.545857421344723145e+12;3.542488487524279297e+12;3.539026011772775391e+12;3.535468229484984375e+12;3.531813387359824707e+12;3.528059746136207031e+12;3.524205583418869629e+12;3.520249196588401367e+12;3.516188905793902344e+12;3.512023057022385254e+12;3.507750025240087402e+12;3.503368217599185059e+12;3.498876076707753906e+12;3.494272083952262695e+12
3.773349254716785645e+12;3.773280383914460938e+12;3.773208958076016602e+12;3.773134883007951172e+12;3.773058061089020996e+12;3.772978391149065430e+12;3.772895768343098145e+12;3.772810084022291016e+12;3.772721225599080078e+12;3.772629076410301758e+12;3.772533515573291992e+12;3.772434417838653320e+12;3.772331653438421387e+12;3.772225087928344238e+12;3.772114582026555176e+12;3.771999991445343262e+12;3.771881166719014160e+12;3.771757953026129395e+12;3.771630190005723633e+12;3.771497711568023438e+12;3.771360345699315918e+12;3.771217914261924316e+12;3.771070232786056641e+12;3.770917110257303223e+12;3.770758348897496582e+12;3.770593743938142090e+12;3.770423083388164062e+12;3.770246147795632324e+12;3.770062710001122559e+12;3.769872534885062500e+12;3.769675379109023926e+12;3.769470990847797363e+12;3.769259109516488770e+12;3.769039465489203613e+12;3.768811779810091309e+12;3.768575763898602539e+12;3.768331119246288086e+12;3.768077537105344727e+12;3.767814698171127441e+12;3.767542272257326172e+12;3.767259917961406738e+12;3.766967282325686523e+12;3.766664000489102051e+12;3.766349695331175781e+12;3.766023977110442871e+12;3.765686443093995117e+12;3.765336677181466309e+12;3.764974249520953125e+12;3.764598716118596680e+12;3.764209618441749512e+12;3.763806483015026855e+12;3.763388821012363281e+12;3.762956127841189453e+12;3.762507882721763184e+12;3.762043548262413086e+12;3.761562570029249023e+12;3.761064376112617676e+12;3.760548376688630859e+12;3.760013963579022461e+12;3.759460509807780273e+12;3.758887369156495117e+12;3.758293875718233887e+12;3.757679343451456055e+12;3.757043065734071289e+12;3.756384314919631348e+12;3.755702341895410645e+12;3.754996375644062012e+12;3.754265622809637695e+12;3.753509267269729980e+12;3.752726469714229004e+12;3.751916367232137695e+12;3.751078072909574707e+12;3.750210675435305664e+12;3.749313238723435547e+12;3.748384801546773926e+12;3.747424377188046387e+12;3.746430953108481445e+12;3.745403490635960938e+12;3.744340924673948242e+12;3.743242163436365723e+12;3.742106088204573730e+12;3.740931553116312988e+12;3.739717384981579102e+12;3.738462383133850098e+12;3.737165319313465332e+12;3.735824937590832031e+12;3.734439954328874023e+12;3.733009058189125488e+12;3.731530910181352539e+12;3.730004143763399414e+12;3.728427364992190918e+12;3.726799152727770996e+12;3.725118058894278320e+12;3.723382608801739258e+12;3.721591301531093262e+12;3.719742610383449707e+12;3.717834983399648438e+12;3.715866843951668945e+12;3.713836591409020508e+12;3.711742601881265137e+12;3.709583229044190918e+12;3.707356805046979492e+12;3.705061641507040527e+12;3.702696030592255859e+12;3.700258246196767578e+12;3.697746545207372559e+12;3.695159168867987793e+12;3.692494344240742188e+12;3.689750285766438477e+12;3.686925196925728027e+12;3.684017272002651855e+12;3.681024697950414062e+12;3.677945656360375488e+12;3.674778325535186035e+12;3.671520882665190430e+12;3.668171506106825195e+12;3.664728377763201660e+12;3.661189685565075684e+12;3.657553626051189453e+12;3.653818407041689453e+12;3.649982250409646973e+12;3.646043394937654785e+12;3.642000099265651855e+12;3.637850644916377441e+12;3.633593339402496094e+12;3.629226519404139648e+12;3.624748554014338379e+12;3.620157848045534180e+12
3.902696809110905762e+12;3.902628873265168457e+12;3.902558416600699707e+12;3.902485346150170898e+12;3.902409565560610352e+12;3.902330974973179199e+12;3.902249470898886719e+12;3.902164946090862305e+12;3.902077289411281250e+12;3.901986385694236816e+12;3.901892115605265625e+12;3.901794355495145508e+12;3.901692977247953125e+12;3.901587848127083008e+12;3.901478830613753418e+12;3.901365782241111816e+12;3.901248555423549805e+12;3.901126997280088867e+12;3.901000949453048340e+12;3.900870247919370605e+12;3.900734722798054688e+12;3.900594198150842773e+12;3.900448491775966309e+12;3.900297414997924805e+12;3.900140772448802246e+12;3.899978361844301758e+12;3.899809973752947754e+12;3.899635391358443359e+12;3.899454390215432129e+12;3.899266737998545410e+12;3.899072194244411621e+12;3.898870510085384766e+12;3.898661427978714844e+12;3.898444681425098633e+12;3.898219994682924805e+12;3.897987082472841797e+12;3.897745649676323730e+12;3.897495391025402832e+12;3.897235990786310059e+12;3.896967122434099121e+12;3.896688448320259277e+12;3.896399619332873047e+12;3.896100274549361328e+12;3.895790040880224121e+12;3.895468532707824707e+12;3.895135351515154785e+12;3.894790085508962891e+12;3.894432309234964355e+12;3.894061583186756836e+12;3.893677453406829590e+12;3.893279451081346191e+12;3.892867092129648926e+12;3.892439876785896484e+12;3.891997289175610840e+12;3.891538796887686035e+12;3.891063850539420410e+12;3.890571883339385254e+12;3.890062310643252441e+12;3.889534529509181152e+12;3.888987918247129395e+12;3.888421835968065430e+12;3.887835622129736816e+12;3.887228596083670410e+12;3.886600056618274902e+12;3.885949281507007812e+12;3.885275527054596680e+12;3.884578027647075195e+12;3.883855995306193359e+12;3.883108619246627441e+12;3.882335065441270508e+12;3.881534476192060547e+12;3.880705969709154297e+12;3.879848639701747070e+12;3.878961554978183105e+12;3.878043759060329102e+12;3.877094269812068848e+12;3.876112079084411133e+12;3.875096152378115234e+12;3.874045428527505371e+12;3.872958819404325195e+12;3.871835209648250977e+12;3.870673456421724121e+12;3.869472389193809570e+12;3.868230809555284668e+12;3.866947491065750000e+12;3.865621179138055176e+12;3.864250590959645020e+12;3.862834415454937988e+12;3.861371313291843750e+12;3.859859916933333496e+12;3.858298830740130371e+12;3.856686631122708496e+12;3.855021866750279297e+12;3.853303058817214355e+12;3.851528701369001465e+12;3.849697261694017090e+12;3.847807180779930176e+12;3.845856873842447266e+12;3.843844730924937500e+12;3.841769117574634277e+12;3.839628375598353516e+12;3.837420823898581055e+12;3.835144759395229004e+12;3.832798458034484863e+12;3.830380175886618164e+12;3.827888150336900879e+12;3.825320601371916016e+12;3.822675732960924316e+12;3.819951734536935547e+12;3.817146782577909180e+12;3.814259042290717773e+12;3.811286669396375977e+12;3.808227812020262207e+12;3.805080612687358887e+12;3.801843210420224121e+12;3.798513742942417480e+12;3.795090348986278809e+12;3.791571170702157715e+12;3.787954356169891113e+12;3.784238062008635742e+12;3.780420456085500488e+12;3.776499720316302246e+12;3.772474053559268066e+12;3.768341674594438965e+12;3.764100825187028320e+12;3.759749773229190430e+12;3.755286815954253906e+12;3.750710283220928223e+12
4.036904093515626953e+12;4.036837075780095215e+12;4.036767570844421875e+12;4.036695486947806641e+12;4.036620728984366211e+12;4.036543198385657715e+12;4.036462792997051758e+12;4.036379406950874023e+12;4.036292930535063965e+12;4.036203250058851562e+12;4.036110247710820312e+12;4.036013801416288574e+12;4.035913784686843262e+12;4.035810066466359863e+12;4.035702510972377441e+12;4.035590977531466309e+12;4.035475320409547852e+12;4.035355388637810547e+12;4.035231025831411133e+12;4.035102070004490723e+12;4.034968353377372070e+12;4.034829702179510254e+12;4.034685936445953613e+12;4.034536869806737305e+12;4.034382309271311035e+12;4.034222055005871582e+12;4.034055900103310547e+12;4.033883630348680664e+12;4.033705023975530273e+12;4.033519851416749023e+12;4.033327875047722168e+12;4.033128848922375488e+12;4.032922518502783691e+12;4.032708620379582031e+12;4.032486881988141113e+12;4.032257021312992188e+12;4.032018746588527344e+12;4.031771755989638184e+12;4.031515737315989746e+12;4.031250367667463379e+12;4.030975313113614258e+12;4.030690228352051270e+12;4.030394756364172852e+12;4.030088528057281738e+12;4.029771161903925293e+12;4.029442263570666992e+12;4.029101425540477539e+12;4.028748226728426758e+12;4.028382232086972656e+12;4.028002992208583008e+12;4.027610042917945312e+12;4.027202904858280762e+12;4.026781083072746094e+12;4.026344066577497070e+12;4.025891327929339844e+12;4.025422322789530273e+12;4.024936489480812012e+12;4.024433248539313477e+12;4.023912002264509766e+12;4.023372134263355469e+12;4.022813008992752930e+12;4.022233971298335449e+12;4.021634345953243164e+12;4.021013437194183105e+12;4.020370528258447266e+12;4.019704880921351562e+12;4.019015735034787598e+12;4.018302308069630859e+12;4.017563794660899902e+12;4.016799366156933594e+12;4.016008170177400391e+12;4.015189330175732422e+12;4.014341945011997070e+12;4.013465088534749512e+12;4.012557809175943359e+12;4.011619129557550781e+12;4.010648046114213379e+12;4.009643528732377930e+12;4.008604520407057129e+12;4.007529936921313477e+12;4.006418666544473633e+12;4.005269569758786133e+12;4.004081479011194336e+12;4.002853198492552734e+12;4.001583503951536133e+12;4.000271142539246582e+12;3.998914832691967773e+12;3.997513264051615723e+12;3.996065097429208984e+12;3.994568964810512695e+12;3.993023469410284180e+12;3.991427185775730469e+12;3.989778659943379395e+12;3.988076409650080566e+12;3.986318924604732910e+12;3.984504666819725098e+12;3.982632071009098633e+12;3.980699545052877441e+12;3.978705470532596680e+12;3.976648203341247559e+12;3.974526074370198242e+12;3.972337390274384277e+12;3.970080434322463867e+12;3.967753467330679199e+12;3.965354728686269043e+12;3.962882437461104492e+12;3.960334793618715332e+12;3.957709979318345703e+12;3.955006160313687500e+12;3.952221487455852539e+12;3.949354098294417480e+12;3.946402118781416992e+12;3.943363665082652832e+12;3.940236845490043945e+12;3.937019762441579102e+12;3.933710514646820312e+12;3.930307199315947754e+12;3.926807914497572754e+12;3.923210761514881836e+12;3.919513847508147949e+12;3.915715288076802246e+12;3.911813210017692871e+12;3.907805754160153320e+12;3.903691078293199707e+12;3.899467360178989746e+12;3.895132800652034668e+12;3.890685626795676758e+12;3.886124095195246582e+12
4.176176382658311523e+12;4.176110266211305664e+12;4.176041695584083984e+12;4.175970580201396484e+12;4.175896826184701172e+12;4.175820336233642578e+12;4.175741009505918457e+12;4.175658741490421387e+12;4.175573423878599609e+12;4.175484944429142090e+12;4.175393186830537109e+12;4.175298030556968262e+12;4.175199350721033691e+12;4.175097017921180176e+12;4.174990898083682129e+12;4.174880852300510254e+12;4.174766736660867676e+12;4.174648402078052734e+12;4.174525694110760254e+12;4.174398452778955078e+12;4.174266512373529785e+12;4.174129701259835938e+12;4.173987841676124023e+12;4.173840749525100586e+12;4.173688234160046387e+12;4.173530098161735352e+12;4.173366137114076172e+12;4.173196139366563477e+12;4.173019885795875488e+12;4.172837149555961426e+12;4.172647695824203613e+12;4.172451281538195312e+12;4.172247655126658691e+12;4.172036556232715332e+12;4.171817715429244141e+12;4.171590853926276367e+12;4.171355683272265625e+12;4.171111905045801758e+12;4.170859210541349609e+12;4.170597280445450684e+12;4.170325784505954590e+12;4.170044381193479004e+12;4.169752717354774414e+12;4.169450427857318848e+12;4.169137135227747559e+12;4.168812449281349609e+12;4.168475966743465332e+12;4.168127270864415527e+12;4.167765931025964355e+12;4.167391502340365723e+12;4.167003525242792969e+12;4.166601525076192383e+12;4.166185011668982422e+12;4.165753478907558594e+12;4.165306404300715820e+12;4.164843248539721680e+12;4.164363455050695312e+12;4.163866449545167480e+12;4.163351639562748535e+12;4.162818414010416504e+12;4.162266142700190430e+12;4.161694175880059570e+12;4.161101843765978027e+12;4.160488456070213379e+12;4.159853301529315918e+12;4.159195647431813477e+12;4.158514739147324219e+12;4.157809799656211914e+12;4.157080029083191895e+12;4.156324604234064941e+12;4.155542678137959961e+12;4.154733379595290039e+12;4.153895812733389648e+12;4.153029056571980469e+12;4.152132164597016113e+12;4.151204164348601074e+12;4.150244057021679199e+12;4.149250817081577148e+12;4.148223391896191406e+12;4.147160701389208008e+12;4.146061637712009766e+12;4.144925064939180176e+12;4.143749818789436523e+12;4.142534706374042480e+12;4.141278505972914551e+12;4.139979966845987793e+12;4.138637809074661133e+12;4.137250723444894043e+12;4.135817371365299316e+12;4.134336384831261719e+12;4.132806366430992676e+12;4.131225889401535156e+12;4.129593497733717285e+12;4.127907706331899414e+12;4.126167001229928711e+12;4.124369839866144531e+12;4.122514651421452637e+12;4.120599837222728516e+12;4.118623771215387207e+12;4.116584800506693359e+12;4.114481245985661133e+12;4.112311403019076172e+12;4.110073542229362305e+12;4.107765910355000488e+12;4.105386731200184082e+12;4.102934206670840332e+12;4.100406517903681641e+12;4.097801826490907227e+12;4.095118275799825195e+12;4.092353992392871582e+12;4.089507087547892090e+12;4.086575658880389160e+12;4.083557792071058105e+12;4.080451562697635254e+12;4.077255038172468750e+12;4.073966279787624023e+12;4.070583344865834961e+12;4.067104289017382324e+12;4.063527168504148438e+12;4.059850042707337891e+12;4.056070976698324219e+12;4.052188043911342773e+12;4.048199328915310059e+12;4.044102930280076172e+12;4.039896963536850098e+12;4.035579564227877441e+12;4.031148891038956543e+12;4.026603129013261230e+12
4.320728402445030762e+12;4.320663170487572266e+12;4.320595516770086914e+12;4.320525351883086426e+12;4.320452583153546875e+12;4.320377114528596680e+12;4.320298846455790527e+12;4.320217675758183105e+12;4.320133495506110840e+12;4.320046194884865723e+12;4.319955659056614258e+12;4.319861769020020996e+12;4.319764401462393066e+12;4.319663428609455566e+12;4.319558718069119629e+12;4.319450132669963379e+12;4.319337530295566895e+12;4.319220763711762207e+12;4.319099680390588867e+12;4.318974122326427734e+12;4.318843925848759766e+12;4.318708921426234863e+12;4.318568933467407715e+12;4.318423780113931641e+12;4.318273273026916504e+12;4.318117217168674316e+12;4.317955410575748047e+12;4.317787644127581543e+12;4.317613701305534668e+12;4.317433357947566406e+12;4.317246381994396973e+12;4.317052533228796387e+12;4.316851563007203613e+12;4.316643213985069336e+12;4.316427219833080078e+12;4.316203304946452148e+12;4.315971184147205078e+12;4.315730562377437988e+12;4.315481134385506348e+12;4.315222584403489258e+12;4.314954585818308105e+12;4.314676800831739258e+12;4.314388880116825684e+12;4.314090462461526855e+12;4.313781174408165039e+12;4.313460629881892090e+12;4.313128429813860840e+12;4.312784161753539551e+12;4.312427399476804199e+12;4.312057702582799316e+12;4.311674616085587402e+12;4.311277669998079590e+12;4.310866378906908203e+12;4.310440241543558105e+12;4.309998740346527832e+12;4.309541341017182129e+12;4.309067492071094238e+12;4.308576624381945312e+12;4.308068150721205078e+12;4.307541465293487793e+12;4.306995943266325195e+12;4.306430940297690430e+12;4.305845792058429688e+12;4.305239813755573242e+12;4.304612299650471680e+12;4.303962522578172363e+12;4.303289733466568848e+12;4.302593160855115723e+12;4.301872010417722656e+12;4.301125464485176270e+12;4.300352681575492676e+12;4.299552795926341797e+12;4.298724917035025879e+12;4.297868129206873535e+12;4.296981491111134766e+12;4.296064035349850098e+12;4.295114768036347656e+12;4.294132668389311035e+12;4.293116688342828613e+12;4.292065752171875977e+12;4.290978756139420898e+12;4.289854568163061035e+12;4.288692027505710449e+12;4.287489944492559570e+12;4.286247100254657227e+12;4.284962246502708496e+12;4.283634105334239746e+12;4.282261369075545898e+12;4.280842700159727539e+12;4.279376731047067871e+12;4.277862064187024902e+12;4.276297272026084961e+12;4.274680897064097656e+12;4.273011451962121582e+12;4.271287419705326660e+12;4.269507253821604980e+12;4.267669378661890137e+12;4.265772189744195801e+12;4.263814054162855469e+12;4.261793311068187500e+12;4.259708272219018066e+12;4.257557222611254395e+12;4.255338421183921387e+12;4.253050101608954102e+12;4.250690473164115723e+12;4.248257721694483398e+12;4.245750010664063965e+12;4.243165482300580566e+12;4.240502258835622070e+12;4.237758443842644531e+12;4.234932123674841797e+12;4.232021369005259277e+12;4.229024236471124512e+12;4.225938770420968750e+12;4.222763004770874023e+12;4.219494964966065430e+12;4.216132670049709961e+12;4.212674134840834961e+12;4.209117372218111328e+12;4.205460395511708008e+12;4.201701220999975098e+12;4.197837870510122559e+12;4.193868374121851074e+12;4.189790772970397461e+12;4.185603122146876953e+12;4.181303493690416504e+12;4.176889979672751465e+12;4.172360695366004883e+12
4.470784651637238281e+12;4.470720287387654297e+12;4.470653533198290039e+12;4.470584300804850586e+12;4.470512498718655273e+12;4.470438032112921875e+12;4.470360802702360352e+12;4.470280708621107422e+12;4.470197644295449219e+12;4.470111500312251953e+12;4.470022163282966797e+12;4.469929515704272461e+12;4.469833435812004883e+12;4.469733797432265625e+12;4.469630469826348633e+12;4.469523317531528320e+12;4.469412200195673828e+12;4.469296972407299805e+12;4.469177483520851562e+12;4.469053577473943359e+12;4.468925092601778320e+12;4.468791861443683594e+12;4.468653710544782227e+12;4.468510460250223633e+12;4.468361924494963867e+12;4.468207910585814453e+12;4.468048218976468750e+12;4.467882643037261719e+12;4.467710968817669922e+12;4.467532974800473633e+12;4.467348431650619141e+12;4.467157101956086914e+12;4.466958739960725586e+12;4.466753091291301758e+12;4.466539892675240234e+12;4.466318871651483398e+12;4.466089746273659180e+12;4.465852224804741211e+12;4.465606005404263672e+12;4.465350775808285156e+12;4.465086212998799805e+12;4.464811982868031250e+12;4.464527739871989258e+12;4.464233126677611328e+12;4.463927773800947266e+12;4.463611299236873047e+12;4.463283308080786133e+12;4.462943392143598633e+12;4.462591129556527344e+12;4.462226084368294922e+12;4.461847806137152344e+12;4.461455829511043945e+12;4.461049673803710938e+12;4.460628842562296875e+12;4.460192823127392578e+12;4.459741086186236328e+12;4.459273085321929688e+12;4.458788256552416016e+12;4.458286017867342773e+12;4.457765768758000977e+12;4.457226889742334961e+12;4.456668741886413086e+12;4.456090666321511719e+12;4.455491983759402344e+12;4.454871994002571289e+12;4.454229975456705078e+12;4.453565184638364258e+12;4.452876855685072266e+12;4.452164199867010742e+12;4.451426405097423828e+12;4.450662635448926758e+12;4.449872030673726562e+12;4.449053705727739258e+12;4.448206750302020508e+12;4.447330228362884766e+12;4.446423177700606445e+12;4.445484609488546875e+12;4.444513507856926758e+12;4.443508829478421875e+12;4.442469503171315430e+12;4.441394429518466797e+12;4.440282480509595703e+12;4.439132499201254883e+12;4.437943299403868164e+12;4.436713665392223633e+12;4.435442351646843750e+12;4.434128082623573242e+12;4.432769552557802734e+12;4.431365425304500000e+12;4.429914334214386719e+12;4.428414882054027344e+12;4.426865640967127930e+12;4.425265152482502930e+12;4.423611927573020508e+12;4.421904446764491211e+12;4.420141160301623047e+12;4.418320488371040039e+12;4.416440821386012695e+12;4.414500520334727539e+12;4.412497917198078125e+12;4.410431315435477539e+12;4.408298990546223633e+12;4.406099190706611328e+12;4.403830137486965820e+12;4.401490026652609375e+12;4.399077029049037109e+12;4.396589291577084473e+12;4.394024938257991211e+12;4.391382071394901367e+12;4.388658772828335449e+12;4.385853105292639160e+12;4.382963113871706543e+12;4.379986827560311523e+12;4.376922260926361328e+12;4.373767415883106934e+12;4.370520283565925293e+12;4.367178846318380371e+12;4.363741079786572754e+12;4.360204955121988770e+12;4.356568441293361816e+12;4.352829507505115723e+12;4.348986125724005371e+12;4.345036273309072754e+12;4.340977935746607910e+12;4.336809109483614746e+12;4.332527804861650391e+12;4.328132049142731445e+12;4.323619889626818359e+12
4.626579714096927734e+12;4.626516200784336914e+12;4.626450328751426758e+12;4.626382010858189453e+12;4.626311156780023438e+12;4.626237672893201172e+12;4.626161462157834961e+12;4.626082423995841797e+12;4.626000454165348633e+12;4.625915444630463867e+12;4.625827283426810547e+12;4.625735854523223633e+12;4.625641037677182617e+12;4.625542708287658203e+12;4.625440737241360352e+12;4.625334990754538086e+12;4.625225330211122070e+12;4.625111611991085938e+12;4.624993687299776367e+12;4.624871401986365234e+12;4.624744596358994141e+12;4.624613104993948242e+12;4.624476756538182617e+12;4.624335373506074219e+12;4.624188772070273438e+12;4.624036761845057617e+12;4.623879145663664062e+12;4.623715719350391602e+12;4.623546271482613281e+12;4.623370583148900391e+12;4.623188427698553711e+12;4.622999570482848633e+12;4.622803768593035156e+12;4.622600770584318359e+12;4.622390316198288086e+12;4.622172136074375000e+12;4.621945951454358398e+12;4.621711473878481445e+12;4.621468404873946289e+12;4.621216435634905273e+12;4.620955246695551758e+12;4.620684507592777344e+12;4.620403876521702148e+12;4.620112999983456055e+12;4.619811512423924805e+12;4.619499035863632812e+12;4.619175179520519531e+12;4.618839539423128906e+12;4.618491698016602539e+12;4.618131223759365234e+12;4.617757670713828125e+12;4.617370578126076172e+12;4.616969470000505859e+12;4.616553854665190430e+12;4.616123224330847656e+12;4.615677054641463867e+12;4.615214804220151367e+12;4.614735914205692383e+12;4.614239807784851562e+12;4.613725889718760742e+12;4.613193545863415039e+12;4.612642142684645508e+12;4.612071026771131836e+12;4.611479524340202148e+12;4.610866940745042969e+12;4.610232559974500977e+12;4.609575644155617188e+12;4.608895433052748047e+12;4.608191143568229492e+12;4.607461969242233398e+12;4.606707079757223633e+12;4.605925620443676758e+12;4.605116711790532227e+12;4.604279448961260742e+12;4.603412901316771484e+12;4.602516111946896484e+12;4.601588097210867188e+12;4.600627846289215820e+12;4.599634320748617188e+12;4.598606454120991211e+12;4.597543151500053711e+12;4.596443289153938477e+12;4.595305714160417969e+12;4.594129244062176758e+12;4.592912666548243164e+12;4.591654739159892578e+12;4.590354189028129883e+12;4.589009712639010742e+12;4.587619975637122070e+12;4.586183612659794922e+12;4.584699227215640625e+12;4.583165391599725586e+12;4.581580646857465820e+12;4.579943502792628906e+12;4.578252438026332031e+12;4.576505900109671875e+12;4.574702305691401367e+12;4.572840040745004883e+12;4.570917460858068359e+12;4.568932891587044922e+12;4.566884628880130859e+12;4.564770939570922852e+12;4.562590061948564453e+12;4.560340206403761719e+12;4.558019556156422852e+12;4.555626268067624023e+12;4.553158473537977539e+12;4.550614279494526367e+12;4.547991769472271484e+12;4.545289004789782227e+12;4.542504025821928711e+12;4.539634853372683594e+12;4.536679490151668945e+12;4.533635922352504883e+12;4.530502121338370117e+12;4.527276045434197266e+12;4.523955641827206055e+12;4.520538848576265625e+12;4.517023596731509766e+12;4.513407812563403320e+12;4.509689419900179688e+12;4.505866342576146484e+12;4.501936506984941406e+12;4.497897844740825195e+12;4.493748295443438477e+12;4.489485809543887695e+12;4.485108351309440430e+12;4.480613901884053711e+12
4.788358559872681641e+12;4.788295880728822266e+12;4.788230873482080078e+12;4.788163452096458008e+12;4.788093527389126953e+12;4.788021006918562500e+12;4.787945794867175781e+12;4.787867791921571289e+12;4.787786895147636719e+12;4.787702997861616211e+12;4.787615989498139648e+12;4.787525755471594727e+12;4.787432177035059570e+12;4.787335131131937500e+12;4.787234490246213867e+12;4.787130122244347656e+12;4.787021890214480469e+12;4.786909652298892578e+12;4.786793261521820312e+12;4.786672565611359375e+12;4.786547406815627930e+12;4.786417621713614258e+12;4.786283041019182617e+12;4.786143489380297852e+12;4.785998785170282227e+12;4.785848740273829102e+12;4.785693159866471680e+12;4.785531842186239258e+12;4.785364578299720703e+12;4.785191151860407227e+12;4.785011338859925781e+12;4.784824907373143555e+12;4.784631617293447266e+12;4.784431220062953125e+12;4.784223458393068359e+12;4.784008065979439453e+12;4.783784767207143555e+12;4.783553276847745117e+12;4.783313299749992188e+12;4.783064530521677734e+12;4.782806653201032227e+12;4.782539340923406250e+12;4.782262255576483398e+12;4.781975047449153320e+12;4.781677354870278320e+12;4.781368803840103516e+12;4.781049007652175781e+12;4.780717566507918945e+12;4.780374067121012695e+12;4.780018082316816406e+12;4.779649170617896484e+12;4.779266875827047852e+12;4.778870726598448242e+12;4.778460236002917969e+12;4.778034901084421875e+12;4.777594202409000000e+12;4.777137603607102539e+12;4.776664550909016602e+12;4.776174472672025391e+12;4.775666778904034180e+12;4.775140860778798828e+12;4.774596090147289062e+12;4.774031819043535156e+12;4.773447379185914062e+12;4.772842081475529297e+12;4.772215215491336914e+12;4.771566048981324219e+12;4.770893827354610352e+12;4.770197773171730469e+12;4.769477085633820312e+12;4.768730940074937500e+12;4.767958487455173828e+12;4.767158853858297852e+12;4.766331139991506836e+12;4.765474420695045898e+12;4.764587744453501953e+12;4.763670132919667969e+12;4.762720580447231445e+12;4.761738053633706055e+12;4.760721490878332031e+12;4.759669801953299805e+12;4.758581867593029297e+12;4.757456539100885742e+12;4.756292637977246094e+12;4.755088955569606445e+12;4.753844252748867188e+12;4.752557259609572266e+12;4.751226675204424805e+12;4.749851167305710938e+12;4.748429372204101562e+12;4.746959894543371094e+12;4.745441307193966797e+12;4.743872151170576172e+12;4.742250935593443359e+12;4.740576137697064453e+12;4.738846202891187500e+12;4.737059544875151367e+12;4.735214545808658203e+12;4.733309556542338867e+12;4.731342896911961914e+12;4.729312856098811523e+12;4.727217693058468750e+12;4.725055637022902344e+12;4.722824888078520508e+12;4.720523617821053711e+12;4.718149970094740234e+12;4.715702061814558594e+12;4.713177983876932617e+12;4.710575802161793945e+12;4.707893558626723633e+12;4.705129272497874023e+12;4.702280941561239258e+12;4.699346543551427734e+12;4.696324037647957031e+12;4.693211366071459961e+12;4.690006455792313477e+12;4.686707220343433594e+12;4.683311561742738281e+12;4.679817372529294922e+12;4.676222537904429688e+12;4.672524937988564453e+12;4.668722450184790039e+12;4.664812951656252930e+12;4.660794321905424805e+12;4.656664445468170898e+12;4.652421214707370117e+12;4.648062532710773438e+12;4.643586316287866211e+12
4.956376833453431641e+12;4.956314971703239258e+12;4.956250811864268555e+12;4.956184268983567383e+12;4.956115254999506836e+12;4.956043678629747070e+12;4.955969445256600586e+12;4.955892456807315430e+12;4.955812611631310547e+12;4.955729804373400391e+12;4.955643925840119141e+12;4.955554862865887695e+12;4.955462498170674805e+12;4.955366710216189453e+12;4.955267373053682617e+12;4.955164356170571289e+12;4.955057524329870117e+12;4.954946737403657227e+12;4.954831850203382812e+12;4.954712712303071289e+12;4.954589167856902344e+12;4.954461055412250977e+12;4.954328207715080078e+12;4.954190451509835938e+12;4.954047607333634766e+12;4.953899489304025391e+12;4.953745904898816406e+12;4.953586654730942383e+12;4.953421532315309570e+12;4.953250323828994141e+12;4.953072807864900391e+12;4.952888755176416992e+12;4.952697928417404297e+12;4.952500081870935547e+12;4.952294961174355469e+12;4.952082303033018555e+12;4.951861834928708984e+12;4.951633274817969727e+12;4.951396330823916992e+12;4.951150700918432617e+12;4.950896072596909180e+12;4.950632122544060547e+12;4.950358516291193359e+12;4.950074907866063477e+12;4.949780939431234375e+12;4.949476240917775391e+12;4.949160429646171875e+12;4.948833109942056641e+12;4.948493872740799805e+12;4.948142295185027344e+12;4.947777940212679688e+12;4.947400356136904297e+12;4.947009076217588867e+12;4.946603618225362305e+12;4.946183483995297852e+12;4.945748158975790039e+12;4.945297111767632812e+12;4.944829793656921875e+12;4.944345638139371094e+12;4.943844060439895508e+12;4.943324457023786133e+12;4.942786205104449219e+12;4.942228662142989258e+12;4.941651165344408203e+12;4.941053031149568359e+12;4.940433554721835938e+12;4.939792009433808594e+12;4.939127646347612305e+12;4.938439693696260742e+12;4.937727356364391602e+12;4.936989815368506836e+12;4.936226227337899414e+12;4.935435723998576172e+12;4.934617411661688477e+12;4.933770370713336914e+12;4.932893655114317383e+12;4.931986291903947266e+12;4.931047280713707031e+12;4.930075593292116211e+12;4.929070173039011719e+12;4.928029934555198242e+12;4.926953763207144531e+12;4.925840514707839844e+12;4.924689014717120117e+12;4.923498058463810547e+12;4.922266410389041992e+12;4.920992803817895508e+12;4.919675940654501953e+12;4.918314491111873047e+12;4.916907093469697266e+12;4.915452353870932617e+12;4.913948846152261719e+12;4.912395111718455078e+12;4.910789659455976562e+12;4.909130965695613281e+12;4.907417474221773438e+12;4.905647596334355469e+12;4.903819710964740234e+12;4.901932164849733398e+12;4.899983272765868164e+12;4.897971317829103516e+12;4.895894551859573242e+12;4.893751195816797852e+12;4.891539440310841797e+12;4.889257446186930664e+12;4.886903345190762695e+12;4.884475240717807617e+12;4.881971208647347656e+12;4.879389298265409180e+12;4.876727533279295898e+12;4.873983912927948242e+12;4.871156413188393555e+12;4.868242988080680664e+12;4.865241571079229492e+12;4.862150076621744141e+12;4.858966401732272461e+12;4.855688427744056641e+12;4.852314022137677734e+12;4.848841040486275391e+12;4.845267328513477539e+12;4.841590724262053711e+12;4.837809060374588867e+12;4.833920166484829102e+12;4.829921871721567383e+12;4.825812007318805664e+12;4.821588409337776367e+12;4.817248921491228516e+12;4.812791398073055664e+12
5.130901127621276367e+12;5.130840066472593750e+12;5.130776736644335938e+12;5.130711054246098633e+12;5.130642932314886719e+12;5.130572280705899414e+12;5.130499005977856445e+12;5.130423011275976562e+12;5.130344196208544922e+12;5.130262456721950195e+12;5.130177684971258789e+12;5.130089769182567383e+12;5.129998593517047852e+12;5.129904037924083008e+12;5.129805977994798828e+12;5.129704284807623047e+12;5.129598824768284180e+12;5.129489459448482422e+12;5.129376045413632812e+12;5.129258434051219727e+12;5.129136471386793945e+12;5.129009997901169922e+12;5.128878848335724609e+12;5.128742851495139648e+12;5.128601830042568359e+12;5.128455600289175781e+12;5.128303971976409180e+12;5.128146748051010742e+12;5.127983724434684570e+12;5.127814689786552734e+12;5.127639425256854492e+12;5.127457704234390625e+12;5.127269292087486328e+12;5.127073945896381836e+12;5.126871414176164062e+12;5.126661436595704102e+12;5.126443743685833984e+12;5.126218056539042969e+12;5.125984086503574219e+12;5.125741534866175781e+12;5.125490092528989258e+12;5.125229439675465820e+12;5.124959245429818359e+12;5.124679167506666992e+12;5.124388851851648438e+12;5.124087932274229492e+12;5.123776030071002930e+12;5.123452753639966797e+12;5.123117698087297852e+12;5.122770444821880859e+12;5.122410561147186523e+12;5.122037599837081055e+12;5.121651098708732422e+12;5.121250580184884766e+12;5.120835550846151367e+12;5.120405500978840820e+12;5.119959904111098633e+12;5.119498216544223633e+12;5.119019876873702148e+12;5.118524305505765625e+12;5.118010904165370117e+12;5.117479055398017578e+12;5.116928122066183594e+12;5.116357446840174805e+12;5.115766351682047852e+12;5.115154137328860352e+12;5.114520082769008789e+12;5.113863444715971680e+12;5.113183457081661133e+12;5.112479330445366211e+12;5.111750251524352539e+12;5.110995382644396484e+12;5.110213861210302734e+12;5.109404799180470703e+12;5.108567282542818359e+12;5.107700370799634766e+12;5.106803096453213867e+12;5.105874464502474609e+12;5.104913451948067383e+12;5.103919007306540039e+12;5.102890050137689453e+12;5.101825470586097656e+12;5.100724128936922852e+12;5.099584855189891602e+12;5.098406448653394531e+12;5.097187677557953125e+12;5.095927278696420898e+12;5.094623957086601562e+12;5.093276385664811523e+12;5.091883205009079102e+12;5.090443023093072266e+12;5.088954415080574219e+12;5.087415923152469727e+12;5.085826056379609375e+12;5.084183290635312500e+12;5.082486068557626953e+12;5.080732799558959961e+12;5.078921859888629883e+12;5.077051592751529297e+12;5.075120308485123047e+12;5.073126284797081055e+12;5.071067767068806641e+12;5.068942968727560547e+12;5.066750071687273438e+12;5.064487226866709961e+12;5.062152554783305664e+12;5.059744146227974609e+12;5.057260063024332031e+12;5.054698338873774414e+12;5.052056980292474609e+12;5.049333967638339844e+12;5.046527256235997070e+12;5.043634777598140625e+12;5.040654440749859375e+12;5.037584133653479492e+12;5.034421724740946289e+12;5.031165064551501953e+12;5.027811987480498047e+12;5.024360313635153320e+12;5.020807850805226562e+12;5.017152396543708984e+12;5.013391740360361328e+12;5.009523666028148438e+12;5.005545954002223633e+12;5.001456383950447266e+12;4.997252737393072266e+12;4.992932800452928711e+12;4.988494366712432617e+12
5.312209241428909180e+12;5.312148964062068359e+12;5.312086446818244141e+12;5.312021606847953125e+12;5.311954358265404297e+12;5.311884612040379883e+12;5.311812275886089844e+12;5.311737254139945312e+12;5.311659447645842773e+12;5.311578753626998047e+12;5.311495065558880859e+12;5.311408273033958008e+12;5.311318261625394531e+12;5.311224912743441406e+12;5.311128103488695312e+12;5.311027706499747070e+12;5.310923589795524414e+12;5.310815616613934570e+12;5.310703645242775391e+12;5.310587528847794922e+12;5.310467115292147461e+12;5.310342246954011719e+12;5.310212760534125977e+12;5.310078486859419922e+12;5.309939250681149414e+12;5.309794870464738281e+12;5.309645158174220703e+12;5.309489919049556641e+12;5.309328951377478516e+12;5.309162046254917969e+12;5.308988987345598633e+12;5.308809550629444336e+12;5.308623504143563477e+12;5.308430607716877930e+12;5.308230612696550781e+12;5.308023261665714844e+12;5.307808288154392578e+12;5.307585416342114258e+12;5.307354360750564453e+12;5.307114825930652344e+12;5.306866506138549805e+12;5.306609085004427734e+12;5.306342235191769531e+12;5.306065618048785156e+12;5.305778883250137695e+12;5.305481668430237305e+12;5.305173598806372070e+12;5.304854286795758789e+12;5.304523331619774414e+12;5.304180318901067383e+12;5.303824820253909180e+12;5.303456392860378906e+12;5.303074579042256836e+12;5.302678905822281250e+12;5.302268884476958008e+12;5.301844010080556641e+12;5.301403761041413086e+12;5.300947598629079102e+12;5.300474966495887695e+12;5.299985290187343750e+12;5.299477976647933594e+12;5.298952413720159180e+12;5.298407969634923828e+12;5.297843992496881836e+12;5.297259809765467773e+12;5.296654727729678711e+12;5.296028030977536133e+12;5.295378981863451172e+12;5.294706819971839844e+12;5.294010761578254883e+12;5.293289999109035156e+12;5.292543700601336914e+12;5.291771009161027344e+12;5.290971042426038086e+12;5.290142892028158203e+12;5.289285623060218750e+12;5.288398273549734375e+12;5.287479853935518555e+12;5.286529346555585938e+12;5.285545705140661133e+12;5.284527854321909180e+12;5.283474689147794922e+12;5.282385074617359375e+12;5.281257845228868164e+12;5.280091804545641602e+12;5.278885724782450195e+12;5.277638346413878906e+12;5.276348377805888672e+12;5.275014494875087891e+12;5.273635340775256836e+12;5.272209525616152344e+12;5.270735626215541016e+12;5.269212185886916992e+12;5.267637714267686523e+12;5.266010687186182617e+12;5.264329546575567383e+12;5.262592700435035156e+12;5.260798522839055664e+12;5.258945354001998047e+12;5.257031500398420898e+12;5.255055234942230469e+12;5.253014797229806641e+12;5.250908393846528320e+12;5.248734198744631836e+12;5.246490353691898438e+12;5.244174968795709961e+12;5.241786123105847656e+12;5.239321865300322266e+12;5.236780214452382812e+12;5.234159160889487305e+12;5.231456667141445312e+12;5.228670668981469727e+12;5.225799076565588867e+12;5.222839775669843750e+12;5.219790629031467773e+12;5.216649477790719727e+12;5.213414143042875977e+12;5.210082427495614258e+12;5.206652117237454102e+12;5.203120983617311523e+12;5.199486785236987305e+12;5.195747270054943359e+12;5.191900177606560547e+12;5.187943241334456055e+12;5.183874191035496094e+12;5.179690755417993164e+12;5.175390664771892578e+12;5.170971653746312500e+12
5.500590420974741211e+12;5.500530910532364258e+12;5.500469188405997070e+12;5.500405172765839844e+12;5.500338778781928711e+12;5.500269918516291016e+12;5.500198500811559570e+12;5.500124431175761719e+12;5.500047611661284180e+12;5.499967940744075195e+12;5.499885313192387695e+12;5.499799619939065430e+12;5.499710747940582031e+12;5.499618580039132812e+12;5.499522994815221680e+12;5.499423866436912109e+12;5.499321064505150391e+12;5.499214453891274414e+12;5.499103894572050781e+12;5.498989241457776367e+12;5.498870344213904297e+12;5.498747047079697266e+12;5.498619188677788086e+12;5.498486601820241211e+12;5.498349113306591797e+12;5.498206543716578125e+12;5.498058707195984375e+12;5.497905411235726562e+12;5.497746456444355469e+12;5.497581636313087891e+12;5.497410736974477539e+12;5.497233536952351562e+12;5.497049806906167969e+12;5.496859309366354492e+12;5.496661798461686523e+12;5.496457019640928711e+12;5.496244709382937500e+12;5.496024594901417969e+12;5.495796393840583008e+12;5.495559813961582031e+12;5.495314552820688477e+12;5.495060297440124023e+12;5.494796723967729492e+12;5.494523497329800781e+12;5.494240270873238281e+12;5.493946686000750000e+12;5.493642371793927734e+12;5.493326944631214844e+12;5.493000007792301758e+12;5.492661151057300781e+12;5.492309950292717773e+12;5.491945967032373047e+12;5.491568748046514648e+12;5.491177824902943359e+12;5.490772713517519531e+12;5.490352913699769531e+12;5.489917908684521484e+12;5.489467164659732422e+12;5.489000130283629883e+12;5.488516236193538086e+12;5.488014894508971680e+12;5.487495498325317383e+12;5.486957421201958984e+12;5.486400016641961914e+12;5.485822617568440430e+12;5.485224535792151367e+12;5.484605061476212891e+12;5.483963462595492188e+12;5.483298984392055664e+12;5.482610848828410156e+12;5.481898254036217773e+12;5.481160373767533203e+12;5.480396356841552734e+12;5.479605326593306641e+12;5.478786380324905273e+12;5.477938588757892578e+12;5.477060995490364258e+12;5.476152616458306641e+12;5.475212439404833984e+12;5.474239423355839844e+12;5.473232498105881836e+12;5.472190563714774414e+12;5.471112490017006836e+12;5.469997116146340820e+12;5.468843250075056641e+12;5.467649668172407227e+12;5.466415114784329102e+12;5.465138301833732422e+12;5.463817908446441406e+12;5.462452580604269531e+12;5.461040930825941406e+12;5.459581537882093750e+12;5.458072946541106445e+12;5.456513667356596680e+12;5.454902176488407227e+12;5.453236915572263672e+12;5.451516291629472656e+12;5.449738677028041016e+12;5.447902409492194336e+12;5.446005792169144531e+12;5.444047093749733398e+12;5.442024548651468750e+12;5.439936357264690430e+12;5.437780686264375000e+12;5.435555668993880859e+12;5.433259405918956055e+12;5.430889965160241211e+12;5.428445383104628906e+12;5.425923665099422852e+12;5.423322786232286133e+12;5.420640692199064453e+12;5.417875300265937500e+12;5.415024500324696289e+12;5.412086156045151367e+12;5.409058106130071289e+12;5.405938165670301758e+12;5.402724127607733398e+12;5.399413764303466797e+12;5.396004829216199219e+12;5.392495058691420898e+12;5.388882173863370117e+12;5.385163882668649414e+12;5.381337881975917969e+12;5.377401859829498047e+12;5.373353497806824219e+12;5.369190473490804688e+12;5.364910463056194336e+12;5.360511143965929688e+12
5.696345581808943359e+12;5.696286821384085938e+12;5.696225876856811523e+12;5.696162667395008789e+12;5.696097109202618164e+12;5.696029115410636719e+12;5.695958595968655273e+12;5.695885457529110352e+12;5.695809603329550781e+12;5.695730933071139648e+12;5.695649342791101562e+12;5.695564724731913086e+12;5.695476967206897461e+12;5.695385954460536133e+12;5.695291566523072266e+12;5.695193679061701172e+12;5.695092163226330078e+12;5.694986885490086914e+12;5.694877707484740234e+12;5.694764485829665039e+12;5.694647071957719727e+12;5.694525311932319336e+12;5.694399046260553711e+12;5.694268109700262695e+12;5.694132331060098633e+12;5.693991532993242188e+12;5.693845531785583008e+12;5.693694137135992188e+12;5.693537151931143555e+12;5.693374372011615234e+12;5.693205585931936523e+12;5.693030574714222656e+12;5.692849111591656250e+12;5.692660961746368164e+12;5.692465882040291992e+12;5.692263620734837891e+12;5.692053917206744141e+12;5.691836501650458008e+12;5.691611094778800781e+12;5.691377407508266602e+12;5.691135140639675781e+12;5.690883984530927734e+12;5.690623618756639648e+12;5.690353711762697266e+12;5.690073920510760742e+12;5.689783890111870117e+12;5.689483253452950195e+12;5.689171630813181641e+12;5.688848629471108398e+12;5.688513843301772461e+12;5.688166852365617188e+12;5.687807222487244141e+12;5.687434504824840820e+12;5.687048235431113281e+12;5.686647934803214844e+12;5.686233107426191406e+12;5.685803241304237305e+12;5.685357807487307617e+12;5.684896259584017578e+12;5.684418033270713867e+12;5.683922545789554688e+12;5.683409195439945312e+12;5.682877361062759766e+12;5.682326401515078125e+12;5.681755655142012695e+12;5.681164439239303711e+12;5.680552049511364258e+12;5.679917759523609375e+12;5.679260820151347656e+12;5.678580459023522461e+12;5.677875879964131836e+12;5.677146262432433594e+12;5.676390760958221680e+12;5.675608504581177734e+12;5.674798596287770508e+12;5.673960112449587891e+12;5.673092102267260742e+12;5.672193587215776367e+12;5.671263560494456055e+12;5.670300986487033203e+12;5.669304800227393555e+12;5.668273906874201172e+12;5.667207181199090820e+12;5.666103467086844727e+12;5.664961577050532227e+12;5.663780291761583984e+12;5.662558359602634766e+12;5.661294496237136719e+12;5.659987384202902344e+12;5.658635672533502930e+12;5.657237976401354492e+12;5.655792876796924805e+12;5.654298920236625977e+12;5.652754618505049805e+12;5.651158448438365234e+12;5.649508851743300781e+12;5.647804234863497070e+12;5.646042968889116211e+12;5.644223389514631836e+12;5.642343797053522461e+12;5.640402456500038086e+12;5.638397597656532227e+12;5.636327415316944336e+12;5.634190069516658203e+12;5.631983685850547852e+12;5.629706355859739258e+12;5.627356137494937500e+12;5.624931055654543945e+12;5.622429102805579102e+12;5.619848239687424805e+12;5.617186396099920898e+12;5.614441471787843750e+12;5.611611337410559570e+12;5.608693835613883789e+12;5.605686782196633789e+12;5.602587967380463867e+12;5.599395157183426758e+12;5.596106094898953125e+12;5.592718502684327148e+12;5.589230083258988281e+12;5.585638521712625000e+12;5.581941487430971680e+12;5.578136636133170898e+12;5.574221612022429688e+12;5.570194050056563477e+12;5.566051578331254883e+12;5.561791820578482422e+12;5.557412398779676758e+12
5.899787511969638672e+12;5.899729484598035156e+12;5.899669300089837891e+12;5.899606878589917969e+12;5.899542137313596680e+12;5.899474990437900391e+12;5.899405348995329102e+12;5.899333120758895508e+12;5.899258210125627930e+12;5.899180517996123047e+12;5.899099941647890625e+12;5.899016374607350586e+12;5.898929706515848633e+12;5.898839822989887695e+12;5.898746605479048828e+12;5.898649931118345703e+12;5.898549672575119141e+12;5.898445697890538086e+12;5.898337870316435547e+12;5.898226048147425781e+12;5.898110084546984375e+12;5.897989827365074219e+12;5.897865118955464844e+12;5.897735795982588867e+12;5.897601689223586914e+12;5.897462623363819336e+12;5.897318416786302734e+12;5.897168881355238281e+12;5.897013822189497070e+12;5.896853037433466797e+12;5.896686318017895508e+12;5.896513447413219727e+12;5.896334201378395508e+12;5.896148347697268555e+12;5.895955645912510742e+12;5.895755847046719727e+12;5.895548693320310547e+12;5.895333917854954102e+12;5.895111244375060547e+12;5.894880386896579102e+12;5.894641049408172852e+12;5.894392925543141602e+12;5.894135698245198242e+12;5.893869039420010742e+12;5.893592609580938477e+12;5.893306057487750977e+12;5.893009019769233398e+12;5.892701120543366211e+12;5.892381971023534180e+12;5.892051169117017578e+12;5.891708299013857422e+12;5.891352930764871094e+12;5.890984619853498047e+12;5.890602906752550781e+12;5.890207316476761719e+12;5.889797358124269531e+12;5.889372524406872070e+12;5.888932291173149414e+12;5.888476116923295898e+12;5.888003442312424805e+12;5.887513689648204102e+12;5.887006262378330078e+12;5.886480544570407227e+12;5.885935900385266602e+12;5.885371673540948242e+12;5.884787186772291992e+12;5.884181741282379883e+12;5.883554616189520508e+12;5.882905067967210938e+12;5.882232329881986328e+12;5.881535611425247070e+12;5.880814097743598633e+12;5.880066949065976562e+12;5.879293300129144531e+12;5.878492259605018555e+12;5.877662909524250977e+12;5.876804304707213867e+12;5.875915472191849609e+12;5.874995410671827148e+12;5.874043089934217773e+12;5.873057450308544922e+12;5.872037402122240234e+12;5.870981825165735352e+12;5.869889568170786133e+12;5.868759448299727539e+12;5.867590250653257812e+12;5.866380727791389648e+12;5.865129599276289062e+12;5.863835551235921875e+12;5.862497235949945312e+12;5.861113271462513672e+12;5.859682241221697266e+12;5.858202693750828125e+12;5.856673142351562500e+12;5.855092064843476562e+12;5.853457903340946289e+12;5.851769064071333008e+12;5.850023917237652344e+12;5.848220796926431641e+12;5.846358001067539062e+12;5.844433791444250977e+12;5.842446393760997070e+12;5.840393997767811523e+12;5.838274757450973633e+12;5.836086791283234375e+12;5.833828182547706055e+12;5.831496979731009766e+12;5.829091196990785156e+12;5.826608814705148438e+12;5.824047780097535156e+12;5.821406007953781250e+12;5.818681381420236328e+12;5.815871752897159180e+12;5.812974945024854492e+12;5.809988751766536133e+12;5.806910939591105469e+12;5.803739248758617188e+12;5.800471394708940430e+12;5.797105069562355469e+12;5.793637943723146484e+12;5.790067667599017578e+12;5.786391873432796875e+12;5.782608177246020508e+12;5.778714180901219727e+12;5.774707474277820312e+12;5.770585637565101562e+12;5.766346243672129883e+12;5.761986860754054688e+12
6.111241054878513672e+12;6.111183743527236328e+12;6.111124301387209961e+12;6.111062649558481445e+12;6.110998706244069336e+12;6.110932386645160156e+12;6.110863602852605469e+12;6.110792263735296875e+12;6.110718274824290039e+12;6.110641538192619141e+12;6.110561952331900391e+12;6.110479412024604492e+12;6.110393808209129883e+12;6.110305027845642578e+12;6.110212953772727539e+12;6.110117464560659180e+12;6.110018434361549805e+12;6.109915732750923828e+12;6.109809224566844727e+12;6.109698769743274414e+12;6.109584223135761719e+12;6.109465434346335938e+12;6.109342247534160156e+12;6.109214501230994141e+12;6.109082028141272461e+12;6.108944654940349609e+12;6.108802202065844727e+12;6.108654483501623047e+12;6.108501306554371094e+12;6.108342471625398438e+12;6.108177771972628906e+12;6.108006993467337891e+12;6.107829914342738281e+12;6.107646304933495117e+12;6.107455927410220703e+12;6.107258535503811523e+12;6.107053874222122070e+12;6.106841679558647461e+12;6.106621678192599609e+12;6.106393587180760742e+12;6.106157113639677734e+12;6.105911954420009766e+12;6.105657795770389648e+12;6.105394312994453125e+12;6.105121170096361328e+12;6.104838019418158203e+12;6.104544501266471680e+12;6.104240243532620117e+12;6.103924861298527344e+12;6.103597956437042969e+12;6.103259117200456055e+12;6.102907917799489258e+12;6.102543917972779297e+12;6.102166662547532227e+12;6.101775680988268555e+12;6.101370486937783203e+12;6.100950577748032227e+12;6.100515434001118164e+12;6.100064519021948242e+12;6.099597278380238281e+12;6.099113139384973633e+12;6.098611510569785156e+12;6.098091781169620117e+12;6.097553320589300781e+12;6.096995477864764648e+12;6.096417581115673828e+12;6.095818936993597656e+12;6.095198830121702148e+12;6.094556522529127930e+12;6.093891253079126953e+12;6.093202236896739258e+12;6.092488664785589844e+12;6.091749702648947266e+12;6.090984490902851562e+12;6.090192143891726562e+12;6.089371749300836914e+12;6.088522367572233398e+12;6.087643031319842773e+12;6.086732744749514648e+12;6.085790483081837891e+12;6.084815191982215820e+12;6.083805786997043945e+12;6.082761152998608398e+12;6.081680143640570312e+12;6.080561580824562500e+12;6.079404254181377930e+12;6.078206920567574219e+12;6.076968303578900391e+12;6.075687093083354492e+12;6.074361944779008789e+12;6.072991479766809570e+12;6.071574284162710938e+12;6.070108908726988281e+12;6.068593868530204102e+12;6.067027642650931641e+12;6.065408673910878906e+12;6.063735368647391602e+12;6.062006096529423828e+12;6.060219190417146484e+12;6.058372946267770508e+12;6.056465623094464844e+12;6.054495442977842773e+12;6.052460591131774414e+12;6.050359216033973633e+12;6.048189429613640625e+12;6.045949307510579102e+12;6.043636889401292969e+12;6.041250179396458008e+12;6.038787146518561523e+12;6.036245725254223633e+12;6.033623816192736328e+12;6.030919286748221680e+12;6.028129971971806641e+12;6.025253675454295898e+12;6.022288170327024414e+12;6.019231200357268555e+12;6.016080481144852539e+12;6.012833701426469727e+12;6.009488524479914062e+12;6.006042589640263672e+12;6.002493513926819336e+12;5.998838893778965820e+12;5.995076306910069336e+12;5.991203314274415039e+12;5.987217462149995117e+12;5.983116284339969727e+12;5.978897304490621094e+12;5.974558038526502930e+12
6.331043271518328125e+12;6.330986659078669922e+12;6.330927941576272461e+12;6.330867041044125977e+12;6.330803876651400391e+12;6.330738364598216797e+12;6.330670418010396484e+12;6.330599946827893555e+12;6.330526857689156250e+12;6.330451053814258789e+12;6.330372434880972656e+12;6.330290896898008789e+12;6.330206332073428711e+12;6.330118628680487305e+12;6.330027670914562500e+12;6.329933338750972656e+12;6.329835507791984375e+12;6.329734049113699219e+12;6.329628829105556641e+12;6.329519709304169922e+12;6.329406546221656250e+12;6.329289191170247070e+12;6.329167490078615234e+12;6.329041283303833984e+12;6.328910405436100586e+12;6.328774685098233398e+12;6.328633944737749023e+12;6.328488000413395508e+12;6.328336661573241211e+12;6.328179730827056641e+12;6.328017003712387695e+12;6.327848268450576172e+12;6.327673305697876953e+12;6.327491888286989258e+12;6.327303780963210938e+12;6.327108740109606445e+12;6.326906513466343750e+12;6.326696839840905273e+12;6.326479448808019531e+12;6.326254060406243164e+12;6.326020384818453125e+12;6.325778122049487305e+12;6.325526961591416992e+12;6.325266582080511719e+12;6.324996650945817383e+12;6.324716824045677734e+12;6.324426745297717773e+12;6.324126046297196289e+12;6.323814345926402344e+12;6.323491249953772461e+12;6.323156350623149414e+12;6.322809226233824219e+12;6.322449440710274414e+12;6.322076543160228516e+12;6.321690067426668945e+12;6.321289531625752930e+12;6.320874437677964844e+12;6.320444270826873047e+12;6.319998499151195312e+12;6.319536573064666992e+12;6.319057924809134766e+12;6.318561967935211914e+12;6.318048096778142578e+12;6.317515685921423828e+12;6.316964089654590820e+12;6.316392641421856445e+12;6.315800653264763672e+12;6.315187415254974609e+12;6.314552194923308594e+12;6.313894236683209961e+12;6.313212761245336914e+12;6.312506965031934570e+12;6.311776019582881836e+12;6.311019070964245117e+12;6.310235239168062500e+12;6.309423617516516602e+12;6.308583272061493164e+12;6.307713240989213867e+12;6.306812534022000977e+12;6.305880131827742188e+12;6.304914985430233398e+12;6.303916015627741211e+12;6.302882112418578125e+12;6.301812134433131836e+12;6.300704908380263672e+12;6.299559228503149414e+12;6.298373856049405273e+12;6.297147518758281250e+12;6.295878910365913086e+12;6.294566690128641602e+12;6.293209482368858398e+12;6.291805876048650391e+12;6.290354424364557617e+12;6.288853644376770508e+12;6.287302016666623047e+12;6.285697985028240234e+12;6.284039956200371094e+12;6.282326299633138672e+12;6.280555347301727539e+12;6.278725393562075195e+12;6.276834695057254883e+12;6.274881470672715820e+12;6.272863901549426758e+12;6.270780131149964844e+12;6.268628265389687500e+12;6.266406372829613281e+12;6.264112484936319336e+12;6.261744596413813477e+12;6.259300665607157227e+12;6.256778614985468750e+12;6.254176331702372070e+12;6.251491668243366211e+12;6.248722443157257812e+12;6.245866441878886719e+12;6.242921417644960938e+12;6.239885092504432617e+12;6.236755158431325195e+12;6.233529278535687500e+12;6.230205088380560547e+12;6.226780197407209961e+12;6.223252190467950195e+12;6.219618629470737305e+12;6.215877055137713867e+12;6.212024988877757812e+12;6.208059934776744141e+12;6.203979381703419922e+12;6.199780805533903320e+12;6.195461671496162109e+12
6.559543581584705078e+12;6.559487650865803711e+12;6.559429640184241211e+12;6.559369472484157227e+12;6.559307067876803711e+12;6.559242343539347656e+12;6.559175213607532227e+12;6.559105589066520508e+12;6.559033377636449219e+12;6.558958483657694336e+12;6.558880807965555664e+12;6.558800247767597656e+12;6.558716696511420898e+12;6.558630043752357422e+12;6.558540175012053711e+12;6.558446971636490234e+12;6.558350310646487305e+12;6.558250064584034180e+12;6.558146101353684570e+12;6.558038284057552734e+12;6.557926470827562500e+12;6.557810514647905273e+12;6.557690263174917969e+12;6.557565558550866211e+12;6.557436237209376953e+12;6.557302129676468750e+12;6.557163060365465820e+12;6.557018847363781250e+12;6.556869302213306641e+12;6.556714229685097656e+12;6.556553427544627930e+12;6.556386686313201172e+12;6.556213789017187500e+12;6.556034510934508789e+12;6.555848619329040039e+12;6.555655873180182617e+12;6.555456022902714844e+12;6.555248810058443359e+12;6.555033967059143555e+12;6.554811216861521484e+12;6.554580272653407227e+12;6.554340837529029297e+12;6.554092604158141602e+12;6.553835254444329102e+12;6.553568459172850586e+12;6.553291877650098633e+12;6.553005157334319336e+12;6.552707933454037109e+12;6.552399828620183594e+12;6.552080452423427734e+12;6.551749401025962891e+12;6.551406256741723633e+12;6.551050587604677734e+12;6.550681946929858398e+12;6.550299872861246094e+12;6.549903887912462891e+12;6.549493498495961914e+12;6.549068194440836914e+12;6.548627448503596680e+12;6.548170715866711914e+12;6.547697433628427734e+12;6.547207020283206055e+12;6.546698875192497070e+12;6.546172378046888672e+12;6.545626888318534180e+12;6.545061744707606445e+12;6.544476264577304688e+12;6.543869743384711914e+12;6.543241454101573242e+12;6.542590646630609375e+12;6.541916547215470703e+12;6.541218357843433594e+12;6.540495255646571289e+12;6.539746392296606445e+12;6.538970893397751953e+12;6.538167857876910156e+12;6.537336357371927734e+12;6.536475435622229492e+12;6.535584107857052734e+12;6.534661360188177734e+12;6.533706149004109375e+12;6.532717400370877930e+12;6.531694009436744141e+12;6.530634839846346680e+12;6.529538723163169922e+12;6.528404458301535156e+12;6.527230810974576172e+12;6.526016513151461914e+12;6.524760262537643555e+12;6.523460722065849609e+12;6.522116519413929688e+12;6.520726246541191406e+12;6.519288459251707031e+12;6.517801676785407227e+12;6.516264381435262695e+12;6.514675018201868164e+12;6.513031994479232422e+12;6.511333679778616211e+12;6.509578405494724609e+12;6.507764464712877930e+12;6.505890112063192383e+12;6.503953563625129883e+12;6.501952996880667969e+12;6.499886550727184570e+12;6.497752325546479492e+12;6.495548383334253906e+12;6.493272747898031250e+12;6.490923405118577148e+12;6.488498303288400391e+12;6.485995353519252930e+12;6.483412430231637695e+12;6.480747371724580078e+12;6.477997980829860352e+12;6.475162025652790039e+12;6.472237240408154297e+12;6.469221326344316406e+12;6.466111952770049805e+12;6.462906758178551758e+12;6.459603351474047852e+12;6.456199313306809570e+12;6.452692197511666016e+12;6.449079532661650391e+12;6.445358823731882812e+12;6.441527553876282227e+12;6.437583186322994141e+12;6.433523166385759766e+12;6.429344923593811523e+12;6.425045873940005859e+12
6.797103883548601562e+12;6.797048617271255859e+12;6.796991295501719727e+12;6.796931842072338867e+12;6.796870178014918945e+12;6.796806221457553711e+12;6.796739887522343750e+12;6.796671088213989258e+12;6.796599732309038086e+12;6.796525725239101562e+12;6.796448968970512695e+12;6.796369361879401367e+12;6.796286798624237305e+12;6.796201170010427734e+12;6.796112362854229492e+12;6.796020259840135742e+12;6.795924739373149414e+12;6.795825675425520508e+12;6.795722937381524414e+12;6.795616389872680664e+12;6.795505892610498047e+12;6.795391300212125000e+12;6.795272462022336914e+12;6.795149221924835938e+12;6.795021418155054688e+12;6.794888883097687500e+12;6.794751443086412109e+12;6.794608918189699219e+12;6.794461121995935547e+12;6.794307861387235352e+12;6.794148936307490234e+12;6.793984139524664062e+12;6.793813256382235352e+12;6.793636064548155273e+12;6.793452333749020508e+12;6.793261825503368164e+12;6.793064292840794922e+12;6.792859480017638672e+12;6.792647122219533203e+12;6.792426945259702148e+12;6.792198665265623047e+12;6.791961988355365234e+12;6.791716610309749023e+12;6.791462216229079102e+12;6.791198480186204102e+12;6.790925064864275391e+12;6.790641621189600586e+12;6.790347787951150391e+12;6.790043191412477539e+12;6.789727444912012695e+12;6.789400148453548828e+12;6.789060888287125000e+12;6.788709236478800781e+12;6.788344750469659180e+12;6.787966972627107422e+12;6.787575429781293945e+12;6.787169632755248047e+12;6.786749075883564453e+12;6.786313236518564453e+12;6.785861574530826172e+12;6.785393531794766602e+12;6.784908531667204102e+12;6.784405978456899414e+12;6.783885256882033203e+12;6.783345731521105469e+12;6.782786746252434570e+12;6.782207623687914062e+12;6.781607664595991211e+12;6.780986147319198242e+12;6.780342327182696289e+12;6.779675435896180664e+12;6.778984680952831055e+12;6.778269245017957031e+12;6.777528285316052734e+12;6.776760933013747070e+12;6.775966292599072266e+12;6.775143441258394531e+12;6.774291428251547852e+12;6.773409274289777344e+12;6.772495970909959961e+12;6.771550479855578125e+12;6.770571732458108398e+12;6.769558629023832031e+12;6.768510038228380859e+12;6.767424796517328125e+12;6.766301707515989258e+12;6.765139541453192383e+12;6.763937034593690430e+12;6.762692888687548828e+12;6.761405770438506836e+12;6.760074310985713867e+12;6.758697105411254883e+12;6.757272712267904297e+12;6.755799653133723633e+12;6.754276412194915039e+12;6.752701435856106445e+12;6.751073132387815430e+12;6.749389871606089844e+12;6.747649984591397461e+12;6.745851763450550781e+12;6.743993461118405273e+12;6.742073291211489258e+12;6.740089427927483398e+12;6.738040006000051758e+12;6.735923120709012695e+12;6.733736827951762695e+12;6.731479144372527344e+12;6.729148047563055664e+12;6.726741476329043945e+12;6.724257331030682617e+12;6.721693473997380859e+12;6.719047730024042969e+12;6.716317886945665039e+12;6.713501696303133789e+12;6.710596874094049805e+12;6.707601101614537109e+12;6.704512026401722656e+12;6.701327263268852539e+12;6.698044395445304688e+12;6.694660975817219727e+12;6.691174528278980469e+12;6.687582549189896484e+12;6.683882508944013672e+12;6.680071853654379883e+12;6.676148006949757812e+12;6.672108371892262695e+12;6.667950333008712891e+12;6.663671258445980469e+12
7.044098653856323242e+12;7.044044034649875977e+12;7.043987383787591797e+12;7.043928625967939453e+12;7.043867683118883789e+12;7.043804474297313477e+12;7.043738915584842773e+12;7.043670919981478516e+12;7.043600397292113281e+12;7.043527254013012695e+12;7.043451393213307617e+12;7.043372714408200195e+12;7.043291113435551758e+12;7.043206482321263672e+12;7.043118709143600586e+12;7.043027677892097656e+12;7.042933268320860352e+12;7.042835355798659180e+12;7.042733811151257812e+12;7.042628500502676758e+12;7.042519285105133789e+12;7.042406021169568359e+12;7.042288559686224609e+12;7.042166746240027344e+12;7.042040420822438477e+12;7.041909417632955078e+12;7.041773564878526367e+12;7.041632684562582031e+12;7.041486592269863281e+12;7.041335096943541992e+12;7.041178000653737305e+12;7.041015098362495117e+12;7.040846177676379883e+12;7.040671018596358398e+12;7.040489393255249023e+12;7.040301065650418945e+12;7.040105791367583984e+12;7.039903317294081055e+12;7.039693381328124023e+12;7.039475712073685547e+12;7.039250028530132812e+12;7.039016039773944336e+12;7.038773444626015625e+12;7.038521931314918945e+12;7.038261177127060547e+12;7.037990848049737305e+12;7.037710598402289062e+12;7.037420070457999023e+12;7.037118894056280273e+12;7.036806686203813477e+12;7.036483050666182617e+12;7.036147577549746094e+12;7.035799842869370117e+12;7.035439408111071289e+12;7.035065819779863281e+12;7.034678608939156250e+12;7.034277290737937500e+12;7.033861363929394531e+12;7.033430310377734375e+12;7.032983594553374023e+12;7.032520663020887695e+12;7.032040943914930664e+12;7.031543846404810547e+12;7.031028760151377930e+12;7.030495054754277344e+12;7.029942079187203125e+12;7.029369161227677734e+12;7.028775606876169922e+12;7.028160699765693359e+12;7.027523700567099609e+12;7.026863846383685547e+12;7.026180350141090820e+12;7.025472399970032227e+12;7.024739158583387695e+12;7.023979762650024414e+12;7.023193322162758789e+12;7.022378919804098633e+12;7.021535610310241211e+12;7.020662419833120117e+12;7.019758345302816406e+12;7.018822353790301758e+12;7.017853381874523438e+12;7.016850335009883789e+12;7.015812086901596680e+12;7.014737478885067383e+12;7.013625319316674805e+12;7.012474382969214844e+12;7.011283410444809570e+12;7.010051107594535156e+12;7.008776144958340820e+12;7.007457157220116211e+12;7.006092742681205078e+12;7.004681462756340820e+12;7.003221841493375000e+12;7.001712365118296875e+12;7.000151481608198242e+12;6.998537600296963867e+12;6.996869091512857422e+12;6.995144286253619141e+12;6.993361475899389648e+12;6.991518911968602539e+12;6.989614805917351562e+12;6.987647328988288086e+12;6.985614612108510742e+12;6.983514745843403320e+12;6.981345780405133789e+12;6.979105725723908203e+12;6.976792551580878906e+12;6.974404187809863281e+12;6.971938524566262695e+12;6.969393412673049805e+12;6.966766664040900391e+12;6.964056052169584961e+12;6.961259312732976562e+12;6.958374144250124023e+12;6.955398208847114258e+12;6.952329133110992188e+12;6.949164509041932617e+12;6.945901895102646484e+12;6.942538817370895508e+12;6.939072770798113281e+12;6.935501220573540039e+12;6.931821603600425781e+12;6.928031330083472656e+12;6.924127785232010742e+12;6.920108331078369141e+12;6.915970308413477539e+12;6.911711038845325195e+12
7.300915025765836914e+12;7.300861036165612305e+12;7.300805038108075195e+12;7.300746957134532227e+12;7.300686716046805664e+12;7.300624234804067383e+12;7.300559430424700195e+12;7.300492216876112305e+12;7.300422504965848633e+12;7.300350202226849609e+12;7.300275212801047852e+12;7.300197437315480469e+12;7.300116772755421875e+12;7.300033112335582031e+12;7.299946345363547852e+12;7.299856357100458984e+12;7.299763028615326172e+12;7.299666236636339844e+12;7.299565853395511719e+12;7.299461746469335938e+12;7.299353778613223633e+12;7.299241807590287109e+12;7.299125685994188477e+12;7.299005261068773438e+12;7.298880374516770508e+12;7.298750862307406250e+12;7.298616554473735352e+12;7.298477274904874023e+12;7.298332841132961914e+12;7.298183064110378906e+12;7.298027747982015625e+12;7.297866689849399414e+12;7.297699679525987305e+12;7.297526499289281250e+12;7.297346923619123047e+12;7.297160718932365234e+12;7.296967643308608398e+12;7.296767446204484375e+12;7.296559868163291016e+12;7.296344640514936523e+12;7.296121485064033203e+12;7.295890113773127930e+12;7.295650228434206055e+12;7.295401520329921875e+12;7.295143669888274414e+12;7.294876346323632812e+12;7.294599207271549805e+12;7.294311898410537109e+12;7.294014053075923828e+12;7.293705291861814453e+12;7.293385222213218750e+12;7.293053438006922852e+12;7.292709519122905273e+12;7.292353031004982422e+12;7.291983524209305664e+12;7.291600533942625977e+12;7.291203579591837891e+12;7.290792164238324219e+12;7.290365774166277344e+12;7.289923878356562500e+12;7.289465927972029297e+12;7.288991355832687500e+12;7.288499575876745117e+12;7.287989982617332031e+12;7.287461950582803711e+12;7.286914833752375000e+12;7.286347964980239258e+12;7.285760655408220703e+12;7.285152193874658203e+12;7.284521846309639648e+12;7.283868855126791992e+12;7.283192438603033203e+12;7.282491790255891602e+12;7.281766078211153320e+12;7.281014444567694336e+12;7.280236004755077148e+12;7.279429846888562500e+12;7.278595031120545898e+12;7.277730588991430664e+12;7.276835522774903320e+12;7.275908804829311523e+12;7.274949376945012695e+12;7.273956149697317383e+12;7.272928001801504883e+12;7.271863779474264648e+12;7.270762295799685547e+12;7.269622330105290039e+12;7.268442627348781250e+12;7.267221897513983398e+12;7.265958815022133789e+12;7.264652018157811523e+12;7.263300108513189453e+12;7.261901650451099609e+12;7.260455170589681641e+12;7.258959157312716797e+12;7.257412060306378906e+12;7.255812290122051758e+12;7.254158217774925781e+12;7.252448174373502930e+12;7.250680450787573242e+12;7.248853297356992188e+12;7.246964923640899414e+12;7.245013498213096680e+12;7.242997148507557617e+12;7.240913960714569336e+12;7.238761979730463867e+12;7.236539209168290039e+12;7.234243611426728516e+12;7.231873107826585938e+12;7.229425578811732422e+12;7.226898864224216797e+12;7.224290763653260742e+12;7.221599036860409180e+12;7.218821404286609375e+12;7.215955547647550781e+12;7.212999110609790039e+12;7.209949699564778320e+12;7.206804884491910156e+12;7.203562199925286133e+12;7.200219146011668945e+12;7.196773189681199219e+12;7.193221765918896484e+12;7.189562279145436523e+12;7.185792104710865234e+12;7.181908590501307617e+12;7.177909058658990234e+12;7.173790807422805664e+12;7.169551113085854492e+12
7.567952848646306641e+12;7.567899471093447266e+12;7.567844107640096680e+12;7.567786684647349609e+12;7.567727125765885742e+12;7.567665351835029297e+12;7.567601280781883789e+12;7.567534827516590820e+12;7.567465903821502930e+12;7.567394418238674805e+12;7.567320275954331055e+12;7.567243378675394531e+12;7.567163624505401367e+12;7.567080907816086914e+12;7.566995119110929688e+12;7.566906144888305664e+12;7.566813867497033203e+12;7.566718164988725586e+12;7.566618910964181641e+12;7.566515974414057617e+12;7.566409219556143555e+12;7.566298505664859375e+12;7.566183686896683594e+12;7.566064612108138672e+12;7.565941124671000000e+12;7.565813062275250000e+12;7.565680256733528320e+12;7.565542533771977539e+12;7.565399712819148438e+12;7.565251606785236328e+12;7.565098021835007812e+12;7.564938757154539062e+12;7.564773604708921875e+12;7.564602348993061523e+12;7.564424766774329102e+12;7.564240626828478516e+12;7.564049689664676758e+12;7.563851707244262695e+12;7.563646422691215820e+12;7.563433569991686523e+12;7.563212873686303711e+12;7.562984048554264648e+12;7.562746799283797852e+12;7.562500820138130859e+12;7.562245794609075195e+12;7.561981395062018555e+12;7.561707282368544922e+12;7.561423105531747070e+12;7.561128501300618164e+12;7.560823093771520508e+12;7.560506493982957031e+12;7.560178299496230469e+12;7.559838093967530273e+12;7.559485446708594727e+12;7.559119912234815430e+12;7.558741029806178711e+12;7.558348322950920898e+12;7.557941298986559570e+12;7.557519448521580078e+12;7.557082244950422852e+12;7.556629143939069336e+12;7.556159582894273438e+12;7.555672980427038086e+12;7.555168735802820312e+12;7.554646228383448242e+12;7.554104817055806641e+12;7.553543839652349609e+12;7.552962612362619141e+12;7.552360429133299805e+12;7.551736561060796875e+12;7.551090255775355469e+12;7.550420736815433594e+12;7.549727202996722656e+12;7.549008827771880859e+12;7.548264758586921875e+12;7.547494116227991211e+12;7.546695994167179688e+12;7.545869457901167969e+12;7.545013544290598633e+12;7.544127260892093750e+12;7.543209585292802734e+12;7.542259464445214844e+12;7.541275814001223633e+12;7.540257517649986328e+12;7.539203426458719727e+12;7.538112358220633789e+12;7.536983096805901367e+12;7.535814391528560547e+12;7.534604956511880859e+12;7.533353470080486328e+12;7.532058574151628906e+12;7.530718873653763672e+12;7.529332935956285156e+12;7.527899290322218750e+12;7.526416427382945312e+12;7.524882798637645508e+12;7.523296815977754883e+12;7.521656851245595703e+12;7.519961235820156250e+12;7.518208260241088867e+12;7.516396173869951172e+12;7.514523184591226562e+12;7.512587458556082031e+12;7.510587119974857422e+12;7.508520250957868164e+12;7.506384891407494141e+12;7.504179038968036133e+12;7.501900649033078125e+12;7.499547634817586914e+12;7.497117867491964844e+12;7.494609176387172852e+12;7.492019349272622070e+12;7.489346132708164062e+12;7.486587232475703125e+12;7.483740314093191406e+12;7.480803003414970703e+12;7.477772887318611328e+12;7.474647514488233398e+12;7.471424396287773438e+12;7.468101007738145508e+12;7.464674788592791016e+12;7.461143144517688477e+12;7.457503448380096680e+12;7.453753041645768555e+12;7.449889235890152344e+12;7.445909314421531250e+12;7.441810534023035156e+12;7.437590126812631836e+12
7.845624728853923828e+12;7.845571945698674805e+12;7.845517198552545898e+12;7.845460414575050781e+12;7.845401518240976562e+12;7.845340431244624023e+12;7.845277072397516602e+12;7.845211357524561523e+12;7.845143199356458008e+12;7.845072507416079102e+12;7.844999187903677734e+12;7.844923143577188477e+12;7.844844273626816406e+12;7.844762473547902344e+12;7.844677635007836914e+12;7.844589645707227539e+12;7.844498389239745117e+12;7.844403744943240234e+12;7.844305587749183594e+12;7.844203788023736328e+12;7.844098211406935547e+12;7.843988718642833984e+12;7.843875165407480469e+12;7.843757402126183594e+12;7.843635273793044922e+12;7.843508619773840820e+12;7.843377273611216797e+12;7.843241062818878906e+12;7.843099808669712891e+12;7.842953325978848633e+12;7.842801422877883789e+12;7.842643900580937500e+12;7.842480553146419922e+12;7.842311167228146484e+12;7.842135521820786133e+12;7.841953387994461914e+12;7.841764528625893555e+12;7.841568698114346680e+12;7.841365642096640625e+12;7.841155097146462891e+12;7.840936790469364258e+12;7.840710439587056641e+12;7.840475752010726562e+12;7.840232424907565430e+12;7.839980144755722656e+12;7.839718586989850586e+12;7.839447415637689453e+12;7.839166282942599609e+12;7.838874828981896484e+12;7.838572681268446289e+12;7.838259454345195312e+12;7.837934749368019531e+12;7.837598153677163086e+12;7.837249240360189453e+12;7.836887567796360352e+12;7.836512679201514648e+12;7.836124102151493164e+12;7.835721348098218750e+12;7.835303911875407227e+12;7.834871271191478516e+12;7.834422886112118164e+12;7.833958198529649414e+12;7.833476631624269531e+12;7.832977589311923828e+12;7.832460455682235352e+12;7.831924594425889648e+12;7.831369348251011719e+12;7.830794038290189453e+12;7.830197963495769531e+12;7.829580400028646484e+12;7.828940600634056641e+12;7.828277794013017578e+12;7.827591184180640625e+12;7.826879949820726562e+12;7.826143243631698242e+12;7.825380191666593750e+12;7.824589892665534180e+12;7.823771417385755859e+12;7.822923807926780273e+12;7.822046077051027344e+12;7.821137207504820312e+12;7.820196151336222656e+12;7.819221829214372070e+12;7.818213129746916992e+12;7.817168908807147461e+12;7.816087988856174805e+12;7.814969158279165039e+12;7.813811170720240234e+12;7.812612744434614258e+12;7.811372561644872070e+12;7.810089267911263672e+12;7.808761471519183594e+12;7.807387742877869141e+12;7.805966613942041992e+12;7.804496577650424805e+12;7.802976087391235352e+12;7.801403556487413086e+12;7.799777357716255859e+12;7.798095822852335938e+12;7.796357242250629883e+12;7.794559864457088867e+12;7.792701895865614258e+12;7.790781500410518555e+12;7.788796799306940430e+12;7.786745870836050781e+12;7.784626750181503906e+12;7.782437429321017578e+12;7.780175856972092773e+12;7.777839938597992188e+12;7.775427536480156250e+12;7.772936469852851562e+12;7.770364515111103516e+12;7.767709406089913086e+12;7.764968834421314453e+12;7.762140449970740234e+12;7.759221861357660156e+12;7.756210636562363281e+12;7.753104303622660156e+12;7.749900351424875977e+12;7.746596230590962891e+12;7.743189354463630859e+12;7.739677100198222656e+12;7.736056809954453125e+12;7.732325792202766602e+12;7.728481323136134766e+12;7.724520648198172852e+12;7.720440983727095703e+12;7.716239518714999023e+12
8.134356053637930664e+12;8.134303847141467773e+12;8.134249697915074219e+12;8.134193533890642578e+12;8.134135280345042969e+12;8.134074859801587891e+12;8.134012191930324219e+12;8.133947193445511719e+12;8.133879777996857422e+12;8.133809856060043945e+12;8.133737334820693359e+12;8.133662118056079102e+12;8.133584106012214844e+12;8.133503195275619141e+12;8.133419278642944336e+12;8.133332244983479492e+12;8.133241979098476562e+12;8.133148361576568359e+12;8.133051268640181641e+12;8.132950571992725586e+12;8.132846138654613281e+12;8.132737830797816406e+12;8.132625505574192383e+12;8.132509014934708984e+12;8.132388205448039062e+12;8.132262918108376953e+12;8.132132988139353516e+12;8.131998244791196289e+12;8.131858511130888672e+12;8.131713603823868164e+12;8.131563332912146484e+12;8.131407501582306641e+12;8.131245905927419922e+12;8.131078334700036133e+12;8.130904569059334961e+12;8.130724382308295898e+12;8.130537539623672852e+12;8.130343797777350586e+12;8.130142904848219727e+12;8.129934599928507812e+12;8.129718612815208008e+12;8.129494663698336914e+12;8.129262462835570312e+12;8.129021710219756836e+12;8.128772095235408203e+12;8.128513296305952148e+12;8.128244980529137695e+12;8.127966803305095703e+12;8.127678407950489258e+12;8.127379425305888672e+12;8.127069473327795898e+12;8.126748156673324219e+12;8.126415066273496094e+12;8.126069778891854492e+12;8.125711856677344727e+12;8.125340846700915039e+12;8.124956280483364258e+12;8.124557673509519531e+12;8.124144524735349609e+12;8.123716316076797852e+12;8.123272511892669922e+12;8.122812558454619141e+12;8.122335883401890625e+12;8.121841895192562500e+12;8.121329982534874023e+12;8.120799513812613281e+12;8.120249836499347656e+12;8.119680276559195312e+12;8.119090137840942383e+12;8.118478701458625000e+12;8.117845225164964844e+12;8.117188942712561523e+12;8.116509063209853516e+12;8.115804770466150391e+12;8.115075222328334961e+12;8.114319550012909180e+12;8.113536857429682617e+12;8.112726220499346680e+12;8.111886686467716797e+12;8.111017273213649414e+12;8.110116968556725586e+12;8.109184729559291992e+12;8.108219481831735352e+12;8.107220118832606445e+12;8.106185501174973633e+12;8.105114455933460938e+12;8.104005775955168945e+12;8.102858219176214844e+12;8.101670507948356445e+12;8.100441328369037109e+12;8.099169329628178711e+12;8.097853123363943359e+12;8.096491283034260742e+12;8.095082343304693359e+12;8.093624799455332031e+12;8.092117106809637695e+12;8.090557680184506836e+12;8.088944893367496094e+12;8.087277078623653320e+12;8.085552526230106445e+12;8.083769484047466797e+12;8.081926157124956055e+12;8.080020707346815430e+12;8.078051253119437500e+12;8.076015869104142578e+12;8.073912585998402344e+12;8.071739390367843750e+12;8.069494224532454102e+12;8.067174986512211914e+12;8.064779530029931641e+12;8.062305664584155273e+12;8.059751155584147461e+12;8.057113724558333984e+12;8.054391049437788086e+12;8.051580764917261719e+12;8.048680462895449219e+12;8.045687693001393555e+12;8.042599963209931641e+12;8.039414740546375977e+12;8.036129451886934570e+12;8.032741484855649414e+12;8.029248188824161133e+12;8.025646876012124023e+12;8.021934822698510742e+12;8.018109270538487305e+12;8.014167427993675781e+12;8.010106471878810547e+12;8.005923549022337891e+12
8.434584999828648438e+12;8.434533352170985352e+12;8.434479782389535156e+12;8.434424219167842773e+12;8.434366588558137695e+12;8.434306813888259766e+12;8.434244815661343750e+12;8.434180511453155273e+12;8.434113815805664062e+12;8.434044640117271484e+12;8.433972892530321289e+12;8.433898477809938477e+12;8.433821297226259766e+12;8.433741248424161133e+12;8.433658225295981445e+12;8.433572117843720703e+12;8.433482812041708984e+12;8.433390189689308594e+12;8.433294128263743164e+12;8.433194500763441406e+12;8.433091175549964844e+12;8.432984016180054688e+12;8.432872881236696289e+12;8.432757624151742188e+12;8.432638093021972656e+12;8.432514130421137695e+12;8.432385573205594727e+12;8.432252252309958984e+12;8.432113992541403320e+12;8.431970612362538086e+12;8.431821923670128906e+12;8.431667731565085938e+12;8.431507834115396484e+12;8.431342022112068359e+12;8.431170078815765625e+12;8.430991779696412109e+12;8.430806892166056641e+12;8.430615175299463867e+12;8.430416379549476562e+12;8.430210246452003906e+12;8.429996508323180664e+12;8.429774887945220703e+12;8.429545098244305664e+12;8.429306841959839844e+12;8.429059811300147461e+12;8.428803687592585938e+12;8.428538140921016602e+12;8.428262829753391602e+12;8.427977400557033203e+12;8.427681487407069336e+12;8.427374711580628906e+12;8.427056681140960938e+12;8.426726990510525391e+12;8.426385220032481445e+12;8.426030935521664062e+12;8.425663687801266602e+12;8.425283012232885742e+12;8.424888428228649414e+12;8.424479438756840820e+12;8.424055529832511719e+12;8.423616169997202148e+12;8.423160809787684570e+12;8.422688881191533203e+12;8.422199797092022461e+12;8.421692950700701172e+12;8.421167714979301758e+12;8.420623442048151367e+12;8.420059462588043945e+12;8.419475085224702148e+12;8.418869595908625977e+12;8.418242257281264648e+12;8.417592308031647461e+12;8.416918962244138672e+12;8.416221408737916016e+12;8.415498810394663086e+12;8.414750303483116211e+12;8.413974996970156250e+12;8.413171971833428711e+12;8.412340280358636719e+12;8.411478945438916992e+12;8.410586959868196289e+12;8.409663285629035156e+12;8.408706853180814453e+12;8.407716560748186523e+12;8.406691273604178711e+12;8.405629823361336914e+12;8.404531007262345703e+12;8.403393587474013672e+12;8.402216290390313477e+12;8.400997805940255859e+12;8.399736786906658203e+12;8.398431848254636719e+12;8.397081566474088867e+12;8.395684478936860352e+12;8.394239083271854492e+12;8.392743836755321289e+12;8.391197155730564453e+12;8.389597415043088867e+12;8.387942947507311523e+12;8.386232043402104492e+12;8.384462949993334961e+12;8.382633871097450195e+12;8.380742966676973633e+12;8.378788352477480469e+12;8.376768099709117188e+12;8.374680234770646484e+12;8.372522739027061523e+12;8.370293548634379883e+12;8.367990554424831055e+12;8.365611601847049805e+12;8.363154490969919922e+12;8.360616976550093750e+12;8.357996768172983398e+12;8.355291530459212891e+12;8.352498883350149414e+12;8.349616402475265625e+12;8.346641619593683594e+12;8.343572023131343750e+12;8.340405058799026367e+12;8.337138130307789062e+12;8.333768600178108398e+12;8.330293790648125000e+12;8.326710984684668945e+12;8.323017427096947266e+12;8.319210325761957031e+12;8.315286852956683594e+12;8.311244146805180664e+12;8.307079312842644531e+12
8.746762529400376953e+12;8.746711422686643555e+12;8.746658413799579102e+12;8.746603432147744141e+12;8.746546404537343750e+12;8.746487255074094727e+12;8.746425905067666992e+12;8.746362272928213867e+12;8.746296274062088867e+12;8.746227820762730469e+12;8.746156822096609375e+12;8.746083183788219727e+12;8.746006808097816406e+12;8.745927593696600586e+12;8.745845435537601562e+12;8.745760224721453125e+12;8.745671848356524414e+12;8.745580189417636719e+12;8.745485126596214844e+12;8.745386534146451172e+12;8.745284281728387695e+12;8.745178234241010742e+12;8.745068251654869141e+12;8.744954188835058594e+12;8.744835895361202148e+12;8.744713215337116211e+12;8.744585987200874023e+12;8.744454043520337891e+12;8.744317210789631836e+12;8.744175309213716797e+12;8.744028152486552734e+12;8.743875547564860352e+12;8.743717294432502930e+12;8.743553185855444336e+12;8.743383007132784180e+12;8.743206535836439453e+12;8.743023541545705078e+12;8.742833785568249023e+12;8.742637020659828125e+12;8.742432990727642578e+12;8.742221430530367188e+12;8.742002065365718750e+12;8.741774610749079102e+12;8.741538772083535156e+12;8.741294244319559570e+12;8.741040711602565430e+12;8.740777846914851562e+12;8.740505311701144531e+12;8.740222755488606445e+12;8.739929815493175781e+12;8.739626116215856445e+12;8.739311269027638672e+12;8.738984871742884766e+12;8.738646508181634766e+12;8.738295747719532227e+12;8.737932144828243164e+12;8.737555238599724609e+12;8.737164552263350586e+12;8.736759592689248047e+12;8.736339849876281250e+12;8.735904796434040039e+12;8.735453887048101562e+12;8.734986557934543945e+12;8.734502226283465820e+12;8.734000289689281250e+12;8.733480125567162109e+12;8.732941090564232422e+12;8.732382519951334961e+12;8.731803727007858398e+12;8.731204002395956055e+12;8.730582613521147461e+12;8.729938803882721680e+12;8.729271792417374023e+12;8.728580772829149414e+12;8.727864912911405273e+12;8.727123353861653320e+12;8.726355209585374023e+12;8.725559565994511719e+12;8.724735480299790039e+12;8.723881980293223633e+12;8.722998063630931641e+12;8.722082697106931641e+12;8.721134815926253906e+12;8.720153322976899414e+12;8.719137088096471680e+12;8.718084947345500977e+12;8.716995702274806641e+12;8.715868119203687500e+12;8.714700928496662109e+12;8.713492823848847656e+12;8.712242461578183594e+12;8.710948459928858398e+12;8.709609398383756836e+12;8.708223816991221680e+12;8.706790215708484375e+12;8.705307053760117188e+12;8.703772749017968750e+12;8.702185677403120117e+12;8.700544172311070312e+12;8.698846524064537109e+12;8.697090979397291992e+12;8.695275740968036133e+12;8.693398966909509766e+12;8.691458770416579102e+12;8.689453219375963867e+12;8.687380336036366211e+12;8.685238096728332031e+12;8.683024431633747070e+12;8.680737224606945312e+12;8.678374313055087891e+12;8.675933487873277344e+12;8.673412493449310547e+12;8.670809027730125977e+12;8.668120742358337891e+12;8.665345242884645508e+12;8.662480089055382812e+12;8.659522795178389648e+12;8.656470830577037109e+12;8.653321620125500000e+12;8.650072544878810547e+12;8.646720942795043945e+12;8.643264109553444336e+12;8.639699299474748047e+12;8.636023726541024414e+12;8.632234565526519531e+12;8.628328953233712891e+12;8.624303989843114258e+12;8.620156740376364258e+12
9.071352374317148438e+12;9.071301790588591797e+12;9.071249323976486328e+12;9.071194904593433594e+12;9.071138459971974609e+12;9.071079914971585938e+12;9.071019191681769531e+12;9.070956209320085938e+12;9.070890884128595703e+12;9.070823129265835938e+12;9.070752854693710938e+12;9.070679967063738281e+12;9.070604369594796875e+12;9.070525961950464844e+12;9.070444640110187500e+12;9.070360296236851562e+12;9.070272818537207031e+12;9.070182091122388672e+12;9.070087993859335938e+12;9.069990402216919922e+12;9.069889187111716797e+12;9.069784214741380859e+12;9.069675346419511719e+12;9.069562438399082031e+12;9.069445341692716797e+12;9.069323901886779297e+12;9.069197958949464844e+12;9.069067347030152344e+12;9.068931894255789062e+12;9.068791422516824219e+12;9.068645747248322266e+12;9.068494677203970703e+12;9.068338014220660156e+12;9.068175552978218750e+12;9.068007080749183594e+12;9.067832377140695312e+12;9.067651213829894531e+12;9.067463354288794922e+12;9.067268553501980469e+12;9.067066557674226562e+12;9.066857103930578125e+12;9.066639920004482422e+12;9.066414723920642578e+12;9.066181223663046875e+12;9.065939116838103516e+12;9.065688090323542969e+12;9.065427819908351562e+12;9.065157969924285156e+12;9.064878192864257812e+12;9.064588128988355469e+12;9.064287405923248047e+12;9.063975638246914062e+12;9.063652427062904297e+12;9.063317359563398438e+12;9.062970008578054688e+12;9.062609932115611328e+12;9.062236672889244141e+12;9.061849757831671875e+12;9.061448697597187500e+12;9.061032986053220703e+12;9.060602099757675781e+12;9.060155497422423828e+12;9.059692619371445312e+12;9.059212886974937500e+12;9.058715702083253906e+12;9.058200446440460938e+12;9.057666481088859375e+12;9.057113145760738281e+12;9.056539758258507812e+12;9.055945613823656250e+12;9.055329984492863281e+12;9.054692118444041016e+12;9.054031239332605469e+12;9.053346545614996094e+12;9.052637209864138672e+12;9.051902378073593750e+12;9.051141168955955078e+12;9.050352673229822266e+12;9.049535952900066406e+12;9.048690040532630859e+12;9.047813938521029297e+12;9.046906618348972656e+12;9.045967019848986328e+12;9.044994050456236328e+12;9.043986584463242188e+12;9.042943462269455078e+12;9.041863489633964844e+12;9.040745436930730469e+12;9.039588038403794922e+12;9.038389991430453125e+12;9.037149955786546875e+12;9.035866552925457031e+12;9.034538365260185547e+12;9.033163935464664062e+12;9.031741765781111328e+12;9.030270317347339844e+12;9.028748009543148438e+12;9.027173219353337891e+12;9.025544280755849609e+12;9.023859484132773438e+12;9.022117075712929688e+12;9.020315257038486328e+12;9.018452184470978516e+12;9.016525968728843750e+12;9.014534674464355469e+12;9.012476319883832031e+12;9.010348876410763672e+12;9.008150268396871094e+12;9.005878372885062500e+12;9.003531019425001953e+12;9.001105989948623047e+12;8.998601018703117188e+12;8.996013792250634766e+12;8.993341949534195312e+12;8.990583082016208984e+12;8.987734733888691406e+12;8.984794402362826172e+12;8.981759538041677734e+12;8.978627545374152344e+12;8.975395783199054688e+12;8.972061565381107422e+12;8.968622161540945312e+12;8.965074797881574219e+12;8.961416658122425781e+12;8.957644884527832031e+12;8.953756579052193359e+12;8.949748804590580078e+12;8.945618586343324219e+12
9.408831013369554688e+12;9.408780934615207031e+12;9.408728991605734375e+12;9.408675115132193359e+12;9.408619233429703125e+12;9.408561272085732422e+12;9.408501153942652344e+12;9.408438798998773438e+12;9.408374124302902344e+12;9.408307043849435547e+12;9.408237468465535156e+12;9.408165305697730469e+12;9.408090459691439453e+12;9.408012831068804688e+12;9.407932316801207031e+12;9.407848810076355469e+12;9.407762200165099609e+12;9.407672372274294922e+12;9.407579207406919922e+12;9.407482582206126953e+12;9.407382368802429688e+12;9.407278434648964844e+12;9.407170642356351562e+12;9.407058849518681641e+12;9.406942908534482422e+12;9.406822666422332031e+12;9.406697964629425781e+12;9.406568638833994141e+12;9.406434518740320312e+12;9.406295427868671875e+12;9.406151183337970703e+12;9.406001595636876953e+12;9.405846468396167969e+12;9.405685598144617188e+12;9.405518774062794922e+12;9.405345777725994141e+12;9.405166382840343750e+12;9.404980354969519531e+12;9.404787451254291016e+12;9.404587420121255859e+12;9.404380000983394531e+12;9.404164923931705078e+12;9.403941909416964844e+12;9.403710667919796875e+12;9.403470899616605469e+12;9.403222294027089844e+12;9.402964529658019531e+12;9.402697273634103516e+12;9.402420181316687500e+12;9.402132895913029297e+12;9.401835048075214844e+12;9.401526255484943359e+12;9.401206122430593750e+12;9.400874239366703125e+12;9.400530182469183594e+12;9.400173513171357422e+12;9.399803777692326172e+12;9.399420506551062500e+12;9.399023214069511719e+12;9.398611397860574219e+12;9.398184538306398438e+12;9.397742098022646484e+12;9.397283521309759766e+12;9.396808233592423828e+12;9.396315640844972656e+12;9.395805129006712891e+12;9.395276063381876953e+12;9.394727788028197266e+12;9.394159625133462891e+12;9.393570874380710938e+12;9.392960812298921875e+12;9.392328691604785156e+12;9.391673740531398438e+12;9.390995162147097656e+12;9.390292133661699219e+12;9.389563805726490234e+12;9.388809301719134766e+12;9.388027717024634766e+12;9.387218118304634766e+12;9.386379542759566406e+12;9.385510997385199219e+12;9.384611458221128906e+12;9.383679869594935547e+12;9.382715143361710938e+12;9.381716158140939453e+12;9.380681758550261719e+12;9.379610754439488281e+12;9.378501920122435547e+12;9.377353993615861328e+12;9.376165675874867188e+12;9.374935630037425781e+12;9.373662480675281250e+12;9.372344813050300781e+12;9.370981172385421875e+12;9.369570063140703125e+12;9.368109948311914062e+12;9.366599248737636719e+12;9.365036342428455078e+12;9.363419563918330078e+12;9.361747203634275391e+12;9.360017507295660156e+12;9.358228675341498047e+12;9.356378862384361328e+12;9.354466176704343750e+12;9.352488679774287109e+12;9.350444385828378906e+12;9.348331261467730469e+12;9.346147225319521484e+12;9.343890147735714844e+12;9.341557850551705078e+12;9.339148106894708984e+12;9.336658641053896484e+12;9.334087128409271484e+12;9.331431195429023438e+12;9.328688419733644531e+12;9.325856330232363281e+12;9.322932407335185547e+12;9.319914083244949219e+12;9.316798742331316406e+12;9.313583721589615234e+12;9.310266311190238281e+12;9.306843755121906250e+12;9.303313251928724609e+12;9.299671955547574219e+12;9.295916976250029297e+12;9.292045381684849609e+12;9.288054198035326172e+12;9.283940411283652344e+12
9.759687644046544922e+12;9.759638052217285156e+12;9.759586614097355469e+12;9.759533261131705078e+12;9.759477922234216797e+12;9.759420523693222656e+12;9.759360989078908203e+12;9.759299239141335938e+12;9.759235191708375000e+12;9.759168761580179688e+12;9.759099860418580078e+12;9.759028396634039062e+12;9.758954275265398438e+12;9.758877397859572266e+12;9.758797662344861328e+12;9.758714962899626953e+12;9.758629189817195312e+12;9.758540229364833984e+12;9.758447963640822266e+12;9.758352270421503906e+12;9.758253023007927734e+12;9.758150090065457031e+12;9.758043335455812500e+12;9.757932618067564453e+12;9.757817791636470703e+12;9.757698704563087891e+12;9.757575199722021484e+12;9.757447114266406250e+12;9.757314279424039062e+12;9.757176520287781250e+12;9.757033655600236328e+12;9.756885497527728516e+12;9.756731851430187500e+12;9.756572515621208984e+12;9.756407281124843750e+12;9.756235931414394531e+12;9.756058242156070312e+12;9.755873980933210938e+12;9.755682906968146484e+12;9.755484770831982422e+12;9.755279314148023438e+12;9.755066269282906250e+12;9.754845359029789062e+12;9.754616296282271484e+12;9.754378783697675781e+12;9.754132513347390625e+12;9.753877166363867188e+12;9.753612412568667969e+12;9.753337910094910156e+12;9.753053304997031250e+12;9.752758230850066406e+12;9.752452308335082031e+12;9.752135144815548828e+12;9.751806333901980469e+12;9.751465455001578125e+12;9.751112072858466797e+12;9.750745737080343750e+12;9.750365981652812500e+12;9.749972324441968750e+12;9.749564266683175781e+12;9.749141292455701172e+12;9.748702868149091797e+12;9.748248441910462891e+12;9.747777443083464844e+12;9.747289281632843750e+12;9.746783347554250000e+12;9.746259010274998047e+12;9.745715618036939453e+12;9.745152497271035156e+12;9.744568951957164062e+12;9.743964262971085938e+12;9.743337687421167969e+12;9.742688457971171875e+12;9.742015782151669922e+12;9.741318841662214844e+12;9.740596791660347656e+12;9.739848760040429688e+12;9.739073846704562500e+12;9.738271122821345703e+12;9.737439630078593750e+12;9.736578379927023438e+12;9.735686352815699219e+12;9.734762497424068359e+12;9.733805729884566406e+12;9.732814933005416016e+12;9.731788955485148438e+12;9.730726611130478516e+12;9.729626678068169922e+12;9.728487897960318359e+12;9.727308975220490234e+12;9.726088576233845703e+12;9.724825328581238281e+12;9.723517820270376953e+12;9.722164598976023438e+12;9.720764171289734375e+12;9.719315001981292969e+12;9.717815513277406250e+12;9.716264084152132812e+12;9.714659049641351562e+12;9.712998700173441406e+12;9.711281280928949219e+12;9.709504991220117188e+12;9.707667983906326172e+12;9.705768364833093750e+12;9.703804192314224609e+12;9.701773476643013672e+12;9.699674179649398438e+12;9.697504214298384766e+12;9.695261444333376953e+12;9.692943683972855469e+12;9.690548697656242188e+12;9.688074199847775391e+12;9.685517854900892578e+12;9.682877276981355469e+12;9.680150030063062500e+12;9.677333627987560547e+12;9.674425534602167969e+12;9.671423163970210938e+12;9.668323880665515625e+12;9.665125000147447266e+12;9.661823789225699219e+12;9.658417466614265625e+12;9.654903203580341797e+12;9.651278124690783203e+12;9.647539308656957031e+12;9.643683789287392578e+12;9.639708556543458984e+12;9.635610557707701172e+12
1.012442415274135742e+13;1.012437502976483789e+13;1.012432407779685938e+13;1.012427122891252930e+13;1.012421641267816602e+13;1.012415955605970508e+13;1.012410058332548438e+13;1.012403941595031055e+13;1.012397597251353320e+13;1.012391016859115039e+13;1.012384191664893750e+13;1.012377112592876172e+13;1.012369770233059766e+13;1.012362154829199023e+13;1.012354256266344531e+13;1.012346064057660547e+13;1.012337567331113281e+13;1.012328754815537109e+13;1.012319614826216602e+13;1.012310135249955859e+13;1.012300303529782617e+13;1.012290106648821094e+13;1.012279531113897070e+13;1.012268562938529102e+13;1.012257187625178320e+13;1.012245390147050391e+13;1.012233154929102539e+13;1.012220465828813672e+13;1.012207306115734375e+13;1.012193658450677344e+13;1.012179504864433203e+13;1.012164826735137500e+13;1.012149604765591211e+13;1.012133818959243555e+13;1.012117448595813672e+13;1.012100472205945312e+13;1.012082867544920703e+13;1.012064611565867188e+13;1.012045680391517969e+13;1.012026049285888086e+13;1.012005692624244922e+13;1.011984583862638281e+13;1.011962695506302344e+13;1.011939999077058398e+13;1.011916465079827344e+13;1.011892062967962891e+13;1.011866761107685742e+13;1.011840526741243164e+13;1.011813325949274219e+13;1.011785123611811328e+13;1.011755883368038672e+13;1.011725567575394922e+13;1.011694137267069531e+13;1.011661552108157812e+13;1.011627770351225586e+13;1.011592748789951367e+13;1.011556442711996484e+13;1.011518805850438086e+13;1.011479790333775195e+13;1.011439346634908203e+13;1.011397423518566016e+13;1.011353967987767969e+13;1.011308925228429297e+13;1.011262238553098438e+13;1.011213849343180469e+13;1.011163696989894922e+13;1.011111718833697266e+13;1.011057850102599023e+13;1.011002023849257227e+13;1.010944170886313867e+13;1.010884219720867969e+13;1.010822096487665430e+13;1.010757724880615625e+13;1.010691026083620898e+13;1.010621918699724023e+13;1.010550318679740820e+13;1.010476139248913477e+13;1.010399290833312695e+13;1.010319680984749414e+13;1.010237214304890820e+13;1.010151792368543555e+13;1.010063313645919531e+13;1.009971673424584766e+13;1.009876763730125977e+13;1.009778473246956641e+13;1.009676687238125000e+13;1.009571287465315820e+13;1.009462152107833789e+13;1.009349155682587891e+13;1.009232168963025977e+13;1.009111058899116211e+13;1.008985688537106250e+13;1.008855916940117383e+13;1.008721599109327930e+13;1.008582585905883203e+13;1.008438723974055859e+13;1.008289855665681641e+13;1.008135818965851367e+13;1.007976447420481055e+13;1.007811570065757812e+13;1.007641011359684570e+13;1.007464591116203516e+13;1.007282124441850000e+13;1.007093421675408789e+13;1.006898288330700195e+13;1.006696525043161133e+13;1.006487927519768555e+13;1.006272286493550000e+13;1.006049387682235352e+13;1.005819011751664258e+13;1.005580934284283984e+13;1.005334925753267188e+13;1.005080751501683594e+13;1.004818171728720312e+13;1.004546941481369727e+13;1.004266810653514844e+13;1.003977523991788086e+13;1.003678821108947852e+13;1.003370436505276562e+13;1.003052099597743555e+13;1.002723534758036914e+13;1.002384461359178516e+13;1.002034593831625781e+13;1.001673641728610742e+13;1.001301309801655859e+13;1.000917298085941992e+13;1.000521301996576953e+13;1.000113012435293164e+13
1.050355508690159570e+13;1.050350641470042969e+13;1.050345593014075781e+13;1.050340356590373242e+13;1.050334925218442969e+13;1.050329291659747656e+13;1.050323448408567578e+13;1.050317387682065820e+13;1.050311101410187109e+13;1.050304581225317383e+13;1.050297818451308398e+13;1.050290804092346289e+13;1.050283528821229492e+13;1.050275982967417188e+13;1.050268156504484180e+13;1.050260039037455469e+13;1.050251619789141992e+13;1.050242887586477930e+13;1.050233830846272852e+13;1.050224437560358984e+13;1.050214695280207617e+13;1.050204591101200977e+13;1.050194111646263867e+13;1.050183243048818164e+13;1.050171970935160156e+13;1.050160280406646094e+13;1.050148156020632617e+13;1.050135581771129297e+13;1.050122541069004688e+13;1.050109016720900586e+13;1.050094990908075781e+13;1.050080445164119531e+13;1.050065360352183398e+13;1.050049716641348438e+13;1.050033493482081250e+13;1.050016669581123438e+13;1.049999222875512695e+13;1.049981130505547266e+13;1.049962368787206250e+13;1.049942913183284961e+13;1.049922738274083008e+13;1.049901817726781641e+13;1.049880124263937109e+13;1.049857629631118359e+13;1.049834304563519531e+13;1.049810118751215430e+13;1.049785040804050195e+13;1.049759038214580469e+13;1.049732077320678711e+13;1.049704123266568750e+13;1.049675139962818750e+13;1.049645090045216602e+13;1.049613934832473242e+13;1.049581634282617969e+13;1.049548146948286133e+13;1.049513429930492969e+13;1.049477438831679297e+13;1.049440127706705469e+13;1.049401449013317969e+13;1.049361353560788672e+13;1.049319790457306250e+13;1.049276707056367188e+13;1.049232048901256055e+13;1.049185759668575000e+13;1.049137781110391211e+13;1.049088052994791211e+13;1.049036513045297070e+13;1.048983096878593750e+13;1.048927737941578516e+13;1.048870367446080273e+13;1.048810914303109570e+13;1.048749305055238281e+13;1.048685463807996094e+13;1.048619312159761914e+13;1.048550769130566211e+13;1.048479751089543164e+13;1.048406171681385352e+13;1.048329941751253516e+13;1.048250969269263867e+13;1.048169159253242188e+13;1.048084413690954492e+13;1.047996631461382617e+13;1.047905708254904102e+13;1.047811536493025000e+13;1.047714005247265625e+13;1.047613000157707227e+13;1.047508403350773828e+13;1.047400093356874805e+13;1.047287945027787891e+13;1.047171829454040820e+13;1.047051613882084180e+13;1.046927161631899609e+13;1.046798332014980469e+13;1.046664980252669531e+13;1.046526957395167383e+13;1.046384110241712109e+13;1.046236281261633594e+13;1.046083308516680469e+13;1.045925025584958594e+13;1.045761261486425195e+13;1.045591840610683984e+13;1.045416582646743750e+13;1.045235302515186133e+13;1.045047810303274805e+13;1.044853911202972656e+13;1.044653405452398828e+13;1.044446088280432031e+13;1.044231749855913867e+13;1.044010175240257031e+13;1.043781144345257422e+13;1.043544431895286719e+13;1.043299807394842188e+13;1.043047035101396094e+13;1.042785874004488477e+13;1.042516077810524219e+13;1.042237394934382617e+13;1.041949568497742773e+13;1.041652336334770508e+13;1.041345431005456641e+13;1.041028579816586719e+13;1.040701504851119727e+13;1.040363923006550586e+13;1.040015546041783594e+13;1.039656080633557617e+13;1.039285228442627148e+13;1.038902686189675391e+13;1.038508145742016602e+13;1.038101294210485156e+13
1.089760763298494922e+13;1.089755939349422461e+13;1.089750935761226953e+13;1.089745745860231250e+13;1.089740362726214453e+13;1.089734779183098633e+13;1.089728987789664258e+13;1.089722980830090234e+13;1.089716750303567383e+13;1.089710287914180859e+13;1.089703585059963281e+13;1.089696632821905859e+13;1.089689421952372070e+13;1.089681942863029297e+13;1.089674185612608594e+13;1.089666139894107227e+13;1.089657795021514844e+13;1.089649139915945703e+13;1.089640163091709766e+13;1.089630852641466406e+13;1.089621196220829688e+13;1.089611181033026758e+13;1.089600793812363086e+13;1.089590020807331250e+13;1.089578847763380273e+13;1.089567259904764844e+13;1.089555241915904688e+13;1.089542777922155469e+13;1.089529851469905273e+13;1.089516445505806445e+13;1.089502542355666992e+13;1.089488123702434375e+13;1.089473170563235547e+13;1.089457663266135938e+13;1.089441581425541406e+13;1.089424903917498242e+13;1.089407608853419531e+13;1.089389673553513281e+13;1.089371074519140039e+13;1.089351787404258594e+13;1.089331786985982031e+13;1.089311047134178125e+13;1.089289540780248438e+13;1.089267239884611523e+13;1.089244115403596289e+13;1.089220137254847656e+13;1.089195274281928320e+13;1.089169494217991797e+13;1.089142763647914062e+13;1.089115047969794922e+13;1.089086311354720898e+13;1.089056516705841602e+13;1.089025625616345703e+13;1.088993598325395703e+13;1.088960393673921289e+13;1.088925969058254297e+13;1.088890280382940430e+13;1.088853282012193359e+13;1.088814926719867773e+13;1.088775165638263281e+13;1.088733948205630664e+13;1.088691222111886133e+13;1.088646933243615234e+13;1.088601025627112695e+13;1.088553441370264258e+13;1.088504120603222656e+13;1.088453001417105469e+13;1.088400019802124805e+13;1.088345109583379297e+13;1.088288202356086133e+13;1.088229227418734375e+13;1.088168111705562305e+13;1.088104779716953516e+13;1.088039153449038672e+13;1.087971152321698633e+13;1.087900693105437109e+13;1.087827689846839453e+13;1.087752053793090430e+13;1.087673693314858984e+13;1.087592513828682227e+13;1.087508417717710156e+13;1.087421304251882422e+13;1.087331069506926367e+13;1.087237606282551172e+13;1.087140804019966016e+13;1.087040548718716602e+13;1.086936722852815234e+13;1.086829205286518359e+13;1.086717871189728516e+13;1.086602591953176562e+13;1.086483235103553125e+13;1.086359664218549805e+13;1.086231738842269336e+13;1.086099314400954492e+13;1.085962242119157812e+13;1.085820368936780859e+13;1.085673537426880859e+13;1.085521585714812695e+13;1.085364347398390820e+13;1.085201651469695312e+13;1.085033322238987109e+13;1.084859179260018945e+13;1.084679037258243359e+13;1.084492706061088867e+13;1.084299990531238477e+13;1.084100690503088672e+13;1.083894600722244922e+13;1.083681510788978711e+13;1.083461205105681445e+13;1.083233462828241211e+13;1.082998057822442188e+13;1.082754758625077148e+13;1.082503328410289648e+13;1.082243524961609375e+13;1.081975100649981055e+13;1.081697802417954883e+13;1.081411371770595312e+13;1.081115544773288867e+13;1.080810052057248828e+13;1.080494618832136719e+13;1.080168964907326758e+13;1.079832804721391406e+13;1.079485847380169727e+13;1.079127796704152539e+13;1.078758351285571875e+13;1.078377204554729883e+13;1.077984044856968750e+13;1.077578555540152930e+13
1.130712160431104102e+13;1.130707377949945508e+13;1.130702417359888867e+13;1.130697272043089844e+13;1.130691935136998828e+13;1.130686399525423047e+13;1.130680657829126172e+13;1.130674702396256445e+13;1.130668525292551367e+13;1.130662118290754297e+13;1.130655472860036133e+13;1.130648580154960352e+13;1.130641431004106445e+13;1.130634015898017383e+13;1.130626324976979492e+13;1.130618348018403125e+13;1.130610074423549414e+13;1.130601493203894141e+13;1.130592592967173633e+13;1.130583361902560156e+13;1.130573787765726172e+13;1.130563857863075586e+13;1.130553559035741602e+13;1.130542877642544336e+13;1.130531799543005664e+13;1.130520310079363477e+13;1.130508394057707422e+13;1.130496035729302930e+13;1.130483218770415430e+13;1.130469926261937109e+13;1.130456140668328711e+13;1.130441843815500391e+13;1.130427016868286719e+13;1.130411640307067188e+13;1.130395693903550781e+13;1.130379156695900195e+13;1.130362006962735156e+13;1.130344222196736523e+13;1.130325779076904492e+13;1.130306653440457812e+13;1.130286820253119922e+13;1.130266253579200977e+13;1.130244926550085352e+13;1.130222811332301367e+13;1.130199879094030859e+13;1.130176099970944336e+13;1.130151443030953516e+13;1.130125876237520312e+13;1.130099366412510156e+13;1.130071879197069531e+13;1.130043379012151562e+13;1.130013829017332617e+13;1.129983191068501758e+13;1.129951425674525195e+13;1.129918491952578320e+13;1.129884347581881641e+13;1.129848948756684570e+13;1.129812250137471094e+13;1.129774204801139062e+13;1.129734764189566406e+13;1.129693878056956055e+13;1.129651494415813867e+13;1.129607559481500781e+13;1.129562017615260938e+13;1.129514811265886523e+13;1.129465880910201562e+13;1.129415164991532422e+13;1.129362599857398242e+13;1.129308119695295312e+13;1.129251656467174609e+13;1.129193139842643945e+13;1.129132497130408789e+13;1.129069653208758789e+13;1.129004530454132031e+13;1.128937048668727148e+13;1.128867125006606641e+13;1.128794673898485938e+13;1.128719606975257227e+13;1.128641832990078125e+13;1.128561257739769531e+13;1.128477783984427539e+13;1.128391311366500977e+13;1.128301736328465820e+13;1.128208952029672461e+13;1.128112848262526758e+13;1.128013311367464453e+13;1.127910224147625391e+13;1.127803465782895508e+13;1.127692911742975977e+13;1.127578433700984375e+13;1.127459899445916016e+13;1.127337172795619922e+13;1.127210113509698047e+13;1.127078577202352344e+13;1.126942415256030078e+13;1.126801474735165625e+13;1.126655598301038281e+13;1.126504624127467188e+13;1.126348385817424023e+13;1.126186712321358594e+13;1.126019427856738477e+13;1.125846351829759375e+13;1.125667298758883594e+13;1.125482078200736719e+13;1.125290494678617773e+13;1.125092347614039062e+13;1.124887431260991602e+13;1.124675534644102930e+13;1.124456441500341016e+13;1.124229930224684375e+13;1.123995773820301172e+13;1.123753739853496680e+13;1.123503590413383203e+13;1.123245082077287500e+13;1.122977965881565820e+13;1.122701987298830859e+13;1.122416886221059375e+13;1.122122396950065820e+13;1.121818248194741797e+13;1.121504163075726367e+13;1.121179859138315039e+13;1.120845048373002539e+13;1.120499437245298438e+13;1.120142726733603906e+13;1.119774612377345703e+13;1.119394784333810352e+13;1.119002927445486719e+13;1.118598721317704492e+13
1.173264944313959766e+13;1.173260201502982031e+13;1.173255282047104492e+13;1.173250179381723828e+13;1.173244886699551562e+13;1.173239396941650781e+13;1.173233702788054883e+13;1.173227796648309766e+13;1.173221670651607617e+13;1.173215316636337305e+13;1.173208726139883008e+13;1.173201890387144336e+13;1.173194800279613867e+13;1.173187446383195898e+13;1.173179818916332422e+13;1.173171907737057422e+13;1.173163702330305469e+13;1.173155191793841797e+13;1.173146364824830859e+13;1.173137209704843945e+13;1.173127714285112891e+13;1.173117865970883203e+13;1.173107651705340039e+13;1.173097057953090820e+13;1.173086070682648438e+13;1.173074675348999219e+13;1.173062856874856250e+13;1.173050599631715039e+13;1.173037887420305664e+13;1.173024703449858398e+13;1.173011030317369531e+13;1.172996849985592773e+13;1.172982143760670117e+13;1.172966892268725195e+13;1.172951075431866406e+13;1.172934672443292383e+13;1.172917661741716992e+13;1.172900020984686523e+13;1.172881727021251367e+13;1.172862755863803711e+13;1.172843082658602930e+13;1.172822681655685938e+13;1.172801526178071484e+13;1.172779588589151758e+13;1.172756840259903711e+13;1.172733251534529102e+13;1.172708791695342773e+13;1.172683428926309961e+13;1.172657130275658203e+13;1.172629861617307031e+13;1.172601587610998438e+13;1.172572271661310352e+13;1.172541875875641211e+13;1.172510361020608984e+13;1.172477686477503516e+13;1.172443810196028125e+13;1.172408688647371875e+13;1.172372276775293945e+13;1.172334527946177930e+13;1.172295393897905078e+13;1.172254824686727539e+13;1.172212768633264844e+13;1.172169172267050391e+13;1.172123980269330469e+13;1.172077135414549219e+13;1.172028578510473438e+13;1.171978248336888867e+13;1.171926081582458984e+13;1.171872012780461914e+13;1.171815974242977148e+13;1.171757895993462305e+13;1.171697705697981445e+13;1.171635328594975586e+13;1.171570687423387500e+13;1.171503702349713477e+13;1.171434290893272266e+13;1.171362367850272656e+13;1.171287845216639062e+13;1.171210632109235352e+13;1.171130634686058398e+13;1.171047756064954297e+13;1.170961896241643164e+13;1.170872952005876367e+13;1.170780816857318750e+13;1.170685380919933008e+13;1.170586530855652734e+13;1.170484149777332812e+13;1.170378117160877148e+13;1.170268308756575781e+13;1.170154596500575977e+13;1.170036848425273828e+13;1.169914928569793164e+13;1.169788696890458594e+13;1.169658009171147461e+13;1.169522716934040039e+13;1.169382667350441992e+13;1.169237703152483789e+13;1.169087662545552734e+13;1.168932379121454492e+13;1.168771681772953516e+13;1.168605394609493164e+13;1.168433336874981055e+13;1.168255322866794336e+13;1.168071161857432617e+13;1.167880658018165430e+13;1.167683610345837891e+13;1.167479812591792188e+13;1.167269053194907812e+13;1.167051115217445898e+13;1.166825776285258594e+13;1.166592808531701953e+13;1.166351978546235547e+13;1.166103047327825586e+13;1.165845770243528516e+13;1.165579896992296484e+13;1.165305171574803906e+13;1.165021332269578711e+13;1.164728111615450781e+13;1.164425236400828516e+13;1.164112427660591406e+13;1.163789400680156641e+13;1.163455865008057617e+13;1.163111524476210938e+13;1.162756077229641602e+13;1.162389215764567773e+13;1.162010626976345898e+13;1.161619992217180273e+13;1.161216987363628125e+13
1.217475624147169336e+13;1.217470919216470898e+13;1.217466039038620703e+13;1.217460977100063477e+13;1.217455726646313672e+13;1.217450280673036914e+13;1.217444631916836719e+13;1.217438772845833203e+13;1.217432695649817383e+13;1.217426392230037500e+13;1.217419854188802539e+13;1.217413072818275781e+13;1.217406039089482227e+13;1.217398743640435156e+13;1.217391176764046094e+13;1.217383328395425195e+13;1.217375188099223047e+13;1.217366745055859961e+13;1.217357988047590820e+13;1.217348905444450391e+13;1.217339485188841992e+13;1.217329714780287500e+13;1.217319581259613867e+13;1.217309071192112500e+13;1.217298170650635938e+13;1.217286865197643555e+13;1.217275139867189844e+13;1.217262979145752344e+13;1.217250366952600977e+13;1.217237286619673633e+13;1.217223720870416992e+13;1.217209651798299023e+13;1.217195060844268164e+13;1.217179928773559961e+13;1.217164235651879883e+13;1.217147960820575195e+13;1.217131082870916992e+13;1.217113579617959180e+13;1.217095428073084180e+13;1.217076604415796484e+13;1.217057083964582227e+13;1.217036841147138477e+13;1.217015849468891797e+13;1.216994081481413086e+13;1.216971508749067969e+13;1.216948101815102344e+13;1.216923830166450781e+13;1.216898662197365039e+13;1.216872565172221094e+13;1.216845505186810742e+13;1.216817447128739844e+13;1.216788354636483594e+13;1.216758190057179102e+13;1.216726914403340820e+13;1.216694487308030469e+13;1.216660866979153906e+13;1.216626010151726172e+13;1.216589872039682227e+13;1.216552406285515234e+13;1.216513564908985352e+13;1.216473298254306445e+13;1.216431554935819727e+13;1.216388281782325977e+13;1.216343423779791797e+13;1.216296924012974219e+13;1.216248723604825781e+13;1.216198761655177148e+13;1.216146975177580469e+13;1.216093299034229883e+13;1.216037665870227344e+13;1.215980006045517969e+13;1.215920247565801562e+13;1.215858316011618555e+13;1.215794134466301562e+13;1.215727623441958008e+13;1.215658700804376172e+13;1.215587281696373242e+13;1.215513278459564062e+13;1.215436600554999414e+13;1.215357154482204492e+13;1.215274843697066406e+13;1.215189568528305859e+13;1.215101226093084570e+13;1.215009710210964453e+13;1.214914911317219727e+13;1.214816716374944531e+13;1.214715008786193164e+13;1.214609668302387891e+13;1.214500570934295898e+13;1.214387588860576367e+13;1.214270590336698438e+13;1.214149439603071680e+13;1.214023996792773047e+13;1.213894117839670898e+13;1.213759654385988672e+13;1.213620453690825391e+13;1.213476358538179102e+13;1.213327207146497461e+13;1.213172833078055273e+13;1.213013065150425391e+13;1.212847727347765625e+13;1.212676638734820898e+13;1.212499613371767188e+13;1.212316460231404883e+13;1.212126983118075781e+13;1.211930980589596289e+13;1.211728245881249609e+13;1.211518566833314648e+13;1.211301725821522266e+13;1.211077499691333398e+13;1.210845659695977734e+13;1.210605971438818750e+13;1.210358194820182617e+13;1.210102083989253320e+13;1.209837387301054492e+13;1.209563847278979883e+13;1.209281200583457812e+13;1.208989177986862109e+13;1.208687504354875391e+13;1.208375898635102344e+13;1.208054073853167578e+13;1.207721737116225195e+13;1.207378589624880469e+13;1.207024326693513281e+13;1.206658637779527539e+13;1.206281206521730273e+13;1.205891710788228320e+13;1.205489822734464453e+13
1.263401978525866797e+13;1.263397309695428320e+13;1.263392466949898242e+13;1.263387443824335938e+13;1.263382233614512500e+13;1.263376829368214453e+13;1.263371223875871094e+13;1.263365409661471680e+13;1.263359378972531445e+13;1.263353123770207031e+13;1.263346635718630664e+13;1.263339906174037109e+13;1.263332926173858398e+13;1.263325686424645508e+13;1.263318177290245117e+13;1.263310388779363281e+13;1.263302310532638281e+13;1.263293931808924609e+13;1.263285241471958789e+13;1.263276227975746094e+13;1.263266879349560156e+13;1.263257183182994141e+13;1.263247126609610352e+13;1.263236696290923438e+13;1.263225878398799219e+13;1.263214658598485547e+13;1.263203022029968164e+13;1.263190953289025391e+13;1.263178436408192383e+13;1.263165454835983594e+13;1.263151991416549219e+13;1.263138028367774023e+13;1.263123547258960938e+13;1.263108528987936719e+13;1.263092953757133203e+13;1.263076801048872070e+13;1.263060049599961133e+13;1.263042677375302344e+13;1.263024661540783789e+13;1.263005978435178125e+13;1.262986603541121094e+13;1.262966511455031055e+13;1.262945675856425195e+13;1.262924069475841992e+13;1.262901664061782227e+13;1.262878430346983398e+13;1.262854338013124219e+13;1.262829355654662695e+13;1.262803450741609961e+13;1.262776589581066406e+13;1.262748737277371094e+13;1.262719857691450781e+13;1.262689913398678516e+13;1.262658865645393359e+13;1.262626674304337695e+13;1.262593297828625977e+13;1.262558693204485938e+13;1.262522815902526172e+13;1.262485619827784375e+13;1.262447057267998828e+13;1.262407078841056250e+13;1.262365633440197852e+13;1.262322668178582617e+13;1.262278128331770898e+13;1.262231957278828125e+13;1.262184096441944727e+13;1.262134485224853906e+13;1.262083060948995117e+13;1.262029758788624414e+13;1.261974511704444336e+13;1.261917250375142578e+13;1.261857903128062305e+13;1.261796395867691992e+13;1.261732652002847070e+13;1.261666592372450781e+13;1.261598135169620312e+13;1.261527195864191406e+13;1.261453687123807422e+13;1.261377518733671289e+13;1.261298597514615820e+13;1.261216827240034375e+13;1.261132108551327539e+13;1.261044338872028516e+13;1.260953412320807031e+13;1.260859219623064844e+13;1.260761648021846484e+13;1.260660581187163281e+13;1.260555899124950195e+13;1.260447478084639844e+13;1.260335190466370703e+13;1.260218904727400391e+13;1.260098485288053516e+13;1.259973792437144531e+13;1.259844682237409570e+13;1.259711006430597656e+13;1.259572612342671875e+13;1.259429342789326172e+13;1.259281035981808008e+13;1.259127525433511719e+13;1.258968639866907227e+13;1.258804203122068750e+13;1.258634034066079883e+13;1.258457946503813672e+13;1.258275749090675977e+13;1.258087245247192383e+13;1.257892233075633008e+13;1.257690505279324609e+13;1.257481849084884180e+13;1.257266046166921680e+13;1.257042872576712695e+13;1.256812098674429102e+13;1.256573489064963281e+13;1.256326802538583789e+13;1.256071792016059766e+13;1.255808204498543359e+13;1.255535781023317188e+13;1.255254256624527734e+13;1.254963360301016797e+13;1.254662814989329492e+13;1.254352337544554883e+13;1.254031638727813086e+13;1.253700423201441016e+13;1.253358389531960156e+13;1.253005230201440820e+13;1.252640631627439453e+13;1.252264274192105859e+13;1.251875832280420703e+13;1.251474974328256250e+13
1.311103062680905859e+13;1.311098428183137109e+13;1.311093621037104492e+13;1.311088634823928516e+13;1.311083462887381836e+13;1.311078098324545898e+13;1.311072533977249219e+13;1.311066762422521484e+13;1.311060775962825977e+13;1.311054566616147852e+13;1.311048126105493945e+13;1.311041445848095117e+13;1.311034516944212109e+13;1.311027330165846484e+13;1.311019875944296875e+13;1.311012144358122852e+13;1.311004125120014062e+13;1.310995807563814062e+13;1.310987180630422461e+13;1.310978232853752734e+13;1.310968952345772461e+13;1.310959326781380078e+13;1.310949343382651758e+13;1.310938988902218164e+13;1.310928249606433594e+13;1.310917111257949219e+13;1.310905559097438086e+13;1.310893577824847266e+13;1.310881151580019531e+13;1.310868263922554688e+13;1.310854897811077148e+13;1.310841035581742969e+13;1.310826658925984961e+13;1.310811748867459570e+13;1.310796285738578516e+13;1.310780249155607422e+13;1.310763617993546289e+13;1.310746370359727734e+13;1.310728483566877344e+13;1.310709934105019531e+13;1.310690697612551172e+13;1.310670748846405859e+13;1.310650061651266602e+13;1.310628608927641992e+13;1.310606362598938281e+13;1.310583293577776562e+13;1.310559371730738477e+13;1.310534565842356445e+13;1.310508843577890820e+13;1.310482171444869141e+13;1.310454514753347852e+13;1.310425837575542188e+13;1.310396102703059375e+13;1.310365271604244727e+13;1.310333304379022656e+13;1.310300159713260156e+13;1.310265794831223438e+13;1.310230165446881250e+13;1.310193225714097852e+13;1.310154928174615430e+13;1.310115223705417188e+13;1.310074061464179492e+13;1.310031388833126562e+13;1.309987151361771680e+13;1.309941292707909961e+13;1.309893754576852344e+13;1.309844476659459961e+13;1.309793396568276562e+13;1.309740449772453906e+13;1.309685569530573242e+13;1.309628686822298438e+13;1.309569730278246484e+13;1.309508626108091797e+13;1.309445298027492188e+13;1.309379667182812305e+13;1.309311652074912109e+13;1.309241168480708008e+13;1.309168129373871875e+13;1.309092444843234375e+13;1.309014022010350781e+13;1.308932764945243945e+13;1.308848574580648438e+13;1.308761348625166992e+13;1.308670981475055664e+13;1.308577364124173242e+13;1.308480384073589062e+13;1.308379925239402734e+13;1.308275867859691211e+13;1.308168088400620898e+13;1.308056459461564648e+13;1.307940849679273828e+13;1.307821123631836914e+13;1.307697141741640430e+13;1.307568760178258008e+13;1.307435830760878320e+13;1.307298200860522070e+13;1.307155713302991797e+13;1.307008206270964062e+13;1.306855513207482422e+13;1.306697462719391211e+13;1.306533878481975586e+13;1.306364579144275391e+13;1.306189378236205469e+13;1.306008084076383789e+13;1.305820499682462500e+13;1.305626422682802148e+13;1.305425645230984961e+13;1.305217953922350391e+13;1.305003129713750977e+13;1.304780947846213672e+13;1.304551177771155859e+13;1.304313583080299414e+13;1.304067921439605664e+13;1.303813944527922266e+13;1.303551397979861133e+13;1.303280021334325586e+13;1.302999547988129688e+13;1.302709705155745508e+13;1.302410213835019922e+13;1.302100788779265234e+13;1.301781138476847461e+13;1.301450965137411719e+13;1.301109964686680859e+13;1.300757826768075977e+13;1.300394234753810938e+13;1.300018865764428906e+13;1.299631390697494531e+13;1.299231474265553125e+13
1.360639219030517969e+13;1.360634617112751953e+13;1.360629843748650781e+13;1.360624892563352734e+13;1.360619756945739844e+13;1.360614430040061133e+13;1.360608904736679883e+13;1.360603173662967969e+13;1.360597229173567773e+13;1.360591063340273438e+13;1.360584667942051172e+13;1.360578034453858789e+13;1.360571154035869727e+13;1.360564017521753516e+13;1.360556615407006250e+13;1.360548937836305859e+13;1.360540974591042188e+13;1.360532715075652734e+13;1.360524148304622852e+13;1.360515262887414258e+13;1.360506047014497852e+13;1.360496488441875781e+13;1.360486574475183594e+13;1.360476291953715234e+13;1.360465627233320117e+13;1.360454566169008984e+13;1.360443094096992773e+13;1.360431195815866602e+13;1.360418855567358789e+13;1.360406057016232227e+13;1.360392783229744141e+13;1.360379016656071289e+13;1.360364739102414453e+13;1.360349931711778711e+13;1.360334574939658008e+13;1.360318648529341016e+13;1.360302131486798242e+13;1.360285002054288867e+13;1.360267237683687500e+13;1.360248815008268945e+13;1.360229709814069336e+13;1.360209897010002344e+13;1.360189350597170312e+13;1.360168043637137695e+13;1.360145948219022266e+13;1.360123035425593359e+13;1.360099275298702734e+13;1.360074636802599219e+13;1.360049087787465234e+13;1.360022594950514062e+13;1.359995123796574414e+13;1.359966638597429492e+13;1.359937102349654883e+13;1.359906476731330469e+13;1.359874722057291211e+13;1.359841797233372266e+13;1.359807659708861328e+13;1.359772265427861719e+13;1.359735568779053711e+13;1.359697522544241211e+13;1.359658077845075586e+13;1.359617184088581445e+13;1.359574788911183008e+13;1.359530838120729492e+13;1.359485275637788477e+13;1.359438043434375195e+13;1.359389081471897070e+13;1.359338327637199609e+13;1.359285717676618945e+13;1.359231185129011719e+13;1.359174661256866016e+13;1.359116074975615625e+13;1.359055352781345508e+13;1.358992418677244336e+13;1.358927194097740625e+13;1.358859597831444531e+13;1.358789545942416797e+13;1.358716951689623828e+13;1.358641725444949219e+13;1.358563774609483008e+13;1.358483003528436719e+13;1.358399313404535156e+13;1.358312602209567578e+13;1.358222764595039453e+13;1.358129691801230273e+13;1.358033271564756836e+13;1.357933388025020312e+13;1.357829921629667188e+13;1.357722749038681445e+13;1.357611743027585352e+13;1.357496772389744531e+13;1.357377701837895703e+13;1.357254391904861328e+13;1.357126698844024609e+13;1.356994474528980859e+13;1.356857566353217969e+13;1.356715817129459375e+13;1.356569064989436523e+13;1.356417143283291016e+13;1.356259880480012305e+13;1.356097100068123438e+13;1.355928620457114648e+13;1.355754254880331641e+13;1.355573811298818164e+13;1.355387092306528906e+13;1.355193895037882422e+13;1.354994011076802539e+13;1.354787226368181641e+13;1.354573321132241797e+13;1.354352069781505859e+13;1.354123240840884570e+13;1.353886596871729102e+13;1.353641894399172266e+13;1.353388883843974805e+13;1.353127309458857812e+13;1.352856909269592383e+13;1.352577415021464453e+13;1.352288552130961133e+13;1.351990039644025977e+13;1.351681590200006250e+13;1.351362910002496680e+13;1.351033698797543164e+13;1.350693649858875977e+13;1.350342449981279102e+13;1.349979779481895703e+13;1.349605312210391406e+13;1.349218715567864062e+13;1.348819650535335547e+13
1.412072091539204297e+13;1.412067520466058789e+13;1.412062779084398438e+13;1.412057861060886914e+13;1.412052759827256250e+13;1.412047468572282812e+13;1.412041980232314258e+13;1.412036287482376367e+13;1.412030382726345508e+13;1.412024258087180664e+13;1.412017905396630273e+13;1.412011316184275977e+13;1.412004481666945898e+13;1.411997392736917578e+13;1.411990039950121484e+13;1.411982413513940039e+13;1.411974503274573633e+13;1.411966298703633008e+13;1.411957788884790625e+13;1.411948962499248633e+13;1.411939807811707812e+13;1.411930312654667383e+13;1.411920464413071875e+13;1.411910250008092188e+13;1.411899655880164844e+13;1.411888667971694922e+13;1.411877271709249023e+13;1.411865451984681055e+13;1.411853193136071094e+13;1.411840478927613281e+13;1.411827292529254688e+13;1.411813616495184375e+13;1.411799432741904492e+13;1.411784722525315234e+13;1.411769466417273828e+13;1.411753644281133398e+13;1.411737235246495898e+13;1.411720217683275586e+13;1.411702569174693164e+13;1.411684266489451172e+13;1.411665285553052539e+13;1.411645601417991016e+13;1.411625188233158008e+13;1.411604019212143164e+13;1.411582066600424609e+13;1.411559301641611523e+13;1.411535694542759766e+13;1.411511214438121875e+13;1.411485829352082227e+13;1.411459506160885938e+13;1.411432210553131445e+13;1.411403906988934766e+13;1.411374558657949805e+13;1.411344127436066797e+13;1.411312573840791211e+13;1.411279856985067188e+13;1.411245934530290430e+13;1.411210762637100781e+13;1.411174295915548438e+13;1.411136487373146289e+13;1.411097288361830273e+13;1.411056648523134961e+13;1.411014515732348047e+13;1.410970836040266211e+13;1.410925553613970312e+13;1.410878610676122266e+13;1.410829947441828320e+13;1.410779502054908594e+13;1.410727210521697461e+13;1.410673006643337695e+13;1.410616821946886719e+13;1.410558585613920508e+13;1.410498224408080469e+13;1.410435662600693555e+13;1.410370821894418750e+13;1.410303621345737695e+13;1.410233977285323828e+13;1.410161803236768750e+13;1.410087009833870117e+13;1.410009504735970508e+13;1.409929192541787695e+13;1.409845974701881055e+13;1.409759749429179688e+13;1.409670411607982617e+13;1.409577852702136328e+13;1.409481960660867578e+13;1.409382619823758984e+13;1.409279710824718945e+13;1.409173110493961133e+13;1.409062691759674219e+13;1.408948323548116797e+13;1.408829870682720898e+13;1.408707193783146875e+13;1.408580149162551367e+13;1.408448588725175586e+13;1.408312359862892383e+13;1.408171305351929297e+13;1.408025263249114062e+13;1.407874066788346484e+13;1.407717544277413477e+13;1.407555518994733984e+13;1.407387809087338086e+13;1.407214227469432227e+13;1.407034581721822070e+13;1.406848673992943750e+13;1.406656300901301953e+13;1.406457253439818750e+13;1.406251316881955078e+13;1.406038270690765430e+13;1.405817888430006641e+13;1.405589937678569727e+13;1.405354179948033789e+13;1.405110370603953320e+13;1.404858258790923047e+13;1.404597587361877539e+13;1.404328092812375391e+13;1.404049505219036719e+13;1.403761548184483594e+13;1.403463938786817773e+13;1.403156387535955469e+13;1.402838598336084766e+13;1.402510268454879688e+13;1.402171088500315039e+13;1.401820742404544531e+13;1.401458907416314844e+13;1.401085254101245312e+13;1.400699446351121680e+13;1.400301141402524414e+13
1.465464644383542188e+13;1.465460102439405273e+13;1.465455391261242578e+13;1.465450504554766211e+13;1.465445435792281055e+13;1.465440178204393164e+13;1.465434724771024023e+13;1.465429068212052148e+13;1.465423200977984375e+13;1.465417115239932031e+13;1.465410802879400195e+13;1.465404255477835742e+13;1.465397464305151367e+13;1.465390420309028125e+13;1.465383114102570312e+13;1.465375535952330469e+13;1.465367675765552148e+13;1.465359523077187891e+13;1.465351067036268750e+13;1.465342296391735547e+13;1.465333199478124805e+13;1.465323764200282031e+13;1.465313978017923242e+13;1.465303827929361523e+13;1.465293300454900586e+13;1.465282381619390039e+13;1.465271056934616211e+13;1.465259311380216797e+13;1.465247129385267383e+13;1.465234494807731641e+13;1.465221390914311328e+13;1.465207800359099609e+13;1.465193705161762305e+13;1.465179086684545117e+13;1.465163925608872852e+13;1.465148201911348438e+13;1.465131894838134570e+13;1.465114982879278711e+13;1.465097443741800195e+13;1.465079254322082422e+13;1.465060390676804883e+13;1.465040827993759180e+13;1.465020540560982422e+13;1.464999501735141016e+13;1.464977683908987109e+13;1.464955058477528711e+13;1.464931595803290820e+13;1.464907265180202344e+13;1.464882034796737305e+13;1.464855871697542773e+13;1.464828741743850391e+13;1.464800609572878320e+13;1.464771438555746875e+13;1.464741190754209180e+13;1.464709826875883984e+13;1.464677306228514844e+13;1.464643586672466406e+13;1.464608624571648438e+13;1.464572374743506055e+13;1.464534790407322461e+13;1.464495823130808789e+13;1.464455422775288281e+13;1.464413537439541602e+13;1.464370113401679492e+13;1.464325095059523047e+13;1.464278424869717188e+13;1.464230043284535938e+13;1.464179888687560742e+13;1.464127897327508203e+13;1.464074003249995508e+13;1.464018138228264258e+13;1.463960231691337500e+13;1.463900210651306641e+13;1.463837999628099805e+13;1.463773520572928516e+13;1.463706692789917578e+13;1.463637432855596680e+13;1.463565654537435938e+13;1.463491268709833398e+13;1.463414183268678516e+13;1.463334303044404492e+13;1.463251529713158203e+13;1.463165761706258398e+13;1.463076894118257227e+13;1.462984818613261133e+13;1.462889423329854297e+13;1.462790592784283594e+13;1.462688207772795117e+13;1.462582145272061719e+13;1.462472278338647070e+13;1.462358476007330273e+13;1.462240603188142969e+13;1.462118520562809766e+13;1.461992084479829688e+13;1.461861146849432227e+13;1.461725555037407227e+13;1.461585151758673438e+13;1.461439774970846289e+13;1.461289257767042383e+13;1.461133428269279883e+13;1.460972109521946289e+13;1.460805119385523828e+13;1.460632270431087305e+13;1.460453369835597461e+13;1.460268219278677539e+13;1.460076614839849805e+13;1.459878346898071289e+13;1.459673200033137695e+13;1.459460952928571094e+13;1.459241378277753906e+13;1.459014242692040234e+13;1.458779306612436133e+13;1.458536324224203320e+13;1.458285043375585352e+13;1.458025205500045898e+13;1.457756545543316016e+13;1.457478791894738672e+13;1.457191666324213281e+13;1.456894883923883984e+13;1.456588153056419141e+13;1.456271175308894531e+13;1.455943645453468750e+13;1.455605251415351953e+13;1.455255674247322266e+13;1.454894588113039648e+13;1.454521660277536719e+13;1.454136551106948438e+13;1.453738914076841602e+13
1.520881185422819336e+13;1.520876670914596289e+13;1.520871988184130078e+13;1.520867130973903320e+13;1.520862092794459961e+13;1.520856866915887500e+13;1.520851446358894922e+13;1.520845823885799023e+13;1.520839991990834570e+13;1.520833942890463867e+13;1.520827668513215430e+13;1.520821160488906445e+13;1.520814410137915820e+13;1.520807408459759180e+13;1.520800146121372266e+13;1.520792613444922852e+13;1.520784800395256055e+13;1.520776696566813281e+13;1.520768291170154297e+13;1.520759573017870703e+13;1.520750530510304492e+13;1.520741151620309375e+13;1.520731423877877148e+13;1.520721334353877734e+13;1.520710869643736328e+13;1.520700015849888477e+13;1.520688758564018164e+13;1.520677082848733398e+13;1.520664973218288672e+13;1.520652413618844141e+13;1.520639387408162109e+13;1.520625877334276172e+13;1.520611865513564258e+13;1.520597333408274219e+13;1.520582261803121680e+13;1.520566630780609180e+13;1.520550419696569141e+13;1.520533607154003711e+13;1.520516170976158398e+13;1.520498088179111328e+13;1.520479334942900195e+13;1.520459886582198047e+13;1.520439717515635156e+13;1.520418801234272656e+13;1.520397110268831445e+13;1.520374616156336719e+13;1.520351289405135742e+13;1.520327099459000391e+13;1.520302014660145898e+13;1.520276002210887695e+13;1.520249028134353125e+13;1.520221057233528711e+13;1.520192053049440234e+13;1.520161977817776172e+13;1.520130792424269336e+13;1.520098456358685547e+13;1.520064927667232422e+13;1.520030162903894727e+13;1.519994117080024805e+13;1.519956743612514453e+13;1.519917994270448438e+13;1.519877819120122656e+13;1.519836166468670898e+13;1.519792982805827930e+13;1.519748212744407422e+13;1.519701798958524414e+13;1.519653682120839648e+13;1.519603800837822070e+13;1.519552091582708984e+13;1.519498488627787695e+13;1.519442923974063672e+13;1.519385327279435742e+13;1.519325625785234375e+13;1.519263744240470898e+13;1.519199604825018945e+13;1.519133127070114062e+13;1.519064227777925391e+13;1.518992820938439062e+13;1.518918817645229883e+13;1.518842126009214062e+13;1.518762651070219922e+13;1.518680294707578320e+13;1.518594955548432812e+13;1.518506528874270703e+13;1.518414906526282422e+13;1.518319976808601953e+13;1.518221624390455664e+13;1.518119730206182617e+13;1.518014171354566602e+13;1.517904820996038086e+13;1.517791548249150781e+13;1.517674218085630664e+13;1.517552691224227344e+13;1.517426824023812109e+13;1.517296468375306836e+13;1.517161471593170703e+13;1.517021676305891211e+13;1.516876920346351562e+13;1.516727036641817773e+13;1.516571853103506641e+13;1.516411192516474805e+13;1.516244872429755273e+13;1.516072705046466016e+13;1.515894497115330078e+13;1.515710049822338477e+13;1.515519158683972461e+13;1.515321613441462500e+13;1.515117197956740820e+13;1.514905690110887305e+13;1.514686861703461328e+13;1.514460478355592383e+13;1.514226299415124609e+13;1.513984077864977148e+13;1.513733560235254883e+13;1.513474486518404492e+13;1.513206590089203320e+13;1.512929597628834766e+13;1.512643229053806445e+13;1.512347197450315820e+13;1.512041209013562500e+13;1.511724962993841016e+13;1.511398151648212305e+13;1.511060460199454492e+13;1.510711566801850586e+13;1.510351142514381250e+13;1.509978851282334961e+13;1.509594349926574219e+13;1.509197288142087305e+13
1.578387394970175195e+13;1.578382906229497461e+13;1.578378250216612500e+13;1.578373420708569531e+13;1.578368411251748438e+13;1.578363215153277344e+13;1.578357825472223242e+13;1.578352235010523828e+13;1.578346436303703516e+13;1.578340421610705664e+13;1.578334182903950586e+13;1.578327711858992578e+13;1.578320999843296094e+13;1.578314037905089648e+13;1.578306816761816016e+13;1.578299326787938672e+13;1.578291558002080664e+13;1.578283500054634961e+13;1.578275142213773438e+13;1.578266473351921875e+13;1.578257481930994922e+13;1.578248155987650000e+13;1.578238483117727539e+13;1.578228450460333008e+13;1.578218044681118750e+13;1.578207251955173047e+13;1.578196057949350195e+13;1.578184447803677930e+13;1.578172406112456836e+13;1.578159916904477930e+13;1.578146963622681641e+13;1.578133529103124219e+13;1.578119595552960156e+13;1.578105144528022461e+13;1.578090156909406055e+13;1.578074612879242188e+13;1.578058491895887109e+13;1.578041772667888477e+13;1.578024433127421875e+13;1.578006450402493164e+13;1.577987800788646680e+13;1.577968459719116602e+13;1.577948401734715430e+13;1.577927600452012305e+13;1.577906028530971484e+13;1.577883657641122656e+13;1.577860458427094531e+13;1.577836400472580664e+13;1.577811452263335547e+13;1.577785581149023047e+13;1.577758753303615039e+13;1.577730933684848828e+13;1.577702085992240430e+13;1.577672172623583594e+13;1.577641154630466016e+13;1.577608991672185547e+13;1.577575641968133984e+13;1.577541062249060938e+13;1.577505207706574414e+13;1.577468031941279492e+13;1.577429486909260742e+13;1.577389522867094727e+13;1.577348088315182812e+13;1.577305129939467969e+13;1.577260592551650781e+13;1.577214419027259180e+13;1.577166550242680859e+13;1.577116925009820508e+13;1.577065480009373633e+13;1.577012149722216797e+13;1.576956866358858008e+13;1.576899559787294727e+13;1.576840157458909375e+13;1.576778584332516016e+13;1.576714762796528906e+13;1.576648612589306445e+13;1.576580050717435742e+13;1.576508991372777930e+13;1.576435345846526953e+13;1.576359022442576367e+13;1.576279926388219727e+13;1.576197959743342969e+13;1.576113021307967383e+13;1.576025006527312109e+13;1.575933807396179883e+13;1.575839312360545703e+13;1.575741406218216602e+13;1.575639970017572266e+13;1.575534880954613477e+13;1.575426012268969141e+13;1.575313233137896680e+13;1.575196408569549219e+13;1.575075399294411523e+13;1.574950061656014453e+13;1.574820247500495703e+13;1.574685804065120703e+13;1.574546573866173242e+13;1.574402394586182031e+13;1.574253098960535742e+13;1.574098514663845312e+13;1.573938464196164453e+13;1.573772764769265039e+13;1.573601228192968164e+13;1.573423660762025195e+13;1.573239863143751562e+13;1.573049630266225391e+13;1.572852751207988086e+13;1.572649009088860547e+13;1.572438180962325195e+13;1.572220037710376562e+13;1.571994343939793945e+13;1.571760857881544922e+13;1.571519331292839844e+13;1.571269509362332422e+13;1.571011130618556641e+13;1.570743926842876562e+13;1.570467622985810352e+13;1.570181937088553711e+13;1.569886580209014453e+13;1.569581256353492578e+13;1.569265662413673633e+13;1.568939488110075586e+13;1.568602415941558594e+13;1.568254121142243164e+13;1.567894271645171875e+13;1.567522528053849219e+13;1.567138543622084766e+13;1.566741964241986328e+13
1.638050360347470312e+13;1.638045895733301758e+13;1.638041264736208398e+13;1.638036461165621484e+13;1.638031478601392578e+13;1.638026310385229492e+13;1.638020949612181250e+13;1.638015389121405859e+13;1.638009621486748047e+13;1.638003639006950000e+13;1.637997433695749805e+13;1.637990997271100195e+13;1.637984321144642578e+13;1.637977396410307031e+13;1.637970213832575977e+13;1.637962763834683594e+13;1.637955036485926367e+13;1.637947021488635352e+13;1.637938708165147266e+13;1.637930085443457422e+13;1.637921141843315234e+13;1.637911865460820898e+13;1.637902243953496094e+13;1.637892264524009375e+13;1.637881913903760352e+13;1.637871178335758008e+13;1.637860043556873633e+13;1.637848494779597656e+13;1.637836516672902148e+13;1.637824093342775977e+13;1.637811208311723047e+13;1.637797844497874023e+13;1.637783984193066602e+13;1.637769609040566406e+13;1.637754700011312695e+13;1.637739237380421680e+13;1.637723200701890820e+13;1.637706568782672461e+13;1.637689319656424023e+13;1.637671430555646875e+13;1.637652877883269922e+13;1.637633637183270312e+13;1.637613683110098047e+13;1.637592989397369141e+13;1.637571528825045312e+13;1.637549273186382227e+13;1.637526193252596484e+13;1.637502258737538477e+13;1.637477438260528711e+13;1.637451699308013672e+13;1.637425008194338281e+13;1.637397330020845117e+13;1.637368628634148633e+13;1.637338866582608008e+13;1.637308005071470117e+13;1.637276003917282812e+13;1.637242821499895508e+13;1.637208414713764648e+13;1.637172738917317773e+13;1.637135747880878906e+13;1.637097393733498047e+13;1.637057626907294922e+13;1.637016396081078906e+13;1.636973648121564844e+13;1.636929328023589648e+13;1.636883378847956250e+13;1.636835741658071680e+13;1.636786355454498047e+13;1.636735157107838086e+13;1.636682081289673633e+13;1.636627060402066992e+13;1.636570024504283789e+13;1.636510901238891602e+13;1.636449615754886133e+13;1.636386090629400781e+13;1.636320245787567969e+13;1.636251998420107031e+13;1.636181262899269727e+13;1.636107950692669141e+13;1.636031970275339844e+13;1.635953227039661914e+13;1.635871623203734961e+13;1.635787057717349219e+13;1.635699426166324219e+13;1.635608620675365430e+13;1.635514529808441992e+13;1.635417038467761914e+13;1.635316027791044141e+13;1.635211375047035156e+13;1.635102953529281445e+13;1.634990632448603711e+13;1.634874276824086328e+13;1.634753747372295898e+13;1.634628900395688477e+13;1.634499587669504492e+13;1.634365656327908203e+13;1.634226948748780859e+13;1.634083302437998242e+13;1.633934549912797461e+13;1.633780518585022656e+13;1.633621030643361523e+13;1.633455902936163281e+13;1.633284946853615625e+13;1.633107968210623828e+13;1.632924767129682812e+13;1.632735137924864258e+13;1.632538868986251758e+13;1.632335742665757617e+13;1.632125535164494922e+13;1.631908016421383984e+13;1.631682950004121680e+13;1.631450093002171484e+13;1.631209195922504492e+13;1.630960002588062305e+13;1.630702250039761328e+13;1.630435668441414844e+13;1.630159980989498047e+13;1.629874903826397656e+13;1.629580145958624023e+13;1.629275409180180078e+13;1.628960388001236914e+13;1.628634769582606641e+13;1.628298233676216797e+13;1.627950452572833789e+13;1.627591091056083008e+13;1.627219806364313086e+13;1.626836248160243945e+13;1.626440058508803125e+13
1.699938616699590430e+13;1.699934174600545898e+13;1.699929566948244727e+13;1.699924787582222266e+13;1.699919830113505469e+13;1.699914687916267578e+13;1.699909354118986719e+13;1.699903821595316797e+13;1.699898082954984961e+13;1.699892130533899219e+13;1.699885956384072852e+13;1.699879552263215039e+13;1.699872909624075977e+13;1.699866019602968359e+13;1.699858873008414648e+13;1.699851460309148047e+13;1.699843771621287891e+13;1.699835796695991797e+13;1.699827524905648438e+13;1.699818945230362500e+13;1.699810046243432031e+13;1.699800816096535547e+13;1.699791242504483008e+13;1.699781312729096680e+13;1.699771013563063477e+13;1.699760331312543945e+13;1.699749251779613086e+13;1.699737760244078516e+13;1.699725841444528516e+13;1.699713479558562109e+13;1.699700658182801953e+13;1.699687360311568555e+13;1.699673568315654492e+13;1.699659263919304883e+13;1.699644428177315234e+13;1.699629041450910547e+13;1.699613083382874805e+13;1.699596532871746484e+13;1.699579368045401758e+13;1.699561566233153320e+13;1.699543103937898633e+13;1.699523956806077539e+13;1.699504099597617383e+13;1.699483506154702734e+13;1.699462149368584570e+13;1.699440001146995898e+13;1.699417032378588672e+13;1.699393212897639258e+13;1.699368511447062891e+13;1.699342895639908594e+13;1.699316331920251758e+13;1.699288785522338672e+13;1.699260220428577539e+13;1.699230599326195898e+13;1.699199883562620508e+13;1.699168033099112109e+13;1.699135006463534961e+13;1.699100760700937891e+13;1.699065251323369727e+13;1.699028432257358398e+13;1.698990255790622461e+13;1.698950672516570508e+13;1.698909631277467383e+13;1.698867079105613867e+13;1.698822961163421680e+13;1.698777220680892578e+13;1.698729798891966406e+13;1.698680634969102734e+13;1.698629665955618359e+13;1.698576826696242773e+13;1.698522049766062695e+13;1.698465265397558203e+13;1.698406401405451758e+13;1.698345383109511719e+13;1.698282133256107812e+13;1.698216571936743555e+13;1.698148616505724609e+13;1.698078181494871680e+13;1.698005178526735156e+13;1.697929516225855469e+13;1.697851100127603125e+13;1.697769832585563086e+13;1.697685612676550391e+13;1.697598336103843359e+13;1.697507895098373633e+13;1.697414178318104297e+13;1.697317070745464062e+13;1.697216453583149609e+13;1.697112204147556836e+13;1.697004195761231445e+13;1.696892297643278516e+13;1.696776374797962500e+13;1.696656287902146484e+13;1.696531893191302344e+13;1.696403042343766406e+13;1.696269582364174805e+13;1.696131355465668555e+13;1.695988198950877930e+13;1.695839945092521680e+13;1.695686421012871094e+13;1.695527448562820703e+13;1.695362844200648828e+13;1.695192418870315430e+13;1.695015977880332422e+13;1.694833320782049023e+13;1.694644241249091406e+13;1.694448526956919141e+13;1.694245959463721094e+13;1.694036314091944336e+13;1.693819359811967188e+13;1.693594859126641992e+13;1.693362567958777734e+13;1.693122235539778711e+13;1.692873604302167773e+13;1.692616409773996094e+13;1.692350380477419141e+13;1.692075237830023242e+13;1.691790696051104688e+13;1.691496462071570508e+13;1.691192235449126562e+13;1.690877708288070508e+13;1.690552565165348242e+13;1.690216483061754688e+13;1.689869131300278711e+13;1.689510171490535938e+13;1.689139257480612695e+13;1.688756035316912305e+13;1.688360143211312109e+13
1.764122194523551562e+13;1.764117773360331250e+13;1.764113187415004688e+13;1.764108430555125000e+13;1.764103496420728516e+13;1.764098378415976953e+13;1.764093069700407422e+13;1.764087563179810938e+13;1.764081851497259766e+13;1.764075927023015234e+13;1.764069781844704297e+13;1.764063407757001562e+13;1.764056796250660547e+13;1.764049938501546484e+13;1.764042825358908984e+13;1.764035447333520312e+13;1.764027794585405078e+13;1.764019856910535938e+13;1.764011623728137500e+13;1.764003084066379297e+13;1.763994226548292578e+13;1.763985039377118750e+13;1.763975510320718750e+13;1.763965626695975781e+13;1.763955375352166016e+13;1.763944742653939062e+13;1.763933714463927344e+13;1.763922276124283203e+13;1.763910412438024219e+13;1.763898107649162891e+13;1.763885345422878516e+13;1.763872108824262500e+13;1.763858380296783594e+13;1.763844141639990625e+13;1.763829373985996875e+13;1.763814057775869531e+13;1.763798172734494141e+13;1.763781697844996094e+13;1.763764611322313281e+13;1.763746890585382812e+13;1.763728512229255078e+13;1.763709451995085547e+13;1.763689684740366016e+13;1.763669184407031641e+13;1.763647923989410156e+13;1.763625875500472656e+13;1.763603009937341797e+13;1.763579297245164062e+13;1.763554706280615625e+13;1.763529204773444922e+13;1.763502759286895312e+13;1.763475335177357031e+13;1.763446896552155078e+13;1.763417406226057812e+13;1.763386825676703516e+13;1.763355114998301953e+13;1.763322232854136328e+13;1.763288136427319531e+13;1.763252781370148438e+13;1.763216121751971484e+13;1.763178110005375000e+13;1.763138696870782812e+13;1.763097831339166016e+13;1.763055460593606641e+13;1.763011529948408203e+13;1.762965982787053125e+13;1.762918760497940234e+13;1.762869802408655469e+13;1.762819045718030859e+13;1.762766425426559766e+13;1.762711874264744922e+13;1.762655322619727344e+13;1.762596698459551172e+13;1.762535927255916406e+13;1.762472931904571875e+13;1.762407632643787109e+13;1.762339946970775391e+13;1.762269789556196094e+13;1.762197072156456250e+13;1.762121703523825000e+13;1.762043589314714844e+13;1.761962631996052734e+13;1.761878730748684375e+13;1.761791781370247656e+13;1.761701676174447266e+13;1.761608303889515234e+13;1.761511549553919531e+13;1.761411294410668750e+13;1.761307415799292969e+13;1.761199787046234766e+13;1.761088277353400781e+13;1.760972751684822266e+13;1.760853070652024609e+13;1.760729090397250391e+13;1.760600662475710156e+13;1.760467633736351172e+13;1.760329846200832422e+13;1.760187136942312109e+13;1.760039337962078516e+13;1.759886276066187891e+13;1.759727772740826562e+13;1.759563644027467578e+13;1.759393700397153906e+13;1.759217746625113086e+13;1.759035581664912109e+13;1.758846998523063477e+13;1.758651784133985742e+13;1.758449719235476953e+13;1.758240578245433594e+13;1.758024129139293945e+13;1.757800133329416016e+13;1.757568345545684375e+13;1.757328513718645898e+13;1.757080378864715039e+13;1.756823674974045117e+13;1.756558128901600586e+13;1.756283460261322070e+13;1.755999381324363281e+13;1.755705596921258789e+13;1.755401804348364648e+13;1.755087693279486719e+13;1.754762945682772852e+13;1.754427235742834766e+13;1.754080229789649219e+13;1.753721586233260352e+13;1.753350955505847070e+13;1.752967980010955469e+13;1.752572294080647852e+13
1.830672674352719922e+13;1.830668272580259766e+13;1.830663706739705859e+13;1.830658970724446484e+13;1.830654058201379688e+13;1.830648962602308594e+13;1.830643677115537891e+13;1.830638194676702734e+13;1.830632507959432422e+13;1.830626609365991406e+13;1.830620491016877734e+13;1.830614144740796484e+13;1.830607562063800000e+13;1.830600734198092578e+13;1.830593652030783984e+13;1.830586306111528125e+13;1.830578686640601172e+13;1.830570783455689062e+13;1.830562586019048047e+13;1.830554083403322266e+13;1.830545264277580469e+13;1.830536116892473047e+13;1.830526629065012891e+13;1.830516788162646875e+13;1.830506581087035938e+13;1.830495994256892188e+13;1.830485013590598438e+13;1.830473624487807812e+13;1.830461811810908984e+13;1.830449559865257422e+13;1.830436852379108984e+13;1.830423672482710938e+13;1.830410002686769922e+13;1.830395824859865625e+13;1.830381120205546875e+13;1.830365869238169531e+13;1.830350051758355469e+13;1.830333646827038281e+13;1.830316632739096484e+13;1.830298986996003516e+13;1.830280686277420312e+13;1.830261706411525000e+13;1.830242022345305078e+13;1.830221608112482812e+13;1.830200436801789062e+13;1.830178480522859766e+13;1.830155710372003516e+13;1.830132096396160547e+13;1.830107607556156641e+13;1.830082211688224609e+13;1.830055875464991797e+13;1.830028564354338672e+13;1.830000242577553516e+13;1.829970873065789453e+13;1.829940417415431250e+13;1.829908835841882812e+13;1.829876087131608594e+13;1.829842128593111719e+13;1.829806916006186328e+13;1.829770403569757812e+13;1.829732543847554297e+13;1.829693287712919531e+13;1.829652584291330469e+13;1.829610380901554297e+13;1.829566622994882031e+13;1.829521254092590234e+13;1.829474215721453906e+13;1.829425447347860547e+13;1.829374886309435938e+13;1.829322467745064453e+13;1.829268124523092578e+13;1.829211787167143750e+13;1.829153383780375000e+13;1.829092839967269531e+13;1.829030078753692578e+13;1.828965020504841406e+13;1.828897582841011328e+13;1.828827680550927734e+13;1.828755225503869141e+13;1.828680126558502734e+13;1.828602289470641406e+13;1.828521616798033984e+13;1.828438007803408984e+13;1.828351358355540625e+13;1.828261560827891797e+13;1.828168503995191797e+13;1.828072072928003906e+13;1.827972148885339062e+13;1.827868609205220312e+13;1.827761327193160156e+13;1.827650172008549219e+13;1.827535008549986328e+13;1.827415697337542969e+13;1.827292094394773828e+13;1.827164051127530469e+13;1.827031414202642188e+13;1.826894025424260547e+13;1.826751721609015625e+13;1.826604334460360156e+13;1.826451690441323047e+13;1.826293610646653516e+13;1.826129910674133984e+13;1.825960400495023047e+13;1.825784884324542188e+13;1.825603160491631250e+13;1.825415021309086719e+13;1.825220252943464062e+13;1.825018635285805078e+13;1.824809941822882422e+13;1.824593939509039062e+13;1.824370388639796484e+13;1.824139042726348438e+13;1.823899648372448438e+13;1.823651945152693359e+13;1.823395665493790625e+13;1.823130534558017578e+13;1.822856270130545703e+13;1.822572582509041016e+13;1.822279174398394531e+13;1.821975740808721484e+13;1.821661968958023047e+13;1.821337538180339453e+13;1.821002119838887500e+13;1.820655377244883203e+13;1.820296965583039453e+13;1.819926531843247656e+13;1.819543714759528516e+13;1.819148144756641797e+13
1.899663249008574609e+13;1.899658865118558203e+13;1.899654317818441016e+13;1.899649601025538672e+13;1.899644708431423828e+13;1.899639633493403516e+13;1.899634369426306641e+13;1.899628909193112500e+13;1.899623245495758203e+13;1.899617370765737891e+13;1.899611277153961328e+13;1.899604956520375391e+13;1.899598400423467188e+13;1.899591600109078906e+13;1.899584546498788281e+13;1.899577230178188672e+13;1.899569641384601562e+13;1.899561769994069531e+13;1.899553605508275781e+13;1.899545137040818750e+13;1.899536353303023828e+13;1.899527242589234766e+13;1.899517792761437109e+13;1.899507991233651172e+13;1.899497824955575000e+13;1.899487280395507422e+13;1.899476343523089062e+13;1.899464999790661719e+13;1.899453234115185938e+13;1.899441030858114453e+13;1.899428373805687891e+13;1.899415246147851953e+13;1.899401630456738672e+13;1.899387508664437500e+13;1.899372862039825000e+13;1.899357671164461719e+13;1.899341915908005859e+13;1.899325575402728125e+13;1.899308628016749609e+13;1.899291051326845703e+13;1.899272822089907422e+13;1.899253916213854688e+13;1.899234308727108203e+13;1.899213973747483203e+13;1.899192884449415234e+13;1.899171013030896484e+13;1.899148330678496094e+13;1.899124807531775781e+13;1.899100412646341016e+13;1.899075113955429297e+13;1.899048878230736719e+13;1.899021671041359375e+13;1.898993456711984766e+13;1.898964198279304297e+13;1.898933857447226172e+13;1.898902394540419531e+13;1.898869768456751562e+13;1.898835936617842578e+13;1.898800854918478516e+13;1.898764477673689062e+13;1.898726757565287109e+13;1.898687645585699609e+13;1.898647090980842188e+13;1.898605041190594141e+13;1.898561441788234766e+13;1.898516236417479297e+13;1.898469366727982031e+13;1.898420772308636328e+13;1.898370390619289062e+13;1.898318156920401172e+13;1.898264004200704297e+13;1.898207863102723828e+13;1.898149661846212109e+13;1.898089326150143359e+13;1.898026779151442578e+13;1.897961941322720312e+13;1.897894730387295312e+13;1.897825061232109375e+13;1.897752845818321094e+13;1.897677993090093750e+13;1.897600408880975781e+13;1.897519995817887500e+13;1.897436653223023438e+13;1.897350277013836719e+13;1.897260759600404297e+13;1.897167989780436328e+13;1.897071852633149609e+13;1.896972229409549609e+13;1.896868997421633594e+13;1.896762029929289062e+13;1.896651196024729688e+13;1.896536360515527734e+13;1.896417383805305859e+13;1.896294121772771875e+13;1.896166425648841406e+13;1.896034141892088672e+13;1.895897112062706641e+13;1.895755172694734766e+13;1.895608155167108594e+13;1.895455885573279297e+13;1.895298184589964844e+13;1.895134867344394141e+13;1.894965743281561328e+13;1.894790616029774609e+13;1.894609283266780078e+13;1.894421536584922266e+13;1.894227161356378906e+13;1.894025936599114844e+13;1.893817634842170312e+13;1.893602021992793750e+13;1.893378857203391016e+13;1.893147892740715625e+13;1.892908873855699219e+13;1.892661538655584375e+13;1.892405617977993750e+13;1.892140835267353516e+13;1.891866906454354297e+13;1.891583539838429688e+13;1.891290435973527344e+13;1.890987287558314844e+13;1.890673779329955859e+13;1.890349587963222656e+13;1.890014381974360547e+13;1.889667821630532812e+13;1.889309558864992188e+13;1.888939237199209375e+13;1.888556491670914453e+13;1.888160948770200000e+13
1.971168793811816016e+13;1.971164426334324219e+13;1.971159896050366016e+13;1.971155196899056250e+13;1.971150322594558203e+13;1.971145266617709375e+13;1.971140022207444922e+13;1.971134582351738281e+13;1.971128939778623047e+13;1.971123086946297656e+13;1.971117016033371094e+13;1.971110718928582031e+13;1.971104187220013281e+13;1.971097412184138281e+13;1.971090384774338281e+13;1.971083095608974219e+13;1.971075534959178125e+13;1.971067692736038672e+13;1.971059558477437891e+13;1.971051121334370312e+13;1.971042370056726562e+13;1.971033292978669141e+13;1.971023878003450391e+13;1.971014112587622656e+13;1.971003983724609375e+13;1.970993477928107031e+13;1.970982581214288672e+13;1.970971279083905469e+13;1.970959556503493750e+13;1.970947397885720312e+13;1.970934787069639453e+13;1.970921707299670312e+13;1.970908141203940234e+13;1.970894070772344531e+13;1.970879477332991797e+13;1.970864341528719531e+13;1.970848643292267969e+13;1.970832361820541797e+13;1.970815475548141797e+13;1.970797962120276562e+13;1.970779798364163281e+13;1.970760960259776953e+13;1.970741422909684766e+13;1.970721160507478906e+13;1.970700146305764844e+13;1.970678352581980859e+13;1.970655750604771484e+13;1.970632310597162109e+13;1.970608001700392188e+13;1.970582791935185938e+13;1.970556648162517578e+13;1.970529536042773438e+13;1.970501419993518750e+13;1.970472263146362500e+13;1.970442027301465625e+13;1.970410672881744141e+13;1.970378158884615625e+13;1.970344442832777734e+13;1.970309480723451953e+13;1.970273226975416797e+13;1.970235634375165625e+13;1.970196654020862891e+13;1.970156235264754688e+13;1.970114325653907812e+13;1.970070870868896484e+13;1.970025814660897656e+13;1.969979098786866016e+13;1.969930662942477344e+13;1.969880444693688672e+13;1.969828379405971094e+13;1.969774400171206250e+13;1.969718437733395312e+13;1.969660420411472656e+13;1.969600274019956641e+13;1.969537921788648047e+13;1.969473284278416797e+13;1.969406279296132031e+13;1.969336821806721484e+13;1.969264823843307031e+13;1.969190194414653516e+13;1.969112839410922266e+13;1.969032661506742969e+13;1.968949560061842578e+13;1.968863431020108984e+13;1.968774166805424219e+13;1.968681656215983594e+13;1.968585784315682812e+13;1.968486432324125000e+13;1.968383477503376172e+13;1.968276793043232031e+13;1.968166247944210156e+13;1.968051706898041797e+13;1.967933030166650000e+13;1.967810073458690625e+13;1.967682687804387500e+13;1.967550719428557422e+13;1.967414009621270312e+13;1.967272394608041797e+13;1.967125705416999609e+13;1.966973767745912891e+13;1.966816401826897266e+13;1.966653422290385156e+13;1.966484638028487891e+13;1.966309852056409375e+13;1.966128861374030469e+13;1.965941456827030078e+13;1.965747422967117578e+13;1.965546537912636328e+13;1.965338573209081250e+13;1.965123293690344531e+13;1.964900457340221484e+13;1.964669815155051562e+13;1.964431111007559375e+13;1.964184081512253516e+13;1.963928455892401953e+13;1.963663955849419141e+13;1.963390295434803125e+13;1.963107180924456250e+13;1.962814310696908984e+13;1.962511375114457422e+13;1.962198056408774219e+13;1.961874028570449609e+13;1.961538957243840625e+13;1.961192499626804688e+13;1.960834304375904297e+13;1.960464011518078906e+13;1.960081252368597266e+13;1.959685649456014453e+13
2.045265945110546094e+13;2.045261592616393359e+13;2.045257077866431250e+13;2.045252394819625781e+13;2.045247537210794531e+13;2.045242498542115234e+13;2.045237272074464844e+13;2.045231850818710547e+13;2.045226227526406641e+13;2.045220394680186328e+13;2.045214344484025000e+13;2.045208068852528516e+13;2.045201559400933594e+13;2.045194807433613281e+13;2.045187803932688672e+13;2.045180539546355078e+13;2.045173004576644922e+13;2.045165188966376172e+13;2.045157082286270703e+13;2.045148673721328906e+13;2.045139952056540234e+13;2.045130905662257031e+13;2.045121522479084375e+13;2.045111790002055469e+13;2.045101695264563672e+13;2.045091224821328125e+13;2.045080364730866406e+13;2.045069100537600391e+13;2.045057417253018359e+13;2.045045299336291406e+13;2.045032730674319141e+13;2.045019694560678125e+13;2.045006173674244141e+13;2.044992150057062891e+13;2.044977605091163281e+13;2.044962519474608594e+13;2.044946873196853906e+13;2.044930645513226562e+13;2.044913814918500000e+13;2.044896359119527344e+13;2.044878255006830469e+13;2.044859478625309766e+13;2.044840005144193750e+13;2.044819808825350391e+13;2.044798862991352344e+13;2.044777139991469141e+13;2.044754611167408594e+13;2.044731246817297656e+13;2.044707016159015234e+13;2.044681887291414453e+13;2.044655827155378906e+13;2.044628801492565234e+13;2.044600774803526953e+13;2.044571710304025391e+13;2.044541569880053516e+13;2.044510314041434766e+13;2.044477901873808594e+13;2.044444290989286719e+13;2.044409437475351953e+13;2.044373295842105078e+13;2.044335818967898438e+13;2.044296958043471875e+13;2.044256662514025000e+13;2.044214880019708984e+13;2.044171556334167578e+13;2.044126635301465625e+13;2.044080058770665625e+13;2.044031766528911719e+13;2.043981696232421875e+13;2.043929783335280078e+13;2.043875961016146094e+13;2.043820160103258203e+13;2.043762308997066797e+13;2.043702333590459766e+13;2.043640157187106641e+13;2.043575700417784375e+13;2.043508881153800000e+13;2.043439614418655078e+13;2.043367812297374609e+13;2.043293383843155859e+13;2.043216234982033984e+13;2.043136268415213281e+13;2.043053383518682031e+13;2.042967476240690234e+13;2.042878438996896875e+13;2.042786160563128516e+13;2.042690525965582812e+13;2.042591416368828516e+13;2.042488708961467188e+13;2.042382276839570703e+13;2.042271988887517578e+13;2.042157709656980469e+13;2.042039299243388281e+13;2.041916613160537891e+13;2.041789502212855859e+13;2.041657812365823438e+13;2.041521384614362109e+13;2.041380054849416797e+13;2.041233653722862500e+13;2.041082006510659375e+13;2.040924932974535156e+13;2.040762247222359375e+13;2.040593757567050000e+13;2.040419266384714453e+13;2.040238569971832031e+13;2.040051458401105469e+13;2.039857715377967188e+13;2.039657118095493750e+13;2.039449437090034375e+13;2.039234436096646484e+13;2.039011871905006641e+13;2.038781494216074609e+13;2.038543045499196875e+13;2.038296260851225781e+13;2.038040867856456641e+13;2.037776586448825391e+13;2.037503128776002344e+13;2.037220199066442188e+13;2.036927493498753906e+13;2.036624700075019531e+13;2.036311498497046875e+13;2.035987560047339844e+13;2.035652547474082812e+13;2.035306114881463281e+13;2.034947907624652734e+13;2.034577562211220703e+13;2.034194706208516797e+13;2.033798958157425391e+13
2.122033187456119531e+13;2.122028848558580078e+13;2.122024347904486328e+13;2.122019679470883984e+13;2.122014837011130859e+13;2.122009814046653125e+13;2.122004603858372266e+13;2.121999199477799219e+13;2.121993593677736719e+13;2.121987778962950781e+13;2.121981747560144141e+13;2.121975491407635938e+13;2.121969002144970312e+13;2.121962271101673438e+13;2.121955289286053125e+13;2.121948047373237500e+13;2.121940535692813281e+13;2.121932744216606250e+13;2.121924662544854297e+13;2.121916279893342188e+13;2.121907585078467188e+13;2.121898566503323438e+13;2.121889212142251562e+13;2.121879509525107422e+13;2.121869445720971875e+13;2.121859007321627344e+13;2.121848180423703906e+13;2.121836950610982812e+13;2.121825302935443750e+13;2.121813221897855469e+13;2.121800691428203125e+13;2.121787694864305078e+13;2.121774214930604297e+13;2.121760233715945703e+13;2.121745732650579688e+13;2.121730692482096094e+13;2.121715093250826953e+13;2.121698914264507812e+13;2.121682134071651562e+13;2.121664730434121094e+13;2.121646680299052344e+13;2.121627959769356641e+13;2.121608544073677344e+13;2.121588407534783984e+13;2.121567523537486719e+13;2.121545864494766797e+13;2.121523401813536719e+13;2.121500105858429688e+13;2.121475945915149219e+13;2.121450890151935156e+13;2.121424905580052344e+13;2.121397958012990625e+13;2.121370012024439844e+13;2.121341030904134375e+13;2.121310976613408594e+13;2.121279809738219531e+13;2.121247489441356250e+13;2.121213973412892578e+13;2.121179217818836719e+13;2.121143177248373047e+13;2.121105804659431641e+13;2.121067051322370703e+13;2.121026866762279297e+13;2.120985198698772266e+13;2.120941992984698438e+13;2.120897193542648047e+13;2.120850742299296875e+13;2.120802579118116797e+13;2.120752641730078906e+13;2.120700865662102344e+13;2.120647184163421094e+13;2.120591528129944531e+13;2.120533826026654297e+13;2.120474003807011719e+13;2.120411984831269922e+13;2.120347689781599609e+13;2.120281036575075000e+13;2.120211940274903906e+13;2.120140312998509375e+13;2.120066063823676562e+13;2.119989098692262891e+13;2.119909320311367578e+13;2.119826628052169922e+13;2.119740917846111719e+13;2.119652082079012109e+13;2.119560009482167969e+13;2.119464585021603516e+13;2.119365689784266797e+13;2.119263200862354688e+13;2.119156991234651953e+13;2.119046929645987500e+13;2.118932880484065234e+13;2.118814703653638672e+13;2.118692254449339453e+13;2.118565383425176953e+13;2.118433936262667188e+13;2.118297753636430859e+13;2.118156671078051172e+13;2.118010518837778906e+13;2.117859121744560938e+13;2.117702299064499219e+13;2.117539864357187891e+13;2.117371625331280859e+13;2.117197383698471484e+13;2.117016935025942188e+13;2.116830068588750781e+13;2.116636567220478516e+13;2.116436207164005078e+13;2.116228757921346875e+13;2.116013982104173438e+13;2.115791635283273828e+13;2.115561465839506250e+13;2.115323214814800781e+13;2.115076615764229297e+13;2.114821394609049609e+13;2.114557269492053125e+13;2.114283950633634375e+13;2.114001140191118359e+13;2.113708532120200781e+13;2.113405812039409375e+13;2.113092657097679297e+13;2.112768735846288672e+13;2.112433708114297266e+13;2.112087224888638281e+13;2.111728928199964062e+13;2.111358451012655078e+13;2.110975417121793750e+13;2.110579441056410156e+13
2.201550949720120312e+13;2.201546623076824609e+13;2.201542135126539453e+13;2.201537479862290625e+13;2.201532651054389453e+13;2.201527642241532812e+13;2.201522446722456641e+13;2.201517057547226953e+13;2.201511467507920312e+13;2.201505669128932422e+13;2.201499654657550000e+13;2.201493416053204297e+13;2.201486944977383984e+13;2.201480232782139062e+13;2.201473270499133203e+13;2.201466048827569141e+13;2.201458558122057812e+13;2.201450788380065234e+13;2.201442729228459766e+13;2.201434369910212500e+13;2.201425699270430078e+13;2.201416705741112891e+13;2.201407377326758594e+13;2.201397701588334375e+13;2.201387665626979688e+13;2.201377256067383594e+13;2.201366459040373828e+13;2.201355260164670703e+13;2.201343644528359375e+13;2.201331596669580859e+13;2.201319100556379297e+13;2.201306139566071094e+13;2.201292696463597266e+13;2.201278753379494531e+13;2.201264291786735156e+13;2.201249292477035938e+13;2.201233735535886328e+13;2.201217600317389453e+13;2.201200865417519141e+13;2.201183508647181641e+13;2.201165507003284766e+13;2.201146836640173438e+13;2.201127472838734375e+13;2.201107389975614844e+13;2.201086561490209375e+13;2.201064959851828906e+13;2.201042556524304297e+13;2.201019321930782422e+13;2.200995225416294141e+13;2.200970235209703516e+13;2.200944318383799609e+13;2.200917440814505859e+13;2.200889567139033984e+13;2.200860660711460547e+13;2.200830683558029688e+13;2.200799596330572266e+13;2.200767358258226172e+13;2.200733927097850391e+13;2.200699259082517578e+13;2.200663308868856250e+13;2.200626029482218750e+13;2.200587372260308203e+13;2.200547286794950391e+13;2.200505720872378125e+13;2.200462620411074609e+13;2.200417929398284375e+13;2.200371589823941797e+13;2.200323541613407422e+13;2.200273722557358594e+13;2.200222068240073828e+13;2.200168511965640625e+13;2.200112984681608203e+13;2.200055414900606250e+13;2.199995728620225000e+13;2.199933849239647266e+13;2.199869697474723828e+13;2.199803191270391016e+13;2.199734245710867969e+13;2.199662772927174219e+13;2.199588682002408594e+13;2.199511878874586328e+13;2.199432266236697656e+13;2.199349743434693359e+13;2.199264206362566406e+13;2.199175547355013672e+13;2.199083655077467578e+13;2.198988414414027344e+13;2.198889706351914062e+13;2.198787407864308594e+13;2.198681391790314062e+13;2.198571526712132812e+13;2.198457676830074219e+13;2.198339701834982031e+13;2.198217456778409766e+13;2.198090791940254688e+13;2.197959552693875391e+13;2.197823579369357031e+13;2.197682707114474219e+13;2.197536765753416406e+13;2.197385579643698438e+13;2.197228967530810156e+13;2.197066742401800781e+13;2.196898711336241016e+13;2.196724675356498047e+13;2.196544429276430078e+13;2.196357761548422656e+13;2.196164454110093359e+13;2.195964282229629688e+13;2.195757014350770703e+13;2.195542411937503125e+13;2.195320229318235547e+13;2.195090213530070312e+13;2.194852104164098047e+13;2.194605633210383203e+13;2.194350524904478516e+13;2.194086495574979297e+13;2.193813253492725000e+13;2.193530498721691016e+13;2.193237922972352734e+13;2.192935209457919531e+13;2.192622032752693359e+13;2.192298058654811328e+13;2.191962944052376172e+13;2.191616336793730469e+13;2.191257875562653516e+13;2.190887189758383203e+13;2.190503899381610547e+13;2.190107614926078906e+13
2.283901710414391016e+13;2.283897394728872656e+13;2.283892918137718750e+13;2.283888274648524609e+13;2.283883458046487500e+13;2.283878461885605469e+13;2.283873279480742188e+13;2.283867903898244531e+13;2.283862327947342188e+13;2.283856544169987109e+13;2.283850544831762891e+13;2.283844321910821094e+13;2.283837867088098047e+13;2.283831171735715234e+13;2.283824226906166016e+13;2.283817023320012109e+13;2.283809551353972656e+13;2.283801801028323438e+13;2.283793761993508984e+13;2.283785423516893359e+13;2.283776774468444531e+13;2.283767803306244922e+13;2.283758498061371875e+13;2.283748846322296484e+13;2.283738835218479688e+13;2.283728451403907812e+13;2.283717681039350391e+13;2.283706509774607812e+13;2.283694922729588281e+13;2.283682904475202734e+13;2.283670439013294922e+13;2.283657509755827734e+13;2.283644099503489453e+13;2.283630190423407422e+13;2.283615764026207031e+13;2.283600801142189844e+13;2.283585281896499609e+13;2.283569185683900781e+13;2.283552491142115625e+13;2.283535176124501953e+13;2.283517217671831641e+13;2.283498591983048047e+13;2.283479274384921875e+13;2.283459239300476953e+13;2.283438460217037500e+13;2.283416909652156250e+13;2.283394559119598438e+13;2.283371379092675781e+13;2.283347338967739844e+13;2.283322407025658594e+13;2.283296550392180859e+13;2.283269734996791406e+13;2.283241925530838672e+13;2.283213085403098438e+13;2.283183176695104297e+13;2.283152160114380859e+13;2.283119994946000781e+13;2.283086639002642188e+13;2.283052048573778516e+13;2.283016178371866797e+13;2.282978981477933984e+13;2.282940409284998047e+13;2.282900411439541016e+13;2.282858935781354688e+13;2.282815928281589453e+13;2.282771332978644531e+13;2.282725091912101172e+13;2.282677145054843750e+13;2.282627430242780469e+13;2.282575883102850000e+13;2.282522436978528906e+13;2.282467022853190234e+13;2.282409569271755078e+13;2.282350002258817188e+13;2.282288245235945703e+13;2.282224218935657422e+13;2.282157841313019531e+13;2.282089027455451953e+13;2.282017689489289453e+13;2.281943736484079297e+13;2.281867074355222266e+13;2.281787605762031250e+13;2.281705230005532422e+13;2.281619842922068750e+13;2.281531336774882422e+13;2.281439600142743359e+13;2.281344517806562891e+13;2.281245970632512500e+13;2.281143835453282031e+13;2.281037984945950391e+13;2.280928287507844141e+13;2.280814607129652344e+13;2.280696803265349609e+13;2.280574730700620703e+13;2.280448239417881250e+13;2.280317174459072656e+13;2.280181375786434766e+13;2.280040678140262109e+13;2.279894910895079688e+13;2.279743897913001562e+13;2.279587457395459375e+13;2.279425401732719141e+13;2.279257537351752734e+13;2.279083664562033203e+13;2.278903577399869141e+13;2.278717063471822266e+13;2.278523903795876172e+13;2.278323872642303516e+13;2.278116737373343359e+13;2.277902258282460547e+13;2.277680188432708203e+13;2.277450273495268750e+13;2.277212251587875781e+13;2.276965853113760547e+13;2.276710800600910938e+13;2.276446808542360547e+13;2.276173583238209375e+13;2.275890822638131250e+13;2.275598216186923438e+13;2.275295444671697266e+13;2.274982180071910938e+13;2.274658085412725781e+13;2.274322814621064453e+13;2.273976012386621484e+13;2.273617314026402734e+13;2.273246345354328516e+13;2.272862722556121094e+13;2.272466052069789844e+13
2.369170112435481250e+13;2.369165806458717188e+13;2.369161339931438672e+13;2.369156706874035547e+13;2.369151901084694141e+13;2.369146916131127344e+13;2.369141745342128125e+13;2.369136381798780469e+13;2.369130818325051953e+13;2.369125047478667578e+13;2.369119061541012109e+13;2.369112852506919141e+13;2.369106412074329688e+13;2.369099731633073047e+13;2.369092802253828125e+13;2.369085614675980078e+13;2.369078159295696875e+13;2.369070426153208203e+13;2.369062404919768750e+13;2.369054084883937109e+13;2.369045454937685547e+13;2.369036503561690625e+13;2.369027218810579297e+13;2.369017588296658984e+13;2.369007599174298828e+13;2.368997238122911719e+13;2.368986491329607812e+13;2.368975344471096094e+13;2.368963782695147266e+13;2.368951790601310938e+13;2.368939352220733984e+13;2.368926450995567969e+13;2.368913069757445703e+13;2.368899190705296484e+13;2.368884795382549219e+13;2.368869864652637109e+13;2.368854378675307031e+13;2.368838316880310156e+13;2.368821657941280469e+13;2.368804379748450391e+13;2.368786459380101562e+13;2.368767873073530469e+13;2.368748596194697656e+13;2.368728603206609375e+13;2.368707867637305078e+13;2.368686362045799609e+13;2.368664057987799609e+13;2.368640925979500781e+13;2.368616935460685547e+13;2.368592054756091797e+13;2.368566251035904688e+13;2.368539490274633984e+13;2.368511737208658203e+13;2.368482955292587500e+13;2.368453106653613281e+13;2.368422152045102734e+13;2.368390050797843750e+13;2.368356760770493750e+13;2.368322238297757031e+13;2.368286438137174219e+13;2.368249313414206641e+13;2.368210815565379688e+13;2.368170894279911328e+13;2.368129497439025781e+13;2.368086571053834375e+13;2.368042059200949609e+13;2.367995903956258984e+13;2.367948045326492578e+13;2.367898421178834766e+13;2.367846967168434375e+13;2.367793616663437500e+13;2.367738300668203125e+13;2.367680947743844922e+13;2.367621483926731250e+13;2.367559832644507812e+13;2.367495914629551562e+13;2.367429647830287500e+13;2.367360947319935938e+13;2.367289725202557812e+13;2.367215890516318359e+13;2.367139349135249219e+13;2.367060003666459766e+13;2.366977753347071094e+13;2.366892493936248438e+13;2.366804117605894141e+13;2.366712512828318359e+13;2.366617564260762109e+13;2.366519152627786719e+13;2.366417154600318750e+13;2.366311442672628516e+13;2.366201885035626172e+13;2.366088345448375391e+13;2.365970683106361328e+13;2.365848752507173047e+13;2.365722403313382812e+13;2.365591480213318359e+13;2.365455822778596094e+13;2.365315265319342578e+13;2.365169636737712500e+13;2.365018760377626953e+13;2.364862453873491406e+13;2.364700528996351953e+13;2.364532791497381250e+13;2.364359040950372656e+13;2.364179070591882812e+13;2.363992667159734375e+13;2.363799610730018359e+13;2.363599674552850781e+13;2.363392624887185547e+13;2.363178220833900391e+13;2.362956214169347656e+13;2.362726349177524219e+13;2.362488362482005469e+13;2.362241982878298828e+13;2.361986931166638672e+13;2.361722919984749609e+13;2.361449653641974609e+13;2.361166827954636719e+13;2.360874130082612891e+13;2.360571238368336328e+13;2.360257822178055859e+13;2.359933541745403516e+13;2.359598048018363672e+13;2.359250982509932031e+13;2.358891977152607812e+13;2.358520654156942578e+13;2.358136625875912500e+13;2.357739494673343359e+13
2.457443087423075781e+13;2.457438789954806641e+13;2.457434332246662500e+13;2.457429708330187500e+13;2.457424912014898828e+13;2.457419936880453125e+13;2.457414776267794922e+13;2.457409423270587891e+13;2.457403870725956641e+13;2.457398111205026953e+13;2.457392137003128906e+13;2.457385940129450391e+13;2.457379512296821875e+13;2.457372844910458203e+13;2.457365929056647266e+13;2.457358755491197266e+13;2.457351314627107422e+13;2.457343596521903906e+13;2.457335590864809375e+13;2.457327286962701953e+13;2.457318673726687500e+13;2.457309739656906641e+13;2.457300472828131250e+13;2.457290860873551172e+13;2.457280890968782812e+13;2.457270549815201562e+13;2.457259823622527734e+13;2.457248698090718359e+13;2.457237158391400000e+13;2.457225189148637500e+13;2.457212774418665625e+13;2.457199897669575781e+13;2.457186541759472266e+13;2.457172688914462109e+13;2.457158320705539844e+13;2.457143418025062109e+13;2.457127961061592969e+13;2.457111929274764062e+13;2.457095301368705859e+13;2.457078055264669922e+13;2.457060168072714062e+13;2.457041616062428125e+13;2.457022374632726562e+13;2.457002418280112500e+13;2.456981720566475781e+13;2.456960254085511719e+13;2.456937990427984375e+13;2.456914900145372266e+13;2.456890952713284766e+13;2.456866116492577734e+13;2.456840358689908984e+13;2.456813645316246875e+13;2.456785941144716406e+13;2.456757209666630469e+13;2.456727413045862109e+13;2.456696512072162891e+13;2.456664466112658984e+13;2.456631233061607422e+13;2.456596769288882812e+13;2.456561029586622656e+13;2.456523967113626172e+13;2.456485533339010938e+13;2.456445677983034766e+13;2.456404348956691016e+13;2.456361492298710156e+13;2.456317052111748438e+13;2.456270970494954297e+13;2.456223187475896875e+13;2.456173640939546484e+13;2.456122266555366797e+13;2.456068997702049609e+13;2.456013765390343750e+13;2.455956498182872656e+13;2.455897122112283594e+13;2.455835560596730469e+13;2.455771734352771484e+13;2.455705561305891797e+13;2.455636956498338281e+13;2.455565831994852734e+13;2.455492096785011328e+13;2.455415656683580078e+13;2.455336414227914062e+13;2.455254268572458984e+13;2.455169115380727344e+13;2.455080846714559375e+13;2.454989350920055859e+13;2.454894512511602344e+13;2.454796212052112891e+13;2.454694326030878906e+13;2.454588726738680469e+13;2.454479282139566797e+13;2.454365855740355469e+13;2.454248306456708203e+13;2.454126488477072266e+13;2.454000251123082031e+13;2.453869438707530469e+13;2.453733890389952344e+13;2.453593440028973438e+13;2.453447916032104297e+13;2.453297141203707812e+13;2.453140932589395703e+13;2.452979101318819922e+13;2.452811452446081641e+13;2.452637784787698047e+13;2.452457890758812500e+13;2.452271556207211328e+13;2.452078560245980859e+13;2.451878675084384766e+13;2.451671665856885547e+13;2.451457290451901562e+13;2.451235299338901562e+13;2.451005435394476172e+13;2.450767433728735156e+13;2.450521021510800781e+13;2.450265917794066406e+13;2.450001833342596094e+13;2.449728470457224219e+13;2.449445522803205078e+13;2.449152675238503516e+13;2.448849603644137500e+13;2.448535974756584766e+13;2.448211446002007422e+13;2.447875665333553906e+13;2.447528271072021484e+13;2.447168891749852734e+13;2.446797145959156250e+13;2.446412642204525781e+13;2.446014978760577734e+13
2.548809989880225000e+13;2.548805699770429297e+13;2.548801249688740234e+13;2.548796633676274219e+13;2.548791845552244922e+13;2.548786878906568359e+13;2.548781727090678125e+13;2.548776383209030859e+13;2.548770840109887500e+13;2.548765090376028516e+13;2.548759126314475000e+13;2.548752939946939453e+13;2.548746522998810156e+13;2.548739866888351172e+13;2.548732962715406250e+13;2.548725801249755859e+13;2.548718372918583203e+13;2.548710667794358984e+13;2.548702675581298047e+13;2.548694385602254297e+13;2.548685786784194531e+13;2.548676867644128125e+13;2.548667616273760547e+13;2.548658020323716016e+13;2.548648066987953516e+13;2.548637742986268359e+13;2.548627034547534766e+13;2.548615927391330078e+13;2.548604406709230078e+13;2.548592457145985547e+13;2.548580062779132812e+13;2.548567207098149219e+13;2.548553872983490625e+13;2.548540042683913672e+13;2.548525697793703906e+13;2.548510819228812891e+13;2.548495387201977344e+13;2.548479381197747266e+13;2.548462779945232812e+13;2.548445561391421875e+13;2.548427702672528125e+13;2.548409180084547656e+13;2.548389969053323828e+13;2.548370044102622656e+13;2.548349378822133984e+13;2.548327945833240234e+13;2.548305716754901562e+13;2.548282662167075391e+13;2.548258751573875391e+13;2.548233953364828125e+13;2.548208234775125391e+13;2.548181561844398047e+13;2.548153899374237109e+13;2.548125210884158594e+13;2.548095458566001172e+13;2.548064603236978125e+13;2.548032604291012109e+13;2.547999419648632031e+13;2.547965005705139453e+13;2.547929317276762891e+13;2.547892307545651953e+13;2.547853928002612109e+13;2.547814128388086328e+13;2.547772856631094531e+13;2.547730058786992188e+13;2.547685678971892578e+13;2.547639659296351562e+13;2.547591939796069141e+13;2.547542458360789844e+13;2.547491150661180859e+13;2.547437950072922266e+13;2.547382787599042578e+13;2.547325591789479297e+13;2.547266288658886719e+13;2.547204801600729688e+13;2.547141051300364062e+13;2.547074955644796875e+13;2.547006429629580078e+13;2.546935385263720312e+13;2.546861731471659766e+13;2.546785373992184766e+13;2.546706215275180859e+13;2.546624154375271875e+13;2.546539086842446484e+13;2.546450904610071875e+13;2.546359495880036328e+13;2.546264745004892969e+13;2.546166532367044141e+13;2.546064734254894141e+13;2.545959222736364453e+13;2.545849865528935938e+13;2.545736525867353906e+13;2.545619062367583984e+13;2.545497328888473047e+13;2.545371174390443359e+13;2.545240442790578125e+13;2.545104972815633594e+13;2.544964597851945703e+13;2.544819145792259766e+13;2.544668438880312109e+13;2.544512293552451953e+13;2.544350520276557031e+13;2.544182923389140234e+13;2.544009300928892578e+13;2.543829444469552734e+13;2.543643138948941797e+13;2.543450162497362109e+13;2.543250286263303906e+13;2.543043274238088672e+13;2.542828883078394922e+13;2.542606861928047656e+13;2.542376952238564453e+13;2.542138887588512891e+13;2.541892393502994531e+13;2.541637187271977344e+13;2.541372977769232422e+13;2.541099465271197656e+13;2.540816341276412500e+13;2.540523288325783984e+13;2.540219979824482031e+13;2.539906079864962500e+13;2.539581243052128906e+13;2.539245114331057031e+13;2.538897328817428516e+13;2.538537511630894141e+13;2.538165277732673438e+13;2.537780231766775781e+13;2.537381967906117969e+13
2.643362741173263281e+13;2.643358457322926953e+13;2.643354013728070703e+13;2.643349404437662109e+13;2.643344623279326172e+13;2.643339663851411719e+13;2.643334519514094141e+13;2.643329183381121484e+13;2.643323648309989453e+13;2.643317906893078906e+13;2.643311951447692578e+13;2.643305774005585938e+13;2.643299366302780078e+13;2.643292719768629297e+13;2.643285825514236328e+13;2.643278674320809766e+13;2.643271256627674609e+13;2.643263562519560547e+13;2.643255581713434375e+13;2.643247303544989453e+13;2.643238716954819531e+13;2.643229810473576562e+13;2.643220572207126562e+13;2.643210989820859375e+13;2.643201050523401953e+13;2.643190741050062109e+13;2.643180047645269531e+13;2.643168956044771484e+13;2.643157451456818750e+13;2.643145518542919922e+13;2.643133141397805859e+13;2.643120303528788672e+13;2.643106987834332812e+13;2.643093176581555859e+13;2.643078851383656250e+13;2.643063993175678125e+13;2.643048582189956250e+13;2.643032597930761328e+13;2.643016019147456641e+13;2.642998823807402734e+13;2.642980989067576562e+13;2.642962491244848047e+13;2.642943305786351172e+13;2.642923407237244141e+13;2.642902769208502734e+13;2.642881364343384766e+13;2.642859164282278516e+13;2.642836139626917188e+13;2.642812259902966016e+13;2.642787493521418359e+13;2.642761807738715234e+13;2.642735168615485938e+13;2.642707540973926562e+13;2.642678888353725000e+13;2.642649172966175000e+13;2.642618355647322266e+13;2.642586395809348438e+13;2.642553251389692578e+13;2.642518878799612891e+13;2.642483232870026562e+13;2.642446266796326953e+13;2.642407932080761719e+13;2.642368178473324219e+13;2.642326953910757031e+13;2.642284204453271484e+13;2.642239874219608203e+13;2.642193905319574219e+13;2.642146237785177344e+13;2.642096809498646875e+13;2.642045556119117188e+13;2.641992411006267969e+13;2.641937305142280078e+13;2.641880167050791406e+13;2.641820922714216016e+13;2.641759495487442578e+13;2.641695806010200391e+13;2.641629772115708203e+13;2.641561308737871875e+13;2.641490327814563672e+13;2.641416738189006250e+13;2.641340445508164844e+13;2.641261352118057812e+13;2.641179356956612109e+13;2.641094355443189062e+13;2.641006239365803516e+13;2.640914896764437109e+13;2.640820211812003516e+13;2.640722064692325391e+13;2.640620331474850781e+13;2.640514883986042188e+13;2.640405589678360547e+13;2.640292311495451953e+13;2.640174907734605078e+13;2.640053231906318750e+13;2.639927132590146875e+13;2.639796453288264453e+13;2.639661032275467188e+13;2.639520702446332812e+13;2.639375291159332422e+13;2.639224620078375781e+13;2.639068505010954688e+13;2.638906755744148047e+13;2.638739175877558594e+13;2.638565562653454297e+13;2.638385706785009375e+13;2.638199392281652734e+13;2.638006396272528125e+13;2.637806488827803125e+13;2.637599432777366016e+13;2.637384983529180859e+13;2.637162888884534766e+13;2.636932888853332422e+13;2.636694715466605078e+13;2.636448092589955078e+13;2.636192735734864453e+13;2.635928351870310938e+13;2.635654639234405859e+13;2.635371287145561328e+13;2.635077975814944531e+13;2.634774376159616797e+13;2.634460149616261719e+13;2.634134947957498047e+13;2.633798413109722266e+13;2.633450176973068750e+13;2.633089861244952344e+13;2.632717077246142578e+13;2.632331425751143750e+13;2.631932496822457031e+13
